Cognate_ID	Kayah	Kayan	Kayaw	NorthernPao	NorthernPwo	NorthernSgaw	ProtoKaren	SouthernPao	SouthernPwo	SouthernSgaw	WesternBwe
1.0_1_allallgonewhole	l ɔ ³³	l ɔ ʔ ³³	l ə ³³	l o ʔ ⁴⁵	l au ʔ ²¹	l u ʔ ²¹	l o ʔ̚ ⁵¹	l u ʔ ⁴⁵	l ɔu ʔ ⁴⁵	l ɔu ¹¹	
10.0_10_bamboostrip	s e ³³	θ a ⁵³	s a ⁵⁵	s a ɦ ³¹	s j a ³⁵	ɕ ɣ a ³³	s r a ⁵⁵	s a ɦ ³¹	θ a ⁵³	ɕ ɣ a ⁵⁵	θ r ɛ ⁵⁵
100.0_100_eggplant	k ɛ ¹¹	k a ŋ ³³	k ɔ ³³			s ə ¹¹ + k ɔ ³³	s ə ⁰ + g a ŋ ⁵⁵			k ɔ ³³	
101.0_101_eight		cʰ au ʔ ⁴⁵	x ɔ ¹¹	s ə t ²¹	x o ʔ ²¹	x ɔ ʔ ⁴⁵	kʰ r ɔ t ⁵¹	s ɔ t ²¹	x u ʔ ⁴⁵	x o ʔ ²¹	
102.0_102_elephant	cʰ ɛ ³³	cʰ a ŋ ⁵³	r ɔ ¹¹ + cʰ ɔ ⁵⁵	cʰ a ŋ ɦ ³¹	k a ¹¹ + cʰ ɛ̃ ³⁵	k ə ¹¹ + cʰ ɔ̃ ³³	k ə ⁰ + cʰ a ŋ ⁵⁵	cʰ a ŋ ɦ ³¹	k ə ¹¹ + cʰ ɔ̃ ⁵³	k ə ¹¹ + cʰ ɔ ⁵⁵	ʃ a ⁵⁵
103.0_103_embracehug	pʰ ɛ ⁵⁵		pʰ o ³³	pʰ ɔ ʔ ²¹	pʰ o ʔ ⁴⁵	pʰ ɔ ʔ ⁴⁵	pʰ ɔ ʔ̚ ⁵¹		pʰ u ʔ ²¹	pʰ o ʔ ²¹	pʰ ɔ ³³
104.0_104_enter	n o ³³		n u ³³		n aə ʔ ²¹	n ɨ ʔ ²¹	n ə ʔ ⁵¹	n ə ʔ ⁴⁵		n əu ɦ ¹¹	n u ¹¹
105.0_105_exertforcingtoexpel	cʰ ɨ ³³	cʰ w a ŋ ⁵³	cʰ u ⁵⁵	cʰ ə ŋ ɦ ³¹		cʰ u ³³	cʰ u ɴ ⁵⁵	cʰ w ə m ³¹			
106.0_106_extinguishtv	p i ³³	p ɨ ʔ ²¹	p i ³³	p e ʔ ²¹	pʰ ai ʔ ²¹	pʰ i ʔ ⁴⁵	p i ʔ̚ ⁵¹	p i ʔ ²¹	pʰ ai ʔ ⁴⁵	p ai ɦ ¹¹	b ɪ ¹¹
107.0_107_eyeface				m ɛ ʔ ⁴⁵	m e ʔ ²¹	m ɛ ʔ ²¹	m ɛ ʔ̚ ⁵¹	m ɛ ʔ ⁴⁵	m e ʔ ⁴⁵	m ɛ ɦ ¹¹	
108.0_108_falldown	t a ³³	t ɛ ʔ ²¹	t e ³³	tʰ ɛ ʔ ⁴⁵	tʰ e ʔ ²¹	t ɛ ʔ ²¹	d ɛ ʔ̚ ⁵¹	t ɛ ʔ ⁴⁵	tʰ e ʔ ⁴⁵	t ɛ ɦ ¹¹	d e ¹¹
109.0_109_fatadj	b ɨ ¹¹	b w a ŋ ¹¹	b u ¹¹	p l ə ŋ ⁵⁵	b ɑ̃ ³³	b ɔ̃ ³¹	ˀb l u ŋ ¹¹	p w ə ŋ ³³	b õ ⁵⁵	b ɔ ⁴⁵	ɓ ʊ ³³
11.0_11_bambooshoot	b ɛ ¹¹	b a ŋ ¹¹	b ɔ ¹¹	b a ŋ ⁵⁵	b ɛ̃ ³³	b ɔ̃ ³¹	ˀb a ŋ ¹¹	b a ŋ ³³	b ɔ̃ ⁵⁵	b ɔ ⁴⁵	ɓ a ³³
110.0_110_featherfurbodyhair	ɕ ɨ ¹¹	cʰ w a ŋ ¹¹	ɕ u ¹¹	cʰ ə n ⁵⁵	cʰ ɑ̃ ³³	cʰ ũ ³¹	cʰ u ɴ ¹¹	cʰ w ə m ³³	cʰ õ ⁵⁵	cʰ u ⁴⁵	ʃ ʊ ³³
111.0_111_feelfullaftereating	k ɔ ⁵⁵	k ə ʔ ⁴⁵	k ə ³³	k ə ʔ ²¹	k aə ʔ ⁴⁵		k ə ʔ̚ ⁵¹	k ə ʔ ²¹			
112.0_112_femalewoman	m ɔ ¹¹	m ɨ ¹¹	m ɨ ¹¹	m ɨ ⁵⁵	m əɨ̯ ³³	m ɨ ³¹	m̥ ɨ ¹¹	m ɨ ³³	m ɨ ⁵⁵	m ɨ ⁴⁵	m o ³³
113.0_113_femalehumansmother	m u ¹¹	m u ¹¹	m u ¹¹	m u ⁵³	m u ɦ ¹¹	m u ɦ ¹¹	m u ¹¹	m u ⁵⁵	m u ³³	m u ³¹	b o ¹¹ + m u ³³
114.0_114_fire	m i ¹¹	m ai ¹¹	m i ¹¹	m e ⁵⁵	m i ³³	m e ³¹	m̥ e ¹¹	m e ³³	m i ⁵⁵	m e ⁴⁵	m ɪ ³³
115.0_115_fish	t e ³³	t a ʔ ²¹	t ɔ ³³	tʰ a ʔ ⁴⁵			d a ʔ̚ ⁵¹	t a ʔ ⁴⁵			d a ¹¹ + pʰ o ³³
116.0_116_five	ŋ ɛ ³³	ŋ ɛ ʔ ²¹	j ɛ ³³	ŋ a t ⁴⁵	j ɛ ɦ ¹¹	j ɛ ɦ ¹¹	ŋ j a t̚ ⁵¹	n a p ⁴⁵	j ɛ ³³	j ɛ ³¹	j ɛ ¹¹
117.0_117_flankrib	r ɔ ³³	r ə ʔ ²¹	r ə ³³	r ə ʔ ⁴⁵	ɣ aə ʔ ²¹	ɣ u ʔ ²¹	r ə ʔ̚ ⁵¹	r ə ʔ ⁴⁵	ɣ aə ʔ ⁴⁵	ɣ əɨ̯ ¹¹	
118.0_118_flat		b j a ¹¹		p j a ⁵⁵	p a ³³	b i ³¹	p j a ¹¹	p j a ³³	b ai ⁵⁵		ɓ e ³³ + ɓ a ³³
119.0_119_flea	kʰ l a ⁵⁵	kʰ l i ʔ ⁴⁵	kʰ l e ³³	kʰ l i ɦ ³¹	kʰ l ei ³⁵	kʰ l i ⁵⁵	kʰ l i ⁵⁵		kʰ l ei ⁵³	kʰ l i ⁵⁵	kʰ l e ³³
12.0_12_barknleatherskin	pʰ a ⁵⁵		pʰ e ³³	pʰ e ʔ ²¹	pʰ ai ʔ ⁴⁵	pʰ i ʔ ⁴⁵	pʰ e ʔ̚ ⁵¹		pʰ ai ʔ ³¹	pʰ ai ʔ ²¹	pʰ e ³³
120.0_120_fleshmeat	j a ¹¹	ɟ a ¹¹	j a ¹¹	j a ⁵⁵	j a ³³	ɲ a ³¹	ɲ̊ a ¹¹	j a ³³	j a ⁵⁵	ɲ a ⁴⁵	
121.0_121_flower	pʰ o ³³	pʰ au ⁵³	pʰ o ⁵⁵		pʰ ɔ ³⁵	pʰ ɔ ³³	pʰ ɔ ⁵⁵		pʰ ɔ ⁵³	pʰ ɔ ⁵⁵	pʰ ɔ ⁵⁵
122.0_122_forget	p a ¹¹	p e ³³	p e ³³	pʰ e ŋ ³³			s ə ⁰ + b e ŋ ⁵⁵	p e ŋ ⁵³		p i ³³	
123.0_123_forestjungle	k l e ³³		k l a ⁵⁵	k l a ɦ ³¹	k l a ⁵⁵	p ɣ a ɦ ¹¹ + l a ʔ ⁴⁵ + k l a ʔ ⁴⁵	k l a ⁵⁵	k l a ɦ ³¹	k l a ɦ ³¹	k l a ⁵⁵	
124.0_124_four	l w i ³³	l w i ⁵³	l i ⁵⁵	l i p ⁴⁵	l w i ɦ ¹¹	l w i ɦ ¹¹		l i p ⁴⁵	l ei ³³	l w i ³¹	l u ⁵⁵
125.0_125_foxwolf	tʰ w i ¹¹ + m i ¹¹	tʰ w i ¹¹ + m i ³³	tʰ i ¹¹ + m i ³³	tʰ w i ⁵⁵ + m i ³³		tʰ w i ³¹ + m i ³³	tʰ w i ¹¹ + m i ⁵⁵	tʰ w i ³³ + m i ⁵³	tʰ w i ⁵⁵ + m e̤i ³¹	tʰ w i ⁴⁵ + m i ³³	
126.0_126_frog	d i ¹¹	d ai ¹¹	d i ¹¹	d e ⁵⁵	d i ³³	d e ³¹	ˀd e ¹¹	d e ³³	d i ⁵⁵	d e ⁴⁵	ɗ i ³³
127.0_127_front	ŋ e ³³	ŋ a ⁵³		ŋ a ɦ ³¹		ɲ a ³³	ŋ̊ a ⁵⁵	ŋ a ɦ ³¹		ɲ a ⁵⁵	
128.0_128_fruit	s e ¹¹	θ a ¹¹	s a ¹¹		s a ³³	s a ³¹	s a ¹¹		θ a ⁵⁵	s a ⁴⁵	θ ɛ ³³
129.0_129_full	b a ³³	b w ɛ ⁵³	b ɛ ⁵⁵	b w ɛ ɦ ³¹		p ɣ ɛ ³³	p w ɛ ⁵⁵	b w ɛ ɦ ³¹			p w e ⁵⁵
13.0_13_bat	p l e ¹¹	b l a ¹¹	p l a ¹¹	p l a ɦ ³¹	pʰ l a ³³	b l a ³³	p l a ⁵⁵	p l a ɦ ³¹	pʰ l a ⁵⁵	b l a ⁵⁵	p l ɛ ¹¹
130.0_130_ginger	ʔ a ³³	ʔ e ⁵³	ʔ e ⁵⁵	ʔ e ŋ ɦ ³¹	ʔ ãi ⁵⁵	s ə ¹¹ + ʔ e ³³	ʔ e ŋ ⁵⁵	ʔ e ŋ ɦ ³¹	ʔ ɛ̃i ɦ ³¹	ʔ i ⁵⁵	θ ə ⁵⁵ + e ⁵⁵
131.0_131_go		l ɛ ³³	l ɛ ³³	l w ɛ ³³	l e ⁵⁵	l ɛ ³³	l w ɛ ⁵⁵	l w ɛ ⁵³	l e ɦ ³¹	l ɛ ³³	l e ³³
132.0_132_grasshopper		d w ɛ ¹¹	d ɛ ¹¹	d w ɛ ⁵⁵	tʰ w ɛ ³³	d w ɛ ³¹	ˀd w ɛ ¹¹	d w ɛ ³³	tʰ w e ⁵⁵	d w ɛ ⁴⁵	ɗ ɛ ³³
133.0_133_grandchild	l ə ¹¹		l i ³³	l i ³³	l ei ⁵⁵	l i ³³	l ei ⁵⁵	l i ⁵³	l ei ɦ ³¹	l i ³³	l i ¹¹
134.0_134_greatgrandchild	l u ¹¹	l au ³³	l u ³³		l u ⁵⁵	l o ³³	l o ⁵⁵	l o ⁵³	l u ɦ ³¹	l u ³³	
135.0_135_greatgreatgandchild	l e ¹¹	l a ³³	l a ³³	l a ³³	l a ⁵⁵	l a ³³	l a ⁵⁵	l a ⁵³	l a ɦ ³¹	l a ³³	
136.0_136_hairhead	kʰ u ⁵⁵ + l u ¹¹	k a ʔ ²¹ + l u ³³	kʰ u ¹¹ + l u ³³	k a ʔ ⁴⁵ + l u ³³	kʰ u ³³ + s u ³⁵	kʰ u ³¹ + s u ³³	kʰ u ¹¹ + l u ⁵⁵	k a ³³ + l u ⁵³		kʰ u ⁴⁵ + s u ⁵⁵	kʰ u ⁵⁵ + l u ⁵⁵
137.0_137_handle	t u ¹¹		t u ¹¹	tʰ o ⁵³	tʰ u ɦ ¹¹	t o ɦ ¹¹	d o ¹¹	t o ⁵⁵	tʰ u ³³	t u ³¹	d o ³³
138.0_138_hat	k l o ¹¹	k l ɔ ¹¹	k l ə ¹¹	k l o ŋ ⁵⁵			k l ə ŋ ¹¹	k l o ŋ ³³			k l o ³³ + pʰ l a ³³
139.0_139_hawkeagle	l a ³³	l i ʔ ²¹	l e ³³	l e ʔ ⁴⁵	l ai ʔ ²¹	l i ʔ ²¹	l e k̚ ⁵¹	l e k ⁴⁵	l ai ʔ ⁴⁵	l ai ɦ ¹¹	l e ¹¹
14.0_14_bathe	l o ¹¹		l u ¹¹	l u ⁵⁵	l ou ³³	l ɨ ɦ ¹¹	l̥ ou ¹¹	l u ³³	l ou ⁵⁵	l ɨ ⁴⁵	
140.0_140_havebeexiststaythereis	ʔ o ¹¹	ʔ au ¹¹	ʔ o ¹¹	ʔ au ⁵⁵	ʔ ɔ ³³	ʔ o ³¹	ʔ ɔ ¹¹	ʔ au ³³	ʔ o ⁵⁵	ʔ u ⁴⁵	ɔ ³³
141.0_141_head	k l ɔ ⁵⁵	k l ə ʔ ⁴⁵	k l ɨ ³³	k l ə ʔ ²¹ + t u ⁵⁵			k l ə ʔ̚ ⁵¹	k l ə ʔ ²¹ + t u ³³			k l u ³³ + k o ³³
142.0_142_heart	s e ⁵⁵	θ a ʔ ⁴⁵	s ɔ ³³	s a ʔ ²¹	s a ʔ ⁴⁵	s a ʔ ⁴⁵	s a ʔ̚ ⁵¹	s a ʔ ²¹	θ a ʔ ²¹	s a ʔ ²¹	θ a ³³
143.0_143_heavy	tʰ o ¹¹	tʰ əɨ ¹¹	tʰ ə ¹¹	tʰ ɨ ⁵⁵			tʰ ə ¹¹	tʰ ɨ ³³			tʰ o ³³
144.0_144_hemp	s o ¹¹	θ au ¹¹	s o ¹¹	s au ⁵⁵	ɕ j ɔ ³³	ɕ ɣ ɔ ³¹	s r ɔ ¹¹	ɕ au ³³	θ o ⁵⁵	ɕ ɣ ɔ ⁴⁵	θ r ɔ ³³
145.0_145_hip	k l e ¹¹	k a ŋ ¹¹ + k ɨ ¹¹	k ɔ ¹¹		k w ã ɦ ¹¹	kʰ i ³³ + k ɔ̃ ɦ ¹¹	g l a m ¹¹	k w a m ⁵⁵	kʰ w ɔ̃ ³³	k ɔ ³¹	
146.0_146_hithardwithafist	t ɔ ¹¹	t əu ¹¹	t ə ¹¹	tʰ o ŋ ⁵³	tʰ ãu ɦ ¹¹	t ə̃ ɦ ¹¹	d o ŋ ¹¹	t o ŋ ⁵⁵			d o ³³
147.0_147_horn	n ɔ ¹¹	n əu ³³	n ə ¹¹	n o ŋ ³³	n ãu ⁵⁵	n ə̃ ³³	n o ŋ ⁵⁵	n o ŋ ⁵³	n õu ɦ ³¹	n ɨ ³³	n o ¹¹
148.0_148_hornet	pʰ l ɨ ³³	pʰ r ɨ ⁵³	pʰ r ɨ ⁵⁵	pʰ r ɨ m ɦ ³¹	pʰ l ɑ̃ ³⁵	pʰ l ə ³³	pʰ r ɨ ɴ ⁵⁵	pʰ r ɨ n ɦ ³¹	pʰ l ə̤̃ɨ ⁵³	pʰ l ɨ ⁵⁵	pʰ l u ⁵⁵
149.0_149_horse	s i ⁵⁵	θ i ʔ ⁴⁵	s i ³³ + r i ³³	s e ɦ ³¹	k a ʔ ²¹ + s i ³³	k ə ³³ + s e ɦ ¹¹	k ə ʔ ⁰ + s r e ³³	s e ɦ ³¹	k ə ¹¹ + θ i ⁵⁵	k ə ¹¹ + s e ⁴⁵	θ r ɪ ³³
15.0_15_bearanimal	tʰ e ³³	tʰ a ŋ ⁵³	tʰ ɔ ⁵⁵	tʰ a m ɦ ³¹	tʰ ã ³⁵		tʰ a m ⁵⁵	tʰ a m ɦ ³¹	tʰ ɔ̃ ⁵³		tʰ ɛ ⁵⁵
150.0_150_hundred	j e ¹¹	j a ³³	j a ³³	r j a ³³	j a ⁵⁵	k ə ¹¹ + j a ³³	g ə ⁰ + r j a ⁵⁵	r j a ⁵³	j a ɦ ³¹	k ə ¹¹ + j a ³³	g ə ³³ + j ɛ ³³
151.0_151_husband	w e ¹¹	g w a ³³	w a ³³	w a ³³	w a ⁵⁵	w a ³³	g w a ⁵⁵	w a ⁵³	w a ɦ ³¹	w a ³³	w ɛ ³³
152.0_152_illpainfulsick	cʰ e ³³	cʰ a ⁵³	cʰ a ⁵⁵	cʰ a ɦ ³¹	cʰ a ³⁵	cʰ a ³³	cʰ a ⁵⁵	cʰ a ɦ ³¹	cʰ a ⁵³	cʰ a ⁵⁵	ʃ ɛ ⁵⁵
153.0_153_insect	kʰ r e ¹¹	c a ¹¹	c a ¹¹	s a ⁵³	x a ɦ ¹¹	x a ɦ ¹¹	g r a ¹¹	ɕ a ⁵⁵	x a ³³	x a ³¹	
154.0_154_intestines	pʰ r a ³³	p r i ʔ ²¹	p r e ³³	pʰ r e ʔ ⁴⁵	p ɣ ai ʔ ²¹	p ɣ i ʔ ²¹	b r e ʔ̚ ⁵¹	pʰ r i ʔ ⁴⁵	p ɣ ai ʔ ⁴⁵	p ɣ ai ɦ ¹¹	b w i ¹¹
155.0_155_iron	tʰ e ⁵⁵	tʰ a ʔ ⁴⁵	tʰ ɔ ³³	tʰ a ʔ ²¹	tʰ a ʔ ⁴⁵	tʰ a ʔ ⁴⁵	tʰ a ʔ̚ ⁵¹	tʰ a ʔ ²¹	tʰ a ʔ ²¹	tʰ a ʔ ²¹	tʰ a ³³
156.0_156_itchy	s e ⁵⁵	θ a ʔ ⁴⁵	s ɔ ³³	s a ʔ ²¹	s a ʔ ⁴⁵	s a ʔ ⁴⁵	s a ʔ̚ ⁵¹	s a ʔ ²¹	θ a ʔ ²¹	s a ʔ ²¹	θ a ³³
157.0_157_kidney	l i ¹¹	l ai ¹¹	l i ¹¹	l e ⁵³	l i ɦ ¹¹	k ə ³³ + l e ɦ ¹¹	k ə ⁰ + l e ¹¹		l i ³³	k ə ¹¹ + l e ³¹	l i ³³ + θ ɛ ³³
158.0_158_leaf	l e ¹¹	l a ¹¹	l a ¹¹	l a ⁵⁵	l a ³³	l a ³¹	l̥ a ¹¹	l a ³³	l a ⁵⁵	l a ⁴⁵	l ɛ ³³
159.0_159_leechland	s w e ⁵⁵	θ a ʔ ⁴⁵	s ɔ ³³	w a ʔ ²¹	w a ʔ ²¹	s a ʔ ⁴⁵	s w a ʔ̚ ⁵¹	w a ʔ ²¹	w a ʔ ⁴⁵	s a ʔ ²¹	
16.0_16_bedbug	kʰ r ɛ ¹¹	c a ŋ ³³	c ɔ ³³	s a m ³³		x ɔ ³³	g r a m ⁵⁵	s a m ⁵³		x ɔ ³³	
160.0_160_leechwater			s u ¹¹ + l i ³³		l ei ⁵⁵	s ə ¹¹ + l i ³³	k ə ⁰ + l ei ⁵⁵		l ei ɦ ³¹	t ə ¹¹ + l i ³³	g ə ³³ + l ɪ ³³
161.0_161_leftside	c i ¹¹	c ai ¹¹	c i ¹¹	c e ⁵⁵	c i ³³	c e ³¹	c e ¹¹	c e ³³	c i ⁵⁵	c e ⁴⁵	c ɪ ³³
162.0_162_leg	kʰ ɛ ¹¹	kʰ a ŋ ¹¹	kʰ ɔ ¹¹	kʰ a ŋ ⁵⁵	kʰ ɛ̃ ³³	kʰ ɔ̃ ³¹	kʰ a ŋ ¹¹	kʰ a ŋ ³³	kʰ ɔ̃ ⁵⁵	kʰ ɔ ⁴⁵	kʰ a ³³
163.0_163_lemurflyingflyingsquirrel	p l a ³³		p l e ³³	pʰ l i ʔ ²¹	pʰ l ai ʔ ²¹	p l i ʔ ⁴⁵	p l e ʔ̚ ⁵¹		pʰ l ai ʔ ⁴⁵	p l ai ɦ ¹¹	b l i ³³
164.0_164_lickv		l ai ¹¹	l i ¹¹			l e ³¹	l̥ ai ¹¹	l ai ³³	l ai ⁵⁵	l i ⁴⁵	l i ³³
165.0_165_liedownsleep	m ə ³³	m ai ⁵³	m i ⁵⁵		m ei ³⁵	m i ³³	m̥ ei ⁵⁵		m ei ⁵³	m i ⁵⁵	ʃ ɔ ⁵⁵ + m i ⁵⁵
166.0_166_lightweight	pʰ w i ³³	pʰ w i ⁵³	pʰ i ⁵⁵	pʰ w i ɦ ³¹	kʰ w i ³⁵	pʰ ɣ i ³³	pʰ w i ⁵⁵	pʰ w i ɦ ³¹	kʰ w i ⁵³	pʰ ɣ i ⁵⁵	pʰ w i ⁵⁵
167.0_167_linearmeasureofabout89inchesaspan	tʰ e ³³	tʰ a ⁵³		tʰ a ɦ ³¹	tʰ a ³⁵	tʰ a ³³	tʰ a ⁵⁵	tʰ a ɦ ³¹	tʰ a ⁵³	tʰ a ⁵⁵	
168.0_168_linearmeasureofabouthalfayardclosedhand	p l e ¹¹	p l a ¹¹	p l a ¹¹		pʰ l a ɦ ¹¹	p l a ɦ ¹¹	b l a ¹¹		pʰ l a ³³	p l a ³¹	
169.0_169_linearmeasureofabouthalfayardopenhand	t ɨ ¹¹	t ɨ ³³	t ɨ ³³	tʰ o m ³³	tʰ ɑ̃ ⁵⁵	t ə ³³	d ɨ m ⁵⁵	t ə m ⁵³	tʰ ə̤̃ɨ ³¹	t ɨ ³³	
17.0_17_beeapiscerana	w ɛ ⁵⁵	h w ɛ ʔ ⁴⁵	h w ɛ ³³	w a t ²¹	k w ɛ ⁵⁵	k w ɛ ⁴⁵	k w a t̚ ⁵¹	w a p ²¹	k w ɛ ɦ ³¹	k w ɛ ⁵⁵	w ɛ ³³
170.0_170_linearmeasureofabouttwoyards	kʰ l i ³³	kʰ l a ŋ ⁵³		kʰ l ɛ m ɦ ³¹	kʰ l ãi ³⁵	kʰ l i ³³	kʰ l ɛ ɴ ⁵⁵	kʰ l ɛ ŋ ɦ ³¹	kʰ l ãi ⁵³	kʰ l i ⁵⁵	
171.0_171_listento		n a ¹¹	n a ¹¹	n a ⁵⁵	n a ³³	k ə ³³ + n a ³¹	n̥ a ¹¹	n a ³³	n a ⁵⁵	n a ⁴⁵	ʃ ɔ ⁵⁵ + n ɛ ³³
172.0_172_livestay	ʔ o ¹¹	ʔ au ¹¹	ʔ o ¹¹	ʔ o ŋ ⁵⁵	ʔ ɔ̃ ³³	ʔ õ ³¹	ʔ ɔ ɴ ¹¹	ʔ o ŋ ³³	ʔ õ ⁵⁵	ʔ u ⁴⁵	ɔ ³³
173.0_173_liver	s o ¹¹	θ ɨ ¹¹	β ʉ ¹¹	s ɨ n ⁵⁵	s ɑ̃ ³³	s ũ ³¹	s w ɨ n ¹¹	s w ə n ³³	θ ə̤̃ɨ ⁵⁵	s u ⁴⁵	θ u ⁵⁵ + θ a ³³
174.0_174_longoftime	ŋ j a ³³	ŋ i ʔ ³³	j i ³³	ŋ j a ʔ ⁴⁵	j ai ʔ ²¹	j i ʔ ²¹	ŋ j a ʔ̚ ⁵¹	ŋ j a ʔ ⁴⁵	j ai ʔ ⁴⁵	j ai ʔ ɦ ¹¹	j ɪ ¹¹
175.0_175_longoflengthtallhigh	tʰ u ³³	tʰ au ⁵³	tʰ u ⁵⁵	tʰ o ɦ ³¹	tʰ ɔ ³⁵	tʰ ɔ ³³	tʰ au ⁵⁵	tʰ o ɦ ³¹	tʰ o ⁵³	tʰ ɔ ⁵⁵	tʰ o ⁵⁵
176.0_176_lookafterthings	p o ¹¹	b əɨ ¹¹	p ə ¹¹	p ə ⁵⁵			p ə ¹¹	p ə ³³			b o ³³ + i ⁵⁵
177.0_177_loris	cʰ ɔ ³³	cʰ ə ŋ ⁵³	cʰ ə ⁵⁵		cʰ ãi ³⁵	k ə ¹¹ + cʰ e ³³	k ə ⁰ + cʰ ə ŋ ⁵⁵		k ə ¹¹ + cʰ ɛ̃i ⁵³	t a ¹¹ + cʰ i ⁵⁵	
178.0_178_lousechickeninsect	cʰ ɛ ³³ + kʰ r e ¹¹	ɕ a ŋ ⁵³ + c a ¹¹	ɕ ɔ ⁵⁵ + c a ¹¹	ɕ j a n ɦ ³¹ + s a ⁵³	cʰ ɛ̃ ³⁵ + x a ɦ ¹¹	cʰ ɔ ³³ + x a ɦ ¹¹	cʰ j a ɴ ⁵⁵ + g r a ¹¹	ɕ j a n ɦ ³¹ + ɕ a ⁵⁵	cʰ ɔ̃ ⁵³ + x a ³³	cʰ ɔ ⁵⁵ + x a ³¹	
179.0_179_lousehead	s o ¹¹	θ ɨ ¹¹	s ɨ ¹¹	s ɨ ⁵⁵	s ɑ̃ ³³	s ũ ³¹	s w ɨ ɴ ¹¹	s ɨ ³³	θ ə̃ɨ̯ ⁵⁵	s u ⁴⁵	θ o ¹¹
18.0_18_beeapisdorsata	n i ³³	n ai ⁵³	n i ⁵⁵	n e ɦ ³¹	n i ³⁵	k ə ¹¹ + n ɛ ³³	k ə ⁰ + n̥ e ⁵⁵	n e ɦ ³¹	n i ⁵³	n ɛ ⁵⁵	n ɪ ³³
180.0_180_lung	s u ¹¹	θ au ¹¹	s u ¹¹		s u ʔ ⁴⁵	p ə ³³ + s o ³¹	p ə ⁰ + s o ¹¹		p u ³³ + θ u ʔ ²¹	s u ⁴⁵	θ ə ⁵⁵ + o ⁵⁵
181.0_181_maggot	l ɔ ¹¹	l əu ¹¹	l ə ¹¹	l o ŋ ⁵⁵	l ãu ³³	l ə̃ ³¹	l̥ o ŋ ¹¹	l o ŋ ³³	l õu ⁵⁵	l ɨ ⁴⁵	l o ³³
182.0_182_maleofanimalsfather	pʰ e ³³	pʰ a ⁵³	pʰ a ⁵⁵	pʰ a ɦ ³¹	pʰ a ³⁵	pʰ a ³³	pʰ a ⁵⁵	pʰ a ɦ ³¹	pʰ a ⁵³	pʰ a ⁵⁵	
183.0_183_manmale	kʰ w u ³³	kʰ w au ⁵³	kʰ w u ⁵⁵	kʰ w o ɦ ³¹	kʰ w ɔ ³⁵	kʰ w ɔ ³³	kʰ w au ⁵⁵	kʰ w o ɦ ³¹	kʰ w o ⁵³	kʰ w ɔ ⁵⁵	b o ¹¹ + kʰ w o ⁵⁵
184.0_184_mango	kʰ ɛ ⁵⁵	kʰ au ʔ ⁴⁵	kʰ o ³³	kʰ ɔ ʔ ²¹	kʰ o ʔ ⁴⁵	kʰ ɔ ʔ ⁴⁵	kʰ ɔ ʔ̚ ⁵¹	kʰ ɔ ʔ ²¹	kʰ u ʔ ²¹	kʰ o ʔ ²¹	
185.0_185_manymuch	ʔ e ³³	ʔ a ⁵³		ʔ a ɦ ³¹	ʔ a ³³	ʔ a ³³	ʔ a ⁵⁵	ʔ a ɦ ³¹	ʔ a ⁵⁵	ʔ a ⁵⁵	ɔ ³³ + ɛ ³³
186.0_186_mat				kʰ l au ⁵⁵	kʰ l ɔ ³³	kʰ l ɔ ³¹	kʰ l ɔ ¹¹	kʰ l au ³³	kʰ l ɔ ⁵⁵	kʰ l ɔ ⁴⁵	kʰ l o ³³
187.0_187_milipede	s i ⁵⁵ + k ɔ ⁵⁵ + w i ¹¹	θ a ʔ ²¹ + k ə ¹¹ + w i ³³	t e ¹¹ + w e ³³	k ɔ ⁵⁵ + w ɛ ³³	w ai ɦ ¹¹	s i ʔ ⁴⁵ + w ɔ ¹¹ + d e ³³	k ə ⁰ + w ɛi ⁵⁵	k ɔ ¹¹ + w ɛ ⁵³	w ai ɦ ³¹	s i ⁵⁵ + w a ³¹ + d e ⁵⁵	
188.0_188_mole	j o ¹¹ + w i ¹¹		j u ¹¹ + w i ³³	j u ⁵³ + w i ³³	w ei ⁵⁵	w i ³³	w i ⁵⁵	j u ⁵⁵ + w i ⁵³	w ei ɦ ³¹	w i ³³	w i ³³
189.0_189_money	r ɨ ³³	r w a ŋ ⁵³	r u ⁵⁵	r ə ŋ ɦ ³¹			r̥ u n ⁵⁵	r w ə n ³¹			h ʊ ⁵⁵
19.0_19_believe	j i ¹¹	ɟ ɨ ¹¹	j ɨ ¹¹	j u m ⁵³			j ɨ m ¹¹	j ə m ⁵⁵			
190.0_190_monitorlizardland	kʰ ɔ ⁵⁵	r e ³³ + kʰ ɔ ʔ ⁴⁵			kʰ au ʔ ⁴⁵	kʰ u ʔ ⁴⁵	kʰ o ʔ̚ ⁵¹		kʰ ɔu ʔ ³¹	kʰ ɔu ʔ ²¹	
191.0_191_monitorlizardwater	r e ³³		t r e ⁵⁵			k r e ʔ ⁴⁵	t r e ⁵⁵		ɣ e̤i ³¹	r e ⁵⁵	t r e ⁵⁵
192.0_192_monkey	j ɔ ³³	j ɔ ʔ ²¹	j ə ³³	j o ʔ ⁴⁵			j o ʔ̚ ⁵¹	j u ʔ ⁴⁵			j o ¹¹
193.0_193_moonmonth	l e ³³	l a ⁵³	l a ⁵⁵	l a ɦ ³¹	l a ⁵⁵	l a ³³	ˀl a ⁵⁵	l a ɦ ³¹	l a ɦ ³¹	l a ⁵⁵	l ɛ ⁵⁵
194.0_194_motherfemaleofanimals	m o ¹¹	m əɨ ¹¹	m ə ¹¹	m ə ⁵³			m ə ¹¹	m ə ⁵⁵			m o ³³
195.0_195_mouserat	j o ¹¹	ɟ u ¹¹	j u ¹¹	j u ⁵³	j ou ɦ ¹¹	j ɨ ɦ ¹¹	j ou ¹¹	j u ⁵⁵	j ou ³³	j ɨ ³¹	j u ³³
196.0_196_mynah		r a ŋ ¹¹	s a ¹¹ + r ɔ ¹¹	r a n ⁵⁵			s ə ⁰ + r a ɴ ¹¹	r a n ³³			θ ə ³³ + r a ³³
197.0_197_nail	m ə ¹¹	m ɨ ¹¹	m i ¹¹	m i ⁵⁵	m ei ³³	m e ³¹	m̥ ei ¹¹	m i ³³	m ei ⁵⁵	m i ⁴⁵	θ ə ⁵⁵ + m i ³³
198.0_198_name	m i ¹¹	m j ə ŋ ³³	m i ³³	m i n ³³	m ãi ⁵⁵	m i ³³	m i n ⁵⁵	m i n ⁵³	m ɛĩ ³¹	m i ³³	m i ³³
199.0_199_narrow	ʔ i ¹¹	ʔ j a ŋ ¹¹	ʔ i ¹¹	ʔ ɛ n ⁵⁵	ʔ ãi ³³	ʔ ĩ ³¹	ʔ j ɛ n ¹¹	ʔ ɛ n ³³	ʔ ãi ⁵⁵	ʔ i ⁴⁵	
2.0_2_ant	t ɔ ¹¹	t ə ¹¹	t ə ¹¹	tʰ ə ŋ ⁵³	tʰ ã ɦ ¹¹	t ə ɦ ¹¹	d ə ŋ ¹¹	t ə ŋ ⁵⁵	tʰ ə̃ɨ̯ ³³	t ə ³¹	d o ³³
20.0_20_belowunderunderneath	l e ³³	l a ʔ ⁴⁵	l ɔ ³³	l a ʔ ⁴⁵	cʰ a ʔ ⁴⁵ + l a ʔ ²¹	pʰ ɔ ³³ + l a ʔ ²¹	l a ʔ̚ ⁵¹	l a ʔ ⁴⁵	pʰ ɔ ⁵³ + l a ʔ ⁴⁵	k a ¹¹ + l a ʔ ɦ ¹¹	g ɔ ¹¹ + l a ¹¹
200.0_200_navelumbilicalcord	d i ³³	d ai ⁵³	d i ³³	p a ʔ ⁴⁵ + d e ɦ ³¹	d i ⁵⁵	d e ³³	ˀd e ⁵⁵	d e ɦ ³¹	d i ɦ ³¹	d e ⁵⁵	ɗ i ⁵⁵ + m ʊ ⁵⁵
201.0_201_neckcheek	kʰ ɛ ³³ + b o ³³	k a ʔ ²¹ + b ɔ ⁵³	k o ³³ + b o ⁵⁵			kʰ ɔ ʔ ⁴⁵ + b o ³³	ˀb ɔ ⁵⁵ + b o ʔ̚ ²		kʰ o ʔ ²¹ + b o ɦ ³¹		ɓ ɔ ³³
202.0_202_new	s ɛ ³³	θ a ŋ ⁵³	s ɔ ⁵⁵	s a n ɦ ³¹	s ɛ̃ ³⁵	s ɔ ³³	s a ɴ ⁵⁵		θ ɔ̃ ⁵³	s ɔ ⁵⁵	θ a ⁵⁵
203.0_203_nine		kʰ w i ⁵³	s ɔ ³³ + kʰ w i ⁵⁵	k o t ⁴⁵	kʰ w i ³⁵	kʰ w i ³³		k o t ⁴⁵	kʰ w i ⁵³	kʰ w i ⁵⁵	kʰ w i ⁵⁵
204.0_204_obtainreceivetakeget	n i ¹¹	n ai ¹¹	n i ¹¹	n e ⁵³	n i ɦ ¹¹	n e ɦ ¹¹	n e ¹¹		n i ³³	n e ³¹	n i ³³
205.0_205_oldofhumans	pʰ r e ¹¹	p r a ¹¹	p r a ¹¹	pʰ r a ⁵³		s a ʔ ⁴⁵ + p ɣ a ɦ ¹¹	b r a ¹¹	pʰ r a ⁵⁵		p ɣ a ³¹	θ a ³³ + b w ɛ ³³
206.0_206_oldofthings	l ə ¹¹		l i ³³	l i ³³	l ei ⁵⁵	l ɔ ¹¹ + l i ³³	l ei ⁵⁵ + l a ɴ ¹		l ei ɦ ³¹	l i ³³	
207.0_207_one	t ə ⁰	l a ¹¹	t ə ⁰	t a ʔ ²¹	l a ʔ ²¹	t ə ³³	t ə ʔ̚ ⁰ + l a ʔ̚ ³³	t a ʔ ²¹	l a ɦ ³¹	t ə ʔ ²¹	t o ⁵⁵
208.0_208_openthemouth	ʔ ɛ ³³	ʔ a ŋ ⁵³	ʔ ɔ ⁵⁵	ʔ a n ɦ ³¹		ʔ ɔ ³³	ʔ a ɴ ⁵⁵	ʔ a n ɦ ³¹	ʔ ɔ̃ ɦ ³¹		a ⁵⁵ + tʰ a ³³
209.0_209_oxbullcow	p u ¹¹	p au ¹¹	p u ¹¹	pʰ o ⁵³			b o ¹¹	p o ⁵⁵			b o ³³
21.0_21_biglarge	d u ¹¹	d au ¹¹	d u ¹¹		d u ³³	d o ³¹	ˀd o ¹¹		d u ⁵⁵	d u ⁴⁵	ɗ o ³³
210.0_210_palmofthehand	j a ¹¹			j a ³³	j ɛ ³⁵	ɲ a ³³	ɲ a ⁵⁵	j a ⁵³	j a ⁵³		
211.0_211_pangolinanteater	j u ¹¹	ɟ au ³³	j u ³³	j o ³³	j u ¹¹	j o ³³ + h ɔ̃ ³¹	j o ⁵⁵		j u ɦ ³¹	j u ³³	j o ³³ + θ o ³³
212.0_212_parrotparakeet	k i ¹¹	k i ¹¹	k i ¹¹	k i ⁵⁵	k ei ³³		k i ¹¹		k ei ⁵⁵	k i ⁴⁵	k i ³³
213.0_213_pathtrailway		k l ɛ ³³	k l ɛ ³³			k l ɛ ³³	k l ɛ ⁵⁵	k l ai ⁵³		k l ɛ ³³	k l ɛ ³³
214.0_214_peacock	pʰ r e ³³	p r a ʔ ²¹	p r ɔ ³³		p ɣ a ʔ ²¹	p ɣ a ʔ ²¹	b r a ʔ̚ ⁵¹		p ɣ a ʔ ⁴⁵	p ɣ a ʔ ɦ ¹¹	b w a ¹¹
215.0_215_pencoop	p o ¹¹	p ɔ ³³	p o ³³	pʰ ɔ ŋ ³³	pʰ ɔ̃ ⁵⁵	k ə ¹¹ + p o ³³	k ə ⁰ + b ɔ ŋ ⁵⁵	p ɔ ŋ ⁵³	pʰ õ ɦ ³¹	k ə ʔ ²¹ + p o ³³	
216.0_216_penis	tʰ i ¹¹	tʰ ai ¹¹	tʰ i ¹¹	tʰ e ⁵⁵	tʰ i ³³	tʰ e ³¹	tʰ e ¹¹	tʰ e ³³	tʰ i ⁵⁵	tʰ e ⁴⁵	
217.0_217_pheasant	r a ³³		r e ³³		ɣ ai ʔ ²¹	ɣ i ʔ ²¹	r e ʔ̚ ⁵¹		ɣ ai ʔ ⁴⁵	ɣ ai ɦ ¹¹	
218.0_218_pig	tʰ ɛ ⁵⁵	tʰ au ʔ ⁴⁵	tʰ o ³³	tʰ ɔ ʔ ²¹	tʰ o ʔ ⁴⁵	tʰ ɔ ʔ ⁴⁵	tʰ ɔ ʔ̚ ⁵¹	tʰ ɔ ʔ ²¹	tʰ u ʔ ²¹	tʰ ɔ ʔ ²¹	tʰ ɔ ³³
219.0_219_pile	p l u ¹¹	b l o ¹¹	p l ə ¹¹	p l o m ⁵⁵	pʰ l ãu ³³	b l ũ ³¹	p l o m ¹¹	p l o m ³³	pʰ l õu ³¹	b l u ⁴⁵	p l o ³³
22.0_22_bird	tʰ u ¹¹	tʰ au ¹¹	tʰ u ¹¹		tʰ u ³³	tʰ o ³¹	tʰ o ¹¹		tʰ u ⁵⁵	tʰ u ⁴⁵	tʰ o ³³
220.0_220_pointedasofneedlessharppoint	c u ³³	c u ⁵³	c u ⁵⁵	c u ɦ ³¹	c u ⁵⁵	c u ʔ ⁴⁵	c u ⁵⁵	k j u ɦ ³¹	c u ɦ ³¹	c u ⁵⁵	c u ⁵⁵
221.0_221_pole	tʰ ɨ ¹¹	tʰ w a ŋ ¹¹	tʰ u ¹¹	tʰ u n ⁵⁵	tʰ ɑ̃ ³³	tʰ ũ ³¹	tʰ u ɴ ¹¹	tʰ w ə m ³³	tʰ ə̃ɨ ɦ ⁵⁵	tʰ u ⁴⁵	
222.0_222_porcupine	s ɨ ¹¹	θ w a ŋ ¹¹	s u ¹¹	s u n ⁵⁵			s u n ¹¹	s w ə m ³³		s u ⁴⁵	θ u ³³
223.0_223_porcupinebrushtailed	s e ³³ + b e ³³		s a ⁵⁵ + b a ⁵⁵			b a ³³	s ə ⁰ + ˀb a ⁵⁵		θ ə ⁵⁵ + b a ɦ ³¹	b a ⁵⁵	
224.0_224_pot	p ɔ ¹¹	p ə ³³	p ə ³³	pʰ ə ŋ ³³	pʰ ɑ̃ ⁵⁵	s ə ¹¹ + p ə ³³	b ə ŋ ⁵⁵	p ə ŋ ⁵³	pʰ ə̃ ɦ ³¹	p ə ³³	g ə ³³ + b o ⁵⁵
225.0_225_poundv		t ɔ ¹¹	t o ¹¹	tʰ ɔ ŋ ⁵³		t o ɦ ¹¹	d ɔ ŋ ¹¹	t ɔ ŋ ⁵⁵	tʰ õ ³³	t u ³¹	d ɔ ³³
226.0_226_pullup			tʰ e ³³		tʰ e ʔ ⁴⁵	tʰ ɛ ʔ ⁴⁵	tʰ ɛ ʔ̚ ⁵¹		tʰ e ʔ ²¹	tʰ ɛ ʔ ²¹	
227.0_227_pumpkinash	l ɨ ¹¹	l w a ŋ ¹¹	l u ¹¹		l ɑ̃ ɦ ¹¹	l u ɦ ¹¹	l u ɴ ¹¹		l õ ³³	l u ³¹	l u ¹¹
228.0_228_push	cʰ ɛ ¹¹		cʰ ɔ ¹¹		cʰ ɛ̃ ³³	cʰ ɔ ³¹	cʰ a ɴ ¹¹		cʰ ɔ̃ ⁵⁵	cʰ ɔ ⁴⁵	ʃ a ³³
229.0_229_putonwear	s ɛ ⁵⁵	θ au ʔ ⁴⁵	s o ³³	s ɔ ʔ ²¹	s o ʔ ⁴⁵	s ɔ ʔ ⁴⁵	s ɔ ʔ̚ ⁵¹	s ɔ ʔ ²¹	θ u ʔ ²¹	s o ʔ ²¹	θ ɔ ³³
23.0_23_bitev	ʔ a ¹¹	ʔ i ¹¹		ʔ ɛ ŋ ⁵⁵	ʔ ãi ³³	ʔ ẽ ³¹	ʔ ɛ ɴ ¹¹	ʔ ɛ m ³³	ʔ ãi ⁵⁵	ʔ i ⁴⁵	
230.0_230_putonanecklacewear	l a ³³	l i ʔ ²¹	l e ³³		l ai ʔ ²¹	l i ʔ ²¹	l e ʔ̚ ⁵¹		l ai ʔ ⁴⁵	l ai ɦ ¹¹	l ɪ ¹¹
231.0_231_putoutthetongue		l j a ŋ ¹¹	l i ¹¹	l ɛ m ⁵⁵	l ãi ³³	l ẽ ³¹	l̥ ɛ m ¹¹	l ɛ m ³³	l ãi ⁵⁵	l i ⁴⁵	
232.0_232_quail	r w i ⁵⁵	r w i ʔ ⁴⁵	r i ³³	r ɨ ʔ ⁴⁵	pʰ u ³³ + w ei ³³	p ə ¹¹ + w i ³³	r̥ w i ʔ̚ ⁵¹		w ei ⁵⁵	p ə ¹¹ + w i ⁵⁵	
233.0_233_rabbithare	d ɛ ³³	d ɛ ⁵³	d ɛ ⁵⁵		p a ³³ + d ɛ ⁵⁵	p ə ¹¹ + d ɛ ³³	p ə ⁰ + ˀd ɛ ⁵⁵		p ə ɦ ³¹ + d ɛ ³³		b ə ³³ + ɗ ɛ ³³
234.0_234_raisefeedanimals	b o ¹¹	b əɨ ¹¹	b ə ¹¹			b ɨ ³¹	ˀb ə ¹¹		b ɨ ⁵⁵ + l ɔ̃ ɦ ³¹	b ɨ ⁴⁵	
235.0_235_rattan	r i ¹¹	r ai ¹¹	r i ¹¹	r e ⁵³	ɣ i ɦ ¹¹	ɣ e ɦ ¹¹	r e ¹¹	r e ⁵⁵	ɣ i ³³	r e ³¹	
236.0_236_reachinto	b ɔ ⁵⁵	b ɔ ʔ ⁴⁵	b ə ³³	b o ʔ ²¹	b au ʔ ⁴⁵	b u ʔ ⁴⁵	ˀb o ʔ̚ ⁵¹	b u ʔ ²¹	b ɔu ʔ ³¹	b ɔu ʔ ²¹	
237.0_237_resin	tʰ ɔ ⁵⁵	tʰ ɔ ʔ ⁴⁵	tʰ ə ³³		tʰ au ʔ ⁴⁵	tʰ u ʔ ⁴⁵	tʰ r o ʔ̚ ⁵¹		tʰ ɔu ʔ ³¹	tʰ ɔu ʔ ²¹	tʰ r o ³³
238.0_238_rightside	tʰ w a ³³	tʰ w ɛ ⁵³	tʰ ɛ ⁵⁵	tʰ w ɛ ɦ ³¹		tʰ w ɛ ³³	tʰ w ɛ ⁵⁵	tʰ w ɛ ɦ ³¹	tʰ w ɛ ⁵⁵	tʰ w ɛ ⁵⁵	tʰ w ɛ ³³
239.0_239_ripecooked	m i ³³	m j ə ŋ ⁵³	m i ⁵⁵	m i n ɦ ³¹	m ãi ⁵⁵	m i ³³	ˀm i n ⁵⁵	m i n ɦ ³¹	m ɛ̃i ³¹	m i ⁵⁵	m i ⁵⁵
24.0_24_bitter	kʰ e ¹¹	kʰ a ¹¹	kʰ a ¹¹	kʰ a ⁵⁵	kʰ a ³³	kʰ a ³¹	kʰ a ¹¹	kʰ a ³³	kʰ a ⁵⁵	kʰ a ⁴⁵	kʰ ɛ ³³
240.0_240_roastbystuffingintofreshbamboosections	t ai ¹¹	t e ³³	t e ³³	tʰ e n ³³		t e ³³	d e ɴ ⁵⁵		tʰ ɛĩ ³¹	t e ³³	d e ³³
241.0_241_root	r w i ¹¹	r w i ¹¹	r i ¹¹	r w i ⁵³	ɣ ei ɦ ¹¹	ɣ i ɦ ¹¹	r w i ¹¹	r w i ⁵⁵	w ei ³³	ɣ i ³¹	w i ³³
242.0_242_rottenbadsmell	s ɔ ³³	θ ə ⁵³	s ə ⁵⁵	s ə ŋ ɦ ³¹			s ə ŋ ⁵⁵	s ə ŋ ɦ ³¹			θ o ⁵⁵
243.0_243_rubcleanpolishscrub	tʰ ɨ ⁵⁵		tʰ ɨ ³³		tʰ au ʔ ⁴⁵	tʰ u ʔ ⁴⁵	tʰ u ʔ̚ ⁵¹		tʰ ɔu ʔ ³¹	tʰ ɔu ʔ ²¹	
244.0_244_salt	s e ¹¹	θ a ¹¹	s a ¹¹	s a ⁵⁵		ʔ i ʔ ⁴⁵ + s a ³¹	s a ¹¹	s a ³³		s a ⁴⁵	θ ɛ ³³
245.0_245_saltysweet	cʰ ɨ ³³	cʰ ɨ ⁵³	cʰ ɨ ⁵⁵	cʰ o m ɦ ³¹	cʰ ɑ̃ ³⁵	cʰ ə ³³	cʰ ɨ m ⁵⁵	cʰ ə m ɦ ³¹	cʰ ə̤̃ɨ ⁵³	cʰ ɨ ⁵⁵	
246.0_246_sand		m ɛ ʔ ⁴⁵	m e ³³		m e ʔ ⁴⁵	m ɛ ʔ ⁴⁵	m̥ ɛ ʔ̚ ⁵¹		m e ʔ ²¹	m ɛ ʔ ²¹	
247.0_247_scaleoffish	b a ¹¹	b e ¹¹	b e ¹¹	b e ŋ ⁵⁵		s ə ¹¹ + b i ³³	s ə ⁰ + ˀb e ŋ ¹¹	b e ŋ ³³	b ɛĩ ⁵⁵		
248.0_248_sell	cʰ e ³³	cʰ a ⁵³	cʰ a ⁵⁵	c a ɦ ³¹	cʰ a ³⁵	cʰ a ³³	c a ⁵⁵	c a ɦ ³¹	cʰ a ⁵³	cʰ a ⁵⁵	ʃ ɛ ⁵⁵
249.0_249_serowmountaingoat	j a ¹¹	j ai ³³	j i ³³	j ai ³³			j ai ⁵⁵				j i ³³
25.0_25_blood	s w i ¹¹	θ w i ¹¹	s u ¹¹	s w i ⁵⁵	s w i ³³	s w i ³¹	s w i ¹¹	s w i ³³	θ w i ⁵⁵	s w i ⁴⁵	θ w i ³³
250.0_250_seven		n w ɛ ⁵³	s ɔ ³³ + n e ⁵⁵	n ɨ t ²¹	n w ɛ ⁵⁵	n w i ʔ ⁴⁵	ˀn w e t̚ ⁵¹	n ə t ⁴⁵	n w ɛ ɦ ³¹	n w i ⁵⁵	n w e ⁵⁵
251.0_251_sew	cʰ e ⁵⁵	cʰ a ʔ ⁴⁵	cʰ ɔ ³³	cʰ a ʔ ²¹	cʰ a ʔ ⁴⁵	cʰ a ʔ ⁴⁵	cʰ a ʔ̚ ⁵¹	cʰ a ʔ ²¹	cʰ a ʔ ²¹	cʰ a ʔ ²¹	ʃ a ³³
252.0_252_sharp	tʰ ɛ ³³		tʰ ɔ ⁵⁵	tʰ a ŋ ɦ ³¹			tʰ a ŋ ⁵⁵	tʰ a ŋ ɦ ³¹			tʰ a ⁵⁵
253.0_253_sheep		θ au ³³	s u ⁵⁵	s o ⁵⁵		s o ³³	s o ⁵⁵	s o ³³	θ u ⁵⁵	s u ⁵⁵	θ o ⁵⁵
254.0_254_shivering	t ɛ ¹¹ + n ɛ ⁵⁵	k a ʔ ²¹ + n au ʔ ⁴⁵	k ɔ ¹¹ + n o ³³	t a ʔ ²¹ + n ə ʔ ²¹		t ə ¹¹ + n ɔ ʔ ⁴⁵	k ə ʔ̚ ⁰ + n̥ ɔ ʔ̚ ⁵¹	t a ¹¹ + n ə ʔ ²¹		k ə ¹¹ + n o ʔ ²¹	
255.0_255_shootv	kʰ e ⁵⁵	kʰ a ʔ ⁴⁵	kʰ a ³³	kʰ a ʔ ²¹	kʰ a ʔ ⁴⁵	kʰ a ʔ ⁴⁵	kʰ a ʔ̚ ⁵¹	kʰ a ʔ ²¹	kʰ a ʔ ²¹	kʰ a ʔ ²¹	kʰ ɛ ³³
256.0_256_shortlow	pʰ o ¹¹	pʰ əɨ ¹¹	pʰ ə ¹¹	pʰ ə ⁵⁵	pʰ əɨ ³³	pʰ ɨ ³¹	pʰ ə ¹¹	pʰ ə ³³	pʰ ɨ ⁵⁵	pʰ ɨ ⁴⁵	
257.0_257_shoulder	p l a ³³	b l e ⁵³	p l e ⁵⁵	p l e ŋ ɦ ³¹			p l e ŋ ⁵⁵	p l e ŋ ɦ ³¹			p l e ⁵⁵
258.0_258_shovewiththefoot			tʰ ʉ ⁵⁵	tʰ w ɨ n ɦ ³¹	tʰ w ɑ̃ ³⁵	j ɔ ¹¹ + tʰ w y ³³	tʰ w ɨ ɴ ⁵⁵	tʰ w ə m ɦ ³¹	tʰ w ə̤̃ɨ ⁵³	tʰ w u ⁵⁵	
259.0_259_six		cʰ u ⁵³		s u ɦ ³¹	x ou ³⁵	x ɨ ³³	kʰ r ou ⁵⁵	s u ɦ ³¹	x ou ⁵³	x ɨ ⁵⁵	x u ⁵⁵
26.0_26_blowafire	ʔ u ³³	ʔ u ⁵³	ʔ u ⁵⁵	ʔ u ɦ ³¹	ʔ u ⁵⁵	ʔ u ³³	ʔ u ⁵⁵	ʔ u ɦ ³¹	ʔ u ɦ ³¹	ʔ u ⁵⁵	u ³³
260.0_260_skink	p l a ³³	p l ɛ ʔ ²¹	p l e ³³	pʰ l ɛ ʔ ⁴⁵	pʰ l e ʔ ²¹	p l ɛ ʔ ²¹	b l ɛ ʔ̚ ⁵¹	p l ɛ ʔ ⁴⁵	pʰ l e ʔ ⁴⁵	p l ɛ ɦ ¹¹	b l i ¹¹ + c a ⁵⁵
261.0_261_sleeping		m ai ⁵³ + n ai ¹¹	m i ⁵⁵ + n i ¹¹			m i ³³ + n e ɦ ¹¹	m̥ ei ⁵⁵ + n ei ¹¹			m i ⁵⁵ + n i ³¹	
262.0_262_slippery	p l i ³³	b l ai ⁵³	p l i ⁵⁵	p l e ɦ ³¹	pʰ l i ³⁵	b l e ³³	p l e ⁵⁵	p l e ɦ ³¹	pʰ l i ⁵³	b l e ⁵⁵	p l i ⁵⁵
263.0_263_smellv		n ɨ ³³	n ɨ ³³	n u m ³³	n ɑ̃ ³⁵	n ə ³³	n ɨ m ⁵⁵	n w ə m ⁵³	n ə̤̃ɨ ⁵³	n ɨ ⁵⁵	n u ⁵⁵
264.0_264_snailland				kʰ l o ⁵⁵	kʰ l u ³³	kʰ l o ³¹	kʰ l o ¹¹		kʰ l u ⁵⁵	kʰ l u ⁴⁵	kʰ l o ³³
265.0_265_snailwater		ŋ w i ¹¹	s i ¹¹ + m i ¹¹	ŋ w i ⁵⁵			s ə ⁰ + ŋ w i ¹¹	ŋ w i ³³			θ ə ⁵⁵ + m i ³³
266.0_266_snake	r o ¹¹	r u ¹¹	r u ¹¹	r u ⁵³	ɣ ou ɦ ¹¹	ɣ ɨ ɦ ¹¹	r ou ¹¹	r u ⁵⁵	β ou ³³	ɣ ɨ ³¹	ʀ u ³³
267.0_267_soninlaw	m e ³³	m a ʔ ²¹	m ɔ ³³	m a ʔ ⁴⁵		m a ʔ ²¹	m a ʔ̚ ⁵¹	m a ʔ ⁴⁵	m a ʔ ⁴⁵	m a ʔ ɦ ¹¹	m a ¹¹
268.0_268_sour	cʰ ɛ ¹¹	ɕ a ŋ ¹¹	ɕ ɔ ¹¹	ɕ j a n ⁵⁵	cʰ ɛ̃ ³³	cʰ ɔ ³¹	cʰ j a ɴ ¹¹	ɕ j a n ³³	cʰ ɔ̃ ⁵⁵	cʰ ɔ ⁴⁵	ʃ a ³³
269.0_269_spider		k a ŋ ³³	k ɔ ³³	k u ŋ ³³ + kʰ a ŋ ³³	p u ¹¹ + kʰ ɛ̃ ⁵⁵		g a ŋ ⁵⁵	j ɔ ŋ ³¹ + k a ŋ ⁵³	kʰ ɔ̃ ɦ ³¹		g a ¹¹ + g u ¹¹
27.0_27_boarwild	tʰ ɛ ⁵⁵ + m i ¹¹	tʰ au ʔ ⁴⁵ + m i ³³	tʰ o ³³ + m i ³³	tʰ ɔ ʔ ²¹ + m i ³³	tʰ o ʔ ⁴⁵ + m ei ⁵⁵	tʰ ɔ ʔ ⁴⁵ + m i ³³	tʰ ɔ ʔ̚ ⁵¹ + m i ⁵⁵	tʰ ɔ ʔ ²¹ + m i ⁵³	tʰ u ʔ ²¹ + m ei ɦ ³¹	tʰ ɔ ʔ ²¹ + m i ³³	
270.0_270_spitv	tʰ u ³³	tʰ u ⁵³			tʰ u ³⁵	tʰ u ʔ ⁴⁵	tʰ u ⁵⁵	tʰ u ɦ ³¹	tʰ u ⁵³	tʰ u ⁵⁵	
271.0_271_spleen	m ɛ ³³		m ɔ ⁵⁵		m ɛ̃ ³⁵	k ə ¹¹ + m ɔ ³³	g ə ⁰ + m̥ a ɴ ⁵⁵		m ɔ̃ ⁵³	m ɔ ⁵⁵	g ə ³³ + m a ³³
272.0_272_splitbamboostrip			p l a ¹¹		b l a ³³	b l a ³¹	p l a ¹¹		b l a ⁵⁵	b l a ⁴⁵	p l ɛ ³³
273.0_273_sprayv		pʰ r u ⁵³	pʰ r u ⁵⁵	pʰ r u ɦ ³¹	pʰ j u ⁵⁵		p r u ⁵⁵	p r u ɦ ³¹	p r u ɦ ³¹	p r u ⁵⁵	pʰ r u ³³
274.0_274_spreadoutamat	d e ³³	d a ⁵³	d a ⁵⁵	d a ɦ ³¹	d a ⁵⁵	d a ³³	ˀd a ⁵⁵	d a ɦ ³¹	d a ɦ ³¹	d a ⁵⁵	ɗ ɛ ⁵⁵
275.0_275_squeezemassage	c i ¹¹	c i ¹¹	c i ¹¹	c i m ⁵³	cʰ ãi ɦ ¹¹	c i ɦ ¹¹	ɟ i m ¹¹	c i m ⁵⁵	cʰ ɛ̃i ³³	c i ³¹	c i ³³
276.0_276_squirrel				l i ⁵⁵	l ei ³³	l i ʔ ⁴⁵ + l u ɦ ¹¹	l̥ i ¹¹	l i ³³	l ei ⁵⁵	l i ⁴⁵	l i ¹¹
277.0_277_standv	tʰ ɔ ¹¹	tʰ ə ¹¹	tʰ ə ¹¹	tʰ ə ŋ ⁵⁵	tʰ ɑ̃ ³³	tʰ ə̃ ³¹	tʰ ə ŋ ¹¹	tʰ ə ŋ ³³	tʰ ə̃ ⁵⁵	tʰ ə ⁴⁵	ʃ ɔ ⁵⁵ + tʰ o ³³
278.0_278_star	cʰ e ¹¹	cʰ a ¹¹	cʰ a ¹¹	cʰ a ⁵⁵	s j a ³³	cʰ a ³¹	cʰ a ¹¹	cʰ a ³³	ɕ a ⁵⁵	cʰ a ⁴⁵	ʃ ɛ ³³
279.0_279_stealv	h o ¹¹	h u ¹¹	h u ¹¹			h ɨ ³¹	h ou ¹¹			h ɨ ⁴⁵	a ⁵⁵ + h u ³³
28.0_28_boat	kʰ l ə ³³		kʰ l i ⁵⁵	kʰ l i ɦ ³¹	kʰ l ei ³⁵	kʰ l i ³³	kʰ l ei ⁵⁵	kʰ l i ɦ ³¹	kʰ l ei ⁵³	kʰ l i ⁵⁵	kʰ l i ³³
280.0_280_stingy		c i ¹¹	c i ¹¹	c i ⁵⁵			ɟ i ¹¹	c i ³³			ɪ ³³
281.0_281_stomach	pʰ o ³³	pʰ u ⁵³	pʰ u ⁵⁵		pʰ ou ³⁵	k ə ¹¹ + pʰ ɨ ³³	g ə ⁰ + pʰ ou ⁵⁵		pʰ ou ⁵³	pʰ ɨ ⁵⁵	g ə ¹¹ + pʰ u ⁵⁵
282.0_282_stonerock	l ɔ ¹¹	l əu ¹¹	l ə ¹¹	l o ŋ ⁵³	l ãu ɦ ¹¹	l ə̃ ɦ ¹¹	l o ŋ ¹¹	l o ŋ ⁵⁵	l õu ³³	l ɨ ³¹	l o ³³
283.0_283_stringrope	p l ə ¹¹	p l ɨ ³³	p l i ³³	pʰ l i ³³	pʰ l ei ⁵⁵	p l i ³³	b l ei ⁵⁵	p l i ⁵³	pʰ l ei ɦ ³¹	p l i ³³	b l i ³³
284.0_284_suck	c w i ⁵⁵	c w i ʔ ⁴⁵	c i ³³	c u k ²¹		s ə ¹¹ + w i ʔ ⁴⁵	c w i k̚ ⁵¹	c u ʔ ²¹	θ ə ¹¹ + w ai ʔ ³¹		
285.0_285_sun	m ɔ ¹¹	m ɨ ¹¹	m ɨ ¹¹	m ɨ ⁵³	m əɨ ɦ ¹¹	m ɨ ɦ ¹¹	m ɨ ¹¹	m ɨ ⁵⁵	m ɨ ³³	m ɨ ³¹	m u ³³
286.0_286_sunlighthot	k u ¹¹	k au ¹¹	k u ¹¹	j a ɦ ³¹ + kʰ o ⁵³	kʰ u ɦ ¹¹	t a ¹¹ + k o ɦ ¹¹	g o ¹¹	k o ⁵⁵	kʰ u ³³	k u ³¹	
287.0_287_swayswing	tʰ u ¹¹		tʰ u ¹¹		tʰ u ³³	tʰ u ³¹	tʰ u ¹¹		tʰ u ⁵⁵	tʰ u ⁴⁵	
288.0_288_swollenswelling	j ɛ ⁵⁵	ɟ au ʔ ⁴⁵	j o ³³	j ɔ ʔ ²¹	j o ʔ ⁴⁵	ɲ ɔ ʔ ⁴⁵	ɲ̊ ɔ ʔ̚ ⁵¹	j ɔ ʔ ²¹	j u ʔ ²¹	ɲ ɔ ʔ ²¹	j ɔ ³³
289.0_289_tail	m i ¹¹	m ai ¹¹	m i ¹¹	m e ⁵³	m ɛ ɦ ¹¹	m ɛ ɦ ¹¹	m e ¹¹	m e ⁵⁵	m i ³³	m ɛ ³¹	m e ³³
29.0_29_bodydirt	kʰ r ə ¹¹		c i ¹¹	kʰ r i ⁵⁵	k ei ³³	x i ³¹	kʰ r ei ¹¹	kʰ r i ³³	k ei ⁵⁵	x i ⁴⁵	
290.0_290_tastelessfaded		b l a ⁵³		p l a ɦ ³¹	b l a ⁵⁵	b l a ³³	p l a ⁵⁵		b l a ɦ ³¹	b l a ⁵⁵	p l ɛ ⁵⁵
291.0_291_ten	cʰ ə ³³	tʰ ɨ ⁵³	ɕ i ⁵⁵	ɕ i ɦ ³¹	cʰ ei ³⁵	cʰ i ³³	cʰ ei ⁵⁵	ɕ i ɦ ³¹	cʰ ei ⁵³	cʰ i ⁵⁵	ʃ i ⁵⁵
292.0_292_tendon	tʰ w ɛ ¹¹	tʰ w a ŋ ¹¹			tʰ w ɛ̃ ³³	tʰ w ɔ ³¹	tʰ w a ɴ ¹¹		tʰ w ɔ̃ ⁵⁵	tʰ w ɔ ⁴⁵	
293.0_293_termite	p u ⁵⁵ + w ɛ ³³	p a ʔ ²¹ + ʔ u ⁵³		pʰ i ⁵⁵ + ʔ w a n ɦ ³¹	pʰ a ʔ ²¹ + ʔ ɔ̃ ⁵⁵	p ə ¹¹ + ʔ u ʔ ⁴⁵	b ə ʔ̚ ⁰ + ʔ w a ɴ ⁵⁵	p i ³³ + ʔ w a n ɦ ³¹	pʰ u ³³ + ʔ ɔ̃ ɦ ³¹	p ə ¹¹ + ʔ ɔu ʔ ²¹	
294.0_294_termitewinged	p i ¹¹	p i ¹¹	p i ¹¹ + ʔ i ¹¹	pʰ i ⁵³	pʰ ai ɦ ¹¹	p i ɦ ¹¹	b i ¹¹	p i ⁵⁵	pʰ ɛi ³³	p i ³¹	b ə ³³ + ʔ i ³³
295.0_295_termitemound	p l ɔ ¹¹	b l əu ¹¹	p l ə ¹¹	p l o ŋ ⁵⁵	pʰ l ãu ³³	b l ə̃ ³¹	p l o ŋ ¹¹	p l o ŋ ³³	pʰ l õu ³³		p l o ³³
296.0_296_thick	d o ³³	d ɨ ⁵³	d ʉ ⁵⁵	d ɨ n ɦ ³¹			ˀd w ɨ ɴ ⁵⁵	d w ə m ɦ ³¹			
297.0_297_thinasofcloth	b ɨ ³³	b ɨ ⁵³		b ə ɦ ³¹		b u ³³	ˀb ə ⁵⁵	b ə ɦ ³¹	b aə ɦ ³¹	b u ⁵⁵	
298.0_298_thousand	r i ³³	r e ⁵³	r e ⁵⁵	r e ŋ ɦ ³¹		k ə ¹¹ + tʰ o ³³	r̥ e ŋ ⁵⁵	r e ŋ ɦ ³¹	tʰ ɔ̃ ⁵³	tʰ u ⁵⁵	g ə ³³ + tʰ ɔ ⁵⁵
299.0_299_threadaneedle	t o ¹¹	t u ¹¹	t u ¹¹	tʰ u ⁵³	tʰ ou ɦ ¹¹	t ɨ ɦ ¹¹	d ou ¹¹	t u ⁵⁵	tʰ ou ³³	t ɨ ³¹	d u ³³
3.0_3_arrive	t o ¹¹	t əɨ ¹¹	t ə ¹¹	tʰ ə ⁵⁵	tʰ ɔ ³¹	t ɨ ³³	d ə ¹¹	t ə ³³	tʰ o ⁵⁵	t ɨ ⁴⁵	d o ³³
30.0_30_boilv	pʰ o ³³	pʰ ɔ ⁵³	pʰ o ⁵⁵		pʰ ɔ ³⁵	kʰ l ɔ ³³	pʰ r ɔ ⁵⁵		pʰ o ⁵³	pʰ ɔ ⁵⁵	a ⁵⁵ + pʰ r ɔ ³³
300.0_300_three	s ɔ ³³	θ ə ⁵³	s ə ⁵⁵	s ə m ɦ ³¹	s ɑ̃ ³⁵	s ə ³³	s ə m ⁵⁵	s ə m ɦ ³¹	s ə̃ ⁵³	s ə ⁵⁵	θ o ⁵⁵
301.0_301_tick	kʰ ə ¹¹	kʰ ɨ ¹¹	kʰ i ¹¹		kʰ ei ³³	kʰ i ³¹	kʰ ei ¹¹		kʰ ei ⁵⁵	kʰ i ⁴⁵	kʰ i ³³
302.0_302_tieastring	c ɔ ³³	c ə ⁵³	c ə ⁵⁵	c ə ŋ ɦ ³¹	c ɑ̃ ⁵⁵	c ə ³³	c ə ŋ ⁵⁵	c ə ŋ ɦ ³¹	c ə̃ ɦ ³¹	c ə ⁵⁵	c o ⁵⁵
303.0_303_tiger	kʰ i ³³	kʰ ai ⁵³	kʰ i ⁵⁵	kʰ e ɦ ³¹	kʰ i ³⁵	kʰ e ³³ + j ɨ ¹¹	kʰ e ⁵⁵	kʰ e ɦ ³¹	kʰ i ⁵³		kʰ i ⁵⁵
304.0_304_tilted	kʰ i ³³	kʰ i ⁵³	kʰ i ⁵⁵	kʰ i ŋ ⁵⁵	kʰ ãi ³⁵	kʰ i ³³	kʰ i ŋ ⁵⁵	kʰ i ŋ ³³	kʰ ɛ̃i ⁵³		
305.0_305_toad	d i ¹¹ + s o ¹¹	d ai ¹¹ + θ u ¹¹	d i ¹¹ + s u ¹¹	d e ⁵⁵ + s u ⁵⁵	d i ³³ + s ou ³³	d e ³¹ + s ɨ ³¹	ˀd e ¹¹ + s ou ¹¹	d e ³³ + s u ³³	d i ⁵⁵ + s ou ⁵⁵	d e ⁴⁵ + s ɨ ⁴⁵	ɗ i ³³ + θ u ³³
306.0_306_tomorrow	p a ⁵⁵ + r o ¹¹		m ɨ ¹¹ + r o ³³	m ɨ ⁵³ + r au ³³	kʰ ɛ ¹¹ + ɣ ɔ ⁵⁵	l ə ʔ ⁴⁵ + ɣ ɔ ³³	r ɔ ⁵⁵	m ɨ ⁵⁵ + r au ⁵³		ɣ ɔ ³³	
307.0_307_tongue	p l i ¹¹	p l ai ³³	p l i ³³	pʰ l e ³³	pʰ l i ⁵⁵	p l e ³³	b l e ⁵⁵	p l e ⁵³	pʰ l i ɦ ³¹	p l e ³³	b l i ¹¹
308.0_308_torn	t ɨ ³³	t u ʔ ²¹	t u ³³	tʰ ɛ ʔ ⁴⁵	tʰ e ʔ ²¹	t ɛ ʔ ²¹	d ɛ ʔ̚ ⁵¹	t ɛ ʔ ⁴⁵	tʰ e ʔ ⁴⁵	t ɛ ɦ ¹¹	d ɛ ³³
309.0_309_tortoise	kʰ l i ⁵⁵	kʰ l ɨ ʔ ⁴⁵	kʰ l i ³³	kʰ l e ʔ ²¹	kʰ l ai ʔ ⁴⁵	kʰ l i ʔ ⁴⁵	kʰ l i ʔ̚ ⁵¹	kʰ l i ʔ ²¹	kʰ l ai ʔ ³¹	kʰ l ai ʔ ²¹	kʰ l i ³³
31.0_31_bone	kʰ r w i ⁵⁵	cʰ w i ʔ ⁴⁵	cʰ u ³³	cʰ u t ²¹	x ei ³³	x i ³³	kʰ r w i t ⁵¹	cʰ əu t ²¹	x w i ⁵⁵	x i ⁵⁵	kʰ w i ³³
310.0_310_tread	j e ¹¹	ɟ a ŋ ¹¹		j a m ⁵³	j ã ɦ ¹¹	j ɔ̃ ɦ ¹¹	j a m ¹¹	j a m ⁵⁵	j ɔ̃ ³³	j ɔ ³¹	j ɛ ³³
311.0_311_trunkofatreefirewood	m ɔ ¹¹	m ə ¹¹	m ə ¹¹	m ɨ ŋ ⁵³	m ɑ̃ ɦ ¹¹	m ɨ ɦ ¹¹	m ə ŋ ¹¹	m ə ŋ ⁵⁵			
312.0_312_trunkofanelephant	m o ¹¹	m ɔ ³³			m l ɔ̃ ⁵⁵	k ə ¹¹ + m l ɔ ³³	k ə ⁰ + m l ɔ ɴ ⁵⁵	m ɔ ⁵³	m l õ ɦ ³¹	m l u ³³	b l ɔ ¹¹
313.0_313_two	n ə ³³	ŋ ɨ ⁵³	kʰ i ⁵⁵	n i ɦ ³¹	kʰ ei ³⁵	kʰ i ³³	kʰ ə ⁰ + n̥ ei ⁵⁵	n i ɦ ³¹	n ei ⁵³	kʰ i ⁵⁵	kʰ i ⁵⁵
314.0_314_urine	cʰ ə ¹¹		cʰ i ¹¹	ɕ i ⁵⁵	cʰ ei ³³	cʰ i ³¹	cʰ ei ¹¹	ɕ i ³³	cʰ ei ⁵⁵	cʰ i ⁴⁵	ʃ i ³³
315.0_315_vagina	l i ¹¹		l i ¹¹	l i n ⁵³	l ãi ɦ ¹¹	l i ɦ ¹¹	l i n ¹¹	l i m ⁵⁵	l ɛĩ ³³	l i ³¹	
316.0_316_vomitv	pʰ r ɛ ⁵⁵	pʰ r au ʔ ⁴⁵	p r o ³³	p r ɔ ʔ ²¹	p j o ʔ ⁴⁵	b ɣ ɔ ʔ ⁴⁵	p r ɔ ʔ̚ ⁵¹	p r ɔ ʔ ²¹	p j u ʔ ²¹	b ɣ o ʔ ²¹	p ɔ ³³
317.0_317_vulture	l ɛ ¹¹ + t e ³³		l ɔ ¹¹ + t ɔ ³³	l a ŋ ⁵⁵ + tʰ a ʔ ⁴⁵	l ɛ̃ ³⁵ + k a ʔ ²¹ + tʰ a ʔ ²¹	l ɔ̃ ³³ + k ə ¹¹ + t a ʔ ²¹	l̥ a ŋ ¹¹ + k ə ʔ̚ ⁰ + d a ʔ̚ ⁵¹	l a ŋ ³³ + t a ʔ ⁴⁵	l ɔ̃ ⁵³ + k a ʔ ²¹ + tʰ a ʔ ⁴⁵	l ɔ ³³ + k ə ¹¹ + t a ʔ ɦ ¹¹	l a ³³ + d a ⁵⁵
318.0_318_waist				d e ɦ ³¹	j a ¹¹ + d i ⁵⁵	j ɔ ¹¹ + d e ³³	j ə ⁰ + ˀd e ⁵⁵	d e ɦ ³¹	j ɑ̃ ³³ + d i ɦ ³¹	j ɔ ³¹ + d e ⁵⁵	j a ³³ + ɗ i ⁵⁵
319.0_319_wart	tʰ ɨ ⁵⁵		tʰ ɨ ³³		tʰ au ʔ ⁴⁵	tʰ u ʔ ⁴⁵	tʰ u ʔ̚ ⁵¹		tʰ ɔu ʔ ³¹	tʰ ɔu ʔ ²¹	
32.0_32_braid	s ə ¹¹		s i ¹¹	s i ⁵⁵	s ei ³³	s i ³¹	s r ei ¹¹	s i ³³	θ ei ⁵⁵		θ r e ³³
320.0_320_warm	l e ¹¹	l a ŋ ³³	l ɔ ³³		l ã ⁵⁵	k ə ¹¹ + l ɔ̃ ³³	l a m ⁵⁵	l a m ⁵³	l ɔ̃ ɦ ³¹	l ɔ ³³	l ɛ ³³
321.0_321_washtheface	p l e ¹¹	p l a ¹¹	p l a ¹¹	pʰ l a ⁵³	pʰ l a ɦ ¹¹	p l a ɦ ¹¹	b l a ¹¹	p l a ⁵⁵	pʰ l a ³³	p l a ³¹	b l ɛ ³³
322.0_322_washclothes	cʰ o ¹¹	cʰ u ¹¹	cʰ u ¹¹	p a ʔ ²¹ + cʰ u ⁵⁵		cʰ ɣ ɨ ³¹	cʰ r ou ¹¹	cʰ u ³³		cʰ ɣ ɨ ⁴⁵	
323.0_323_wasp	d i ³³	d au ʔ ⁴⁵ + d ai ⁵³	d i ³³	k a ʔ ²¹ + d e ɦ ³¹	tʰ ɑ̃ ¹¹ + d i ⁵⁵	t ə ¹¹ + d e ³³	d ə ŋ ⁵⁵ + ˀd e ⁵⁵		tʰ ə̃ ³³ + d i ɦ ³¹	t ɨ ³¹ + d e ⁵⁵	
324.0_324_water	tʰ ə ³³	tʰ ɨ ⁵³	tʰ i ⁵⁵	tʰ i ɦ ³¹	tʰ ei ³⁵	tʰ i ³³	tʰ ei ⁵⁵	tʰ i ɦ ³¹	tʰ ei ⁵³	tʰ i ⁵⁵	tʰ i ⁵⁵
325.0_325_wearashoulderbag	cʰ a ³³	ɕ i ⁵³	ɕ i ⁵⁵	cʰ ɛ ŋ ɦ ³¹	cʰ ãi ³⁵	cʰ e ³³ + tʰ ə̃ ³¹	cʰ ɛ ŋ ⁵⁵	cʰ ɛ ŋ ɦ ³¹	cʰ w ãi ⁵³	cʰ i ⁵⁵	
326.0_326_weaveclothloom	tʰ e ³³	tʰ a ¹¹	tʰ a ¹¹		tʰ a ³³	tʰ a ³¹	tʰ a ¹¹	tʰ a ³³	tʰ a ⁵⁵	tʰ a ⁴⁵	
327.0_327_weavebaskets	tʰ a ³³	tʰ i ⁵³	tʰ i ⁵⁵	tʰ ɛ ŋ ɦ ³¹	tʰ ãi ³⁵	tʰ e ³³	tʰ ɛ ŋ ⁵⁵	tʰ ɛ ŋ ɦ ³¹	tʰ ãi ⁵³	tʰ i ⁵⁵	tʰ e ⁵⁵
328.0_328_weevil	r ɔ ¹¹	r əu ¹¹	r ə ¹¹	r o ŋ ⁵³	ɣ ãu ¹¹	ɣ ə ɦ ¹¹	r o ŋ ¹¹	r o ŋ ⁵⁵	β õu ³³	ɣ ɨ ³¹	
329.0_329_wet	c o ¹¹	c au ¹¹	c o ¹¹	c au ⁵⁵	c ɔ ³³	b a ³¹ + c ɔ ³¹	c ɔ ¹¹	c au ³³	c o ⁵⁵	c ɔ ⁴⁵	c ɔ ³³
33.0_33_brain	kʰ u ¹¹ + n ɔ ³³	n ɔ ʔ ²¹	kʰ u ³³ + n ə ³³	ʔ u ⁵⁵ + n o k ⁴⁵	kʰ u ⁵⁵ + n au ʔ ²¹	kʰ o ³¹ + n u ʔ ²¹	kʰ o ⁵⁵ + n o k̚ ⁵¹	ʔ a ⁵⁵ + n u ʔ ⁴⁵	kʰ u ⁵⁵ + n ɔu ʔ ⁴⁵	kʰ u ʔ ⁴⁵ + n ɔu ɦ ¹¹	n o ¹¹
330.0_330_white	b u ³³	b au ⁵³	b u ⁵⁵	b w a ɦ ³¹		k w a ³³	ˀb w ua ⁵⁵	b w a ɦ ³¹	k w a ɦ ³¹	w a ⁵⁵	ɓ ʊ ⁵⁵
331.0_331_wide	l ɛ ¹¹	l ɛ ¹¹	l ɛ ¹¹	l ai ⁵³	l ɛ ɦ ¹¹	l ɛ ɦ ¹¹	l ɛ ¹¹	l ai ⁵⁵	l ɛ ³³	l ɛ ³¹	l a ³³ + l ɛ ³³
332.0_332_wife	m e ³³	m a ⁵³	m a ⁵⁵	m a ɦ ³¹	m a ³⁵	m a ³³	m̥ a ⁵⁵	m a ɦ ³¹	m a ⁵³	m a ⁵⁵	m ɛ ⁵⁵
333.0_333_wild	m i ¹¹	m i ³³	m i ³³	m i ³³	m ei ⁵⁵	m i ³³	m i ⁵⁵	m i ⁵³	m ei ɦ ³¹	m i ³³	
334.0_334_win	n ɨ ¹¹	n ɨ ³³		n ə ŋ ³³	n ɑ̃ ⁵⁵	n ə ³³	n ɨ ŋ ⁵⁵	n ə ŋ ⁵³	n ə̃ɨ ɦ ³¹	n ɨ ³³	
335.0_335_wing	d a ⁵⁵		d e ³³	d e ʔ ²¹	d ai ʔ ⁴⁵	d i ʔ ⁴⁵ + cʰ e ³³	ˀd e ʔ̚ ⁵¹	d i ʔ ²¹	d ai ʔ ³¹	d ai ʔ ²¹	ɗ e ³³
336.0_336_wrongmistakeerror			m a ¹¹	m a ⁵⁵		k ə ¹¹ + m a ³¹	g ə ⁰ + m̥ a ¹¹	m a ³³	m a ⁵⁵	m a ⁴⁵	g ə ³³ + m ɛ ³³
337.0_337_yampotato		n w ɛ ¹¹	n ɛ ¹¹	n w ɛ ⁵⁵	n ɛ ³³	n w ɛ ɦ ¹¹	n̥ w ɛ ¹¹	n w ɛ ³³	n ɛ ⁵⁵	n w ɛ ⁴⁵	n w ɛ ³³
338.0_338_year	n a ¹¹	n e ¹¹	d e ¹¹	n e ŋ ⁵⁵	n ãi ³³	n ĩ ³¹	n̥ e ŋ ¹¹	n e ŋ ³³	n ɛĩ ⁵⁵	n i ⁴⁵	ɗ e ³³
339.0_339_yellow	b ɛ ³³	b a ŋ ⁵³	b ɔ ⁵⁵		b ɛ̃ ⁵⁵	b ɔ̃ ³³	ˀb a ŋ ⁵⁵		b ɔ̃ ɦ ³¹	b ɔ ⁵⁵	
34.0_34_branchaff	pʰ i ³³	pʰ ai ⁵³	pʰ i ⁵⁵	pʰ e ɦ ³¹	pʰ i ³⁵	pʰ e ³³	pʰ e ⁵⁵	pʰ e ɦ ³¹	pʰ i ⁵³	pʰ e ⁵⁵	
340.0_340_yes	m a ¹¹	m w ɛ ¹¹	m ɛ ¹¹	m w ɛ ⁵³	m ɛ ɦ ¹¹	m e ɦ ¹¹	m w ɛ ¹¹	m w ɛ ⁵⁵	m w ɛ ³³	m ɛ ³¹	
341.0_341_youngsofttender	c e ¹¹	c a ¹¹	c a ¹¹	cʰ a ⁵³			ɟ a ¹¹	c a ⁵⁵		c a ³¹	j ɛ ³³
35.0_35_breasts	n u ¹¹	n u ¹¹	n u ¹¹		n u ɦ ¹¹	n u ɦ ¹¹	n u ¹¹		n u ³³	n u ³¹	n u ³³
36.0_36_brokensplitseparate	pʰ e ⁵⁵	pʰ a ʔ ⁴⁵	pʰ ɔ ³³	p a ʔ ²¹	pʰ a ʔ ⁴⁵	pʰ a ʔ ⁴⁵	p a ʔ̚ ⁵¹	p a ʔ ²¹	pʰ a ʔ ²¹	pʰ a ʔ ²¹	pʰ a ³³
37.0_37_buffalo	p e ⁵⁵ + n e ¹¹	b u ʔ ⁴⁵ + n a ¹¹	p a ³³ + n a ¹¹	p a ʔ ²¹ + n a ⁵³	p a ʔ ²¹ + n a ɦ ¹¹	p ə ³³ + n a ɦ ¹¹	p ə ʔ̚ ⁰ + n a ¹¹	p a ʔ ²¹ + n a ⁵⁵	p ə ʔ ²¹ + n a ³³	p ə ¹¹ + n a ³¹	b ə ³³ + n ɛ ³³
38.0_38_buy	pʰ r i ¹¹	p r ai ³³	p r i ³³	pʰ r e ³³		p ɣ e ³³	b r e ⁵⁵	pʰ r e ⁵³		p ɣ e ³³	a ⁵⁵ + b w ɪ ³³
39.0_39_caress	pʰ ɨ ³³	pʰ w a ŋ ⁵³	pʰ u ⁵⁵	pʰ r ɨ ⁵⁵	pʰ ã ³⁵	pʰ ɣ u ³³	pʰ r u ɴ ⁵⁵	p w ə m ³³	pʰ õ ⁵⁵	pʰ u ⁵⁵	
4.0_4_arrowdart	p l e ¹¹	p l a ¹¹	p l a ¹¹	pʰ l a ⁵³	pʰ l a ɦ ¹¹	p l a ɦ ¹¹	b l a ¹¹	p l a ⁵⁵	pʰ l a ³³	p l a ³¹	b l ɛ ³³
40.0_40_carryontheback			pʰ ɨ ¹¹		p əɨ̯ ³³		p ɨ ¹¹		p ɨ ⁵⁵	pʰ ɨ ⁴⁵	pʰ u ³³
41.0_41_caterpillar	s i ⁵⁵	θ ɨ ʔ ⁴⁵	s i ³³	s e ʔ ²¹	s ɨ ³⁵	s i ʔ ⁴⁵	s i ʔ ⁵¹	s i ʔ ²¹	θ ai ʔ ²¹	s ai ʔ ²¹	θ a ³³
42.0_42_catfish	k u ¹¹	k u ⁵³	k u ¹¹	k u ɦ ³¹			k u ⁵⁵	k u ɦ ³¹	k u ⁵⁵	k u ⁴⁵	
43.0_43_carapaceshell	ʔ a ¹¹ + k ɔ ³³	k o ⁵³	ʔ a ¹¹ + k ɨ ⁵⁵		ʔ a ¹¹ + k ou̯ ⁵⁵	k ɨ ʔ ⁴⁵	k ɨ ⁵⁵		k u ɦ ³¹	k ɨ ⁵⁵	k o ⁵⁵
44.0_44_centipede		t a ʔ ¹¹ + b a ŋ ⁵³		t a ʔ ⁴⁵ + b a ŋ ɦ ³¹		d a ʔ ⁴⁵ + b ɔ̃ ³³	t a ʔ̚ ⁵¹ + ˀb a ŋ ⁵⁵	t a ʔ ⁴⁵ + b a ŋ ɦ ³¹	d a ʔ ⁴⁵ + b ɔ̃ ɦ ³¹	d a ʔ ¹¹ + b ɔ ⁵⁵	
45.0_45_chameleon	kʰ w i ¹¹	kʰ w i ¹¹	kʰ w i ¹¹	kʰ w i ⁵⁵	kʰ w i ³³	kʰ w i ³¹	kʰ w i ¹¹	kʰ w i ³³	kʰ w i ⁵⁵	kʰ w i ⁴⁵	kʰ w i ³³
46.0_46_charcoal	s u ¹¹	θ au ¹¹	s u ¹¹	s w a ⁵⁵	s w a ³³	s w a ³¹	s w ua ¹¹	s w a ³³	θ w a ⁵⁵	s w a ⁴⁵	
47.0_47_chicken	cʰ ɛ ³³	ɕ a ŋ ⁵³	ɕ ɔ ⁵⁵	ɕ j a n ɦ ³¹	cʰ ɛ̃ ³⁵	cʰ ɔ ³³	cʰ j a ɴ ⁵⁵	ɕ j a n ɦ ³¹	cʰ ɔ̃ ⁵³	cʰ ɔ ⁵⁵	ʃ a ⁵⁵
48.0_48_chilipepperpungent	h ɛ ⁵⁵	h ɛ ʔ ⁴⁵	h ɛ ³³	h a t ²¹		h ɛ ³³	h a t̚ ⁵¹	h a p ²¹	ɣ ɛ ⁵⁵	h ɛ ⁵⁵	h ɛ ³³
49.0_49_chinjaw	kʰ e ¹¹	kʰ a ¹¹	kʰ a ¹¹	kʰ a ⁵⁵	kʰ a ³³	kʰ a ³¹	kʰ a ¹¹	kʰ a ³³	kʰ a ⁵⁵	kʰ a ⁴⁵	kʰ ɛ ³³
5.0_5_ascendgouprise	tʰ ɛ ¹¹	tʰ a ŋ ¹¹	h ɔ ¹¹	tʰ a ŋ ⁵⁵	tʰ ɛ̃ ³³	tʰ ɔ̃ ³¹	tʰ a ŋ ¹¹	tʰ a ŋ ³³	tʰ ɔ̃ ⁵⁵	tʰ ɔ ⁴⁵	tʰ a ³³
50.0_50_cicada	j a ¹¹	j ai ³³		ŋ j ai ³³	j ai ⁵⁵	j e ³³	ŋ j ai ⁵⁵		j ai ɦ ³¹		
51.0_51_civetcat		tʰ u ¹¹	tʰ u ¹¹				tʰ u ¹¹		tʰ u ʔ ²¹ + tʰ õ ɦ ³¹		tʰ u ³³
52.0_52_classifierhandofbananas	s ə ¹¹	θ ɨ ¹¹	s i ¹¹	s i ⁵⁵	s ei ³³	s i ³¹	s ei ¹¹	s i ³³		s i ⁴⁵	
53.0_53_classifierforflatobjects	b e ¹¹	b a ¹¹	b a ¹¹	b a ⁵⁵	b ai ³³	b e ³¹	ˀb a ¹¹	b a ³³	b ai ⁵⁵	b i ⁴⁵	
54.0_54_classifierforpeoplepersons	pʰ r e ¹¹	p r a ³³	p r a ³³	pʰ r a ³³	p ɣ a ⁵⁵	p ɣ a ³³	b r a ⁵⁵	pʰ r a ⁵³	p ɣ a ɦ ³¹	p ɣ a ³³	
55.0_55_classifierforapieceofmeatcakeetc	p l ɔ ¹¹		p l o ¹¹	p l ɔ ŋ ⁵⁵	pʰ l ɔ̃ ³³	b l õ ³¹	p l ɔ ŋ ¹¹		pʰ l õ ⁵⁵	b l u ⁴⁵	
56.0_56_classifierforplantsegbambooricebananaetcclumpsclusters		kʰ au ¹¹			kʰ u ³³	kʰ o ³¹	kʰ o ¹¹		kʰ u ⁵⁵	kʰ u ⁴⁵	
57.0_57_classfierforroundobjects	pʰ l ɔ ¹¹	pʰ l əu ¹¹	pʰ l ə ¹¹	pʰ l o ŋ ⁵⁵	pʰ l ãu ³³	pʰ l ə̃ ³¹	pʰ l o ŋ ¹¹	pʰ l o ŋ ³³	pʰ l õu ⁵⁵	pʰ l ɨ ⁴⁵	
58.0_58_classifierforlongobjects	b o ³³	b ɔ ⁵³	b o ⁵⁵		b ɔ̃ ⁵⁵	b o ³³	ˀb ɔ ɴ ⁵⁵		b õ ɦ ³¹	b u ⁵⁵	
59.0_59_classifierforfourleggedanimals	d o ³³	d əɨ ⁵³	d ə ⁵⁵		d əɨ ⁵⁵	d ɨ ³³	ˀd ə ⁵⁵		d ɨ ɦ ³¹	d ɨ ⁵⁵	
6.0_6_ashesfireplace	pʰ e ¹¹	pʰ a ¹¹	pʰ a ¹¹	pʰ a ⁵⁵		pʰ a ³¹	pʰ a ¹¹	pʰ a ³³		pʰ a ⁴⁵	
60.0_60_closeoneseyes		b i ¹¹	b i ¹¹		b ei ³³	b ĩ ³¹	ˀb i ¹¹		b ei ⁵⁵	b i ⁴⁵	
61.0_61_combv	kʰ w i ⁵⁵	kʰ w i ʔ ⁴⁵	w i ³³	w u t ²¹	kʰ w i ³⁵	kʰ w i ³³	kʰ w i t ⁵¹		kʰ w i ⁵³	kʰ w i ⁵⁵	kʰ w i ³³
62.0_62_cottonthread	l o ¹¹	l u ¹¹	l u ¹¹	l u ⁵⁵	l ou ³³	l ɨ ³¹	l̥ ou ¹¹	l u ³³	l ou ⁵⁵	l ɨ ⁴⁵	l u ³³
63.0_63_coughv	kʰ ɨ ⁵⁵	kʰ u ʔ ⁴⁵	kʰ ɨ ³³	kʰ u k ²¹	kʰ au ʔ ⁴⁵	kʰ u ʔ ⁴⁵	kʰ u k̚ ⁵¹		kʰ ɔu ʔ ³¹	kʰ ɔu ʔ ²¹	θ ə ⁵⁵ + kʰ u ³³
64.0_64_crab	cʰ w a ¹¹	cʰ w ɛ ¹¹	cʰ ɛ ¹¹	cʰ w ɛ ⁵⁵	cʰ w ɛ ³³	cʰ w ɛ ³¹	cʰ w ɛ ¹¹	cʰ w ɛ ³³	cʰ w ɛ ⁵⁵	cʰ w ɛ ⁴⁵	ʃ w ɛ ³³
65.0_65_cricket	k i ³³	k i ⁵³	k i ⁵⁵	k i ɦ ³¹		s ə ¹¹ + k i ³³	s ə ⁰ + k i ⁵⁵	k i ɦ ³¹		t ə ¹¹ + k i ⁵⁵	
66.0_66_crocodile			m a ¹¹		m a ³³	s ə ³³ + m a ³¹	s ə ⁰ + m̥ a ¹¹		m a ⁵⁵	m a ⁴⁵	θ ə ³³ + m ɛ ³³
67.0_67_cropoffowlgizzard	k ɛ ³³ + n i ³³		k i ¹¹ + n i ⁵⁵		n ei ³⁵	k ə ¹¹ + n i ³³	k ə ⁰ + n̥ i ⁵⁵		n ei ⁵³	n i ⁵⁵	k ə ⁵⁵ + n i ⁵⁵
68.0_68_crossv	kʰ ɛ ³³		kʰ ɔ ⁵⁵		kʰ ɛ̃ ³⁵	kʰ ɔ ³³	kʰ a ɴ ⁵⁵		kʰ ɔ̃ ⁵³	kʰ ɔ ⁵⁵	
69.0_69_crossbow	kʰ l ə ¹¹		kʰ l i ¹¹	kʰ l i ⁵⁵	kʰ l ei ³³	kʰ l i ³¹	kʰ l ei ¹¹	kʰ l i ³³	kʰ l ei ⁵⁵	kʰ l i ⁴⁵	kʰ l i ³³
7.0_7_astringent	kʰ j a ⁵⁵	kʰ i ʔ ⁴⁵		kʰ j a ʔ ²¹	k ai ʔ ⁴⁵	k i ʔ ⁴⁵	k j a ʔ̚ ⁵¹		k ai ʔ ³¹	k ai ʔ ²¹	
70.0_70_crowv	ʔ u ¹¹		ʔ u ¹¹	ʔ o ⁵⁵	ʔ u ³³	ʔ ɔ ³¹ + ʔ o ³³	ʔ o ¹¹	ʔ o ³³	ʔ ɔ̃ ɦ ³¹ + ʔ u ⁵⁵	ʔ u ⁵⁵	o ³³
71.0_71_crushv	n o ¹¹		n o ¹¹		n ɔ̃ ³³	n õ ³¹	k ə ⁰ + n̥ ɔ ɴ ¹¹		n õ ⁵⁵	n u ⁴⁵	k ə ³³ + n ʊ ³³
72.0_72_cucumber	d ə ³³		d i ⁵⁵		d ei ⁵⁵	d i ³³	ˀd ei ⁵⁵	d i ɦ ³¹	d ei ɦ ³¹	d i ⁵⁵	ɗ i ⁵⁵
73.0_73_darklateevening	kʰ i ⁵⁵	kʰ ɨ ʔ ⁴⁵	kʰ i ³³	kʰ e ʔ ²¹	kʰ ai ʔ ⁴⁵	kʰ i ʔ ⁴⁵	kʰ i ʔ̚ ⁵¹	kʰ i ʔ ²¹	kʰ ai ʔ ³¹	kʰ ai ʔ ²¹	kʰ i ³³
74.0_74_daughterinlaw	d ɛ ¹¹	d ɛ ¹¹	d ɛ ¹¹		d ɛ ³³	d ɛ ³¹	ˀd ɛ ¹¹		d ɛ ⁵⁵	d ɛ ⁴⁵	ɗ ɛ ³³
75.0_75_day	n ə ¹¹		n i ³³	n i ³³	n ei ⁵⁵	n i ³³	n ei ⁵⁵	n i ⁵³	n ei ɦ ³¹	n i ³³	n i ³³
76.0_76_deaddie		s ə ³³	s i ⁵⁵	s i ɦ ³¹	s ei ³⁵	s i ³³	s ei ⁵⁵	s i ɦ ³¹	θ ei ⁵³	s i ⁵⁵	θ ɨ ⁵⁵
77.0_77_deaf	ʔ ɔ ³³	ʔ ə ŋ ⁵³	ʔ ə ⁵⁵	ʔ ə ŋ ɦ ³¹	ʔ ɑ̃ ⁵⁵	ʔ ə ³³	ʔ ə ŋ ⁵⁵	ʔ ə ŋ ɦ ³¹	ʔ ə̃ ɦ ³¹	ʔ ə ⁵⁵	t ə ⁰ + o ⁵⁵
78.0_78_deep	j ɛ ³³	ɟ au ʔ ²¹		j ɔ ʔ ⁴⁵	j o ʔ ²¹	j ɔ ʔ ²¹	j ɔ ʔ̚ ⁵¹	j ɔ ʔ ⁴⁵	j u ʔ ⁴⁵	j o ɦ ¹¹	j ɔ ¹¹
79.0_79_deerbarking	kʰ ə ³³	kʰ ɨ ⁵³	kʰ i ⁵⁵	kʰ i ɦ ³¹			d ə ⁰ + kʰ ei ⁵⁵	kʰ i ɦ ³¹			d o ¹¹ + kʰ i ⁵⁵
8.0_8_bamboo	w e ¹¹	h w a ¹¹		w a ⁵⁵	w a ³³	w a ³¹	h w a ¹¹	w a ³³	w a ⁵⁵	w a ⁴⁵	h ɛ ³³
80.0_80_deersambha	kʰ r ɔ ⁵⁵	kʰ j ɔ ʔ ⁴⁵	kʰ ə ³³	kʰ j o ʔ ²¹	t a ³³ + x ɔ ⁵⁵	t a ³³ + x ɔ ³³	t ə ⁰ + kʰ r o ʔ ⁵¹	kʰ j u ʔ ²¹	cʰ ə ³³ + x o ɦ ³¹	tʰ ɔ ³³ + x ɔ ⁵⁵	kʰ o ³³
81.0_81_delicious	w i ¹¹	ʔ w i ¹¹	w i ¹¹	ʔ w i ⁵⁵	ʔ w i ³³	k w i ²¹	ʔ w i ¹¹	ʔ w i ³³	ʔ w i ⁵⁵		
82.0_82_descentgodownset	l ɛ ¹¹	l a ŋ ³³	l ɔ ³³	l a ŋ ³³	l ɛ̃ ⁵⁵	l ɔ̃ ³³	l a ŋ ⁵⁵	l a ŋ ⁵³	l ɔ̃ ɦ ³¹	l ɔ ³³	l a ³³
83.0_83_dig	kʰ u ¹¹		kʰ u ¹¹	kʰ u ⁵⁵	kʰ u ³³	kʰ u ³¹	kʰ u ¹¹	kʰ u ³³	kʰ u ⁵⁵	kʰ u ⁴⁵	
84.0_84_dipup		d u ¹¹	d u ¹¹		d ãə ³³	d ə̃ ³¹	ˀd ə ŋ ¹¹		d ãə ⁵⁵	d ɨ ⁴⁵	ɗ ɔ ⁵⁵
85.0_85_dipterocarpustuberculatusroxb	tʰ ɔ ³³	tʰ ə ⁵³	tʰ ə ⁵⁵	tʰ ə̤ ŋ ³¹	tʰ ɑ̃ ⁵⁵	tʰ ə ³³	tʰ ə ɴ ⁵⁵			tʰ ɔ ⁵⁵	
86.0_86_disappearlost	m e ¹¹	m a ¹¹	m a ¹¹	m a ⁵³	m a ɦ ¹¹	m a ɦ ¹¹	m a ¹¹	m a ⁵⁵	m a ³³	m a ³¹	h ɛ ⁵⁵ + m ɛ ³³
87.0_87_dog	tʰ w i ¹¹	tʰ w i ¹¹	tʰ i ¹¹	tʰ w i ⁵⁵	tʰ w i ³³	tʰ w i ³¹	tʰ w i ¹¹	tʰ w i ³³	tʰ w i ⁵⁵	tʰ w i ⁴⁵	tʰ w i ³³
88.0_88_domake	m e ¹¹	m a ³³	m a ³³	m a ³³	m a ⁵⁵	m a ³³	m a ⁵⁵	m a ⁵³	m a ɦ ³¹	m a ³³	m ɛ ⁵⁵
89.0_89_dove	l w i ¹¹	l w i ¹¹	l i ¹¹	l w i ⁵³	l ei ɦ ¹¹	l w i ɦ ¹¹	l w i ¹¹	l w i ⁵⁵	l w i ³³	l w i ³¹	l w i ³³
9.0_9_bamboorat		ɟ u ¹¹ + kʰ a ŋ ⁵³	kʰ ɔ ⁵⁵	kʰ a ŋ ɦ ³¹	kʰ ɛ̃ ³⁵	kʰ ɔ̃ ³³	kʰ a ŋ ⁵⁵		kʰ ɔ̃ ⁵³	kʰ ɔ ⁵⁵	kʰ a ⁵⁵
90.0_90_dreamv	m ɛ ¹¹	m a ŋ ¹¹	m ɔ ¹¹	m a ŋ ⁵³	m ɛ̃ ɦ ¹¹	m i ³³ + m ɔ̃ ³¹	m a ŋ ¹¹	m a ŋ ⁵⁵	m ɔ̃ ³³	m ɔ ³¹	m i ⁵⁵ + m a ³³
91.0_91_drinkv	ʔ o ³³	ʔ au ⁵³	ʔ o ⁵⁵		ʔ ɔ ⁵⁵	ʔ ɔ ³³	ʔ ɔ ⁵⁵		ʔ o ɦ ³¹	ʔ ɔ ⁵⁵	ɔ ⁵⁵
92.0_92_dryv		l au ⁵³	l u ⁵⁵	l o ɦ ³¹	l u ³⁵	l o ³³	l̥ o ⁵⁵	l o ɦ ³¹	l u ⁵³	l u ⁵⁵	l o ⁵⁵
93.0_93_drunk	m ɨ ¹¹	m ɨ ³³	m ʉ ³³	m u n ³³	m ɑ̃ ⁵⁵	m u ³³	m w ɨ ɴ ⁵⁵	m w ə m ⁵³	m ə̃ɨ ɦ ³¹	m u ³³	m u ³³
94.0_94_dungexcrement	ʔ i ¹¹	ʔ ai ¹¹	ʔ i ¹¹	ʔ e ⁵⁵	ʔ i ³³	ʔ e ³¹	ʔ e ¹¹	ʔ e ³³	ʔ i ⁵⁵	ʔ e ⁴⁵	ɪ ³³
95.0_95_ear	n e ¹¹	n a ¹¹	n a ¹¹	n a ⁵³	n a ɦ ¹¹	n a ɦ ¹¹	n a ¹¹	n a ⁵⁵	n a ³³	n a ³¹	n ɛ ³³
96.0_96_earthworm	j a ³³	ɟ ɛ ʔ ²¹	j e ³³	j ɛ ʔ ⁴⁵			j ɛ ʔ ⁵¹	j ɛ ʔ ⁴⁵			
97.0_97_easy	j u ³³	j au ⁵³	j u ⁵⁵		j ɔ ³⁵	ɲ ɔ ³³	ɲ̊ au ⁵⁵		j o ⁵³	ɲ ɔ ⁵⁵	j o ⁵⁵
98.0_98_eat	ʔ e ¹¹	ʔ a ŋ ¹¹	ʔ ɔ ¹¹	ʔ a m ⁵⁵	ʔ ã ³³	ʔ ɔ̃ ³¹	ʔ a m ¹¹	ʔ a m ³³	ʔ ɔ̃ ⁵⁵	ʔ ɔ ⁴⁵	a ³³
99.0_99_egg	d ə ¹¹	d ɨ ¹¹	d i ¹¹	d i ⁵⁵	d ei ³³	d i ³¹	ˀd ei ¹¹	d i ³³	d ei ⁵⁵	d i ⁴⁵	ɗ i ³³
nan_124_four							l̥ w i t̚ ⁵⁵				
nan_136_hairhead							kʰ u ¹¹ + s u ⁵⁵				
nan_203_nine							kʰ w i ⁵⁵				
nan_254_shivering							t ə ʔ̚ ⁰ + n̥ ɔ ʔ̚ ⁵¹				
