Cognate_ID,aromanian,barbaniapiemontese,bellunesevenetian,campidanese,carmagnolapiemontese,carpigianoemiliano,castellodelaplanacatalan,castilianspanish,cataniansicilian,centralcatalan,dalmatian,fassanoladin,ferrareseemiliano,friulian,gardeneseladin,genoeseligurian,grossetoitalian,istroromanian,lanzotorinesepiemontese,logudorese,manisescatalan,meglenoromanian,messinesesicilian,minorcancatalan,neapolitan,northwesterncatalan,palermitansicilian,primierovenetian,provencaloccitan,rapalloligurian,ravennateromagnol,reggianoemiliano,romanian,rumantschgrischun,southeasternsicilian,standarditalian,stellaligurian,surmiranromansh,sursilvanromansh,valenciancatalan,valladerromansh,venicevenetian,vercellesepiemontese
100_yellow,ɡ ˈa l b + i n + u,dʒ a w ŋ,dʒ a l,ɡ r ˈo ɣ + u,dʒ a w ŋ,z aː l,ɡ ɾ ˈɔ k,a m a ɾ + ˈi ʎ + o,dʒ ˈa lː + u,ɡ ɾ ˈɔ k,dz w ˈo l n + o,z a l,dz a l,dʒ aː l,ɡ j ə l,dʒ ˈa n + u,dʒ a lː + o,ʒ u t,dʒ a w ŋ,ɡ r ˈo ɡ + u,ɡ ɾ ˈɔ k,ɡ ˈa l b + i n,dʒ ˈa lː + u,ɡ ɾ ˈɔ k,dʒ ˈa lː + ə,ɡ ɾ ˈɔ k,dʒ ˈa ɾ n + u,dʒ a l,dʒ ˈa w n + e,dʒ ˈa lː + u,dz a l,dz aː l,ɡ ˈa l b + e n,m ˈɛ l ə n,ɡː ˈj a ɾ n + u,dʒ a lː + o,dʒ ˈaː n + u,m ˈɛ l ə n,m ˈɛ l ə n,ɡ ɾ ˈɔ k,ɡ ˈɛ l k,z ˈa e v + o,dʒ a l t
101_far,d i + p ˈa r t + e,l u ŋ t ˈa ŋ,l o ŋ t ˈa ŋ,a + t ˈe z + u,l u ŋ t ˈa ŋ,l u n t ˈa n,ʎ u ɲ,l ˈe x + o s,l u n t ˈa n + u,ʎ u ɲ,l o n t ˈw o ŋ,d a + l ˈo n tʃ,l u n t ˈa n,l o n t ˈa ŋ,l o n tʃ,l u ŋ t ˈa n,l o n t ˈa n + o,l ˈɒ r ɡ + o,l œ ɲ,a + l ˈa r ɡ + u,ʎ u ɲ,d i + p ˈa r t + i,l u n t ˈa n + u,ə n + f ˈɔ ɾ ə,l u n t ˈa n + ə,ʎ u ɲ,l u n t ˈa n + u,l o ŋ t ˈa ŋ,l j e w ˈe ŋ,l u ŋ t ˈa n,l u n t ˈã n,l u n t ˈaː n,d e + p ˈa r t + e,d ə + l ˈu n ʃ,l u n t ˈa n + u,l o n t ˈa n + o,l u ŋ t ˈa n,ʎ ˈu n ʃ,l u n ʃ,ʎ u ɲ,d ə + l ˈœ n tʃ,l o ŋ t ˈa ŋ,l u ŋ t ˈa ŋ
102_heavy,ɡ r e w,ɡ r ˈɛ v,p e z + ˈa ŋ t + e,ɡ r a j,ɡ r ˈɛ v,p eː z,p e z + ˈa t,p e s + ˈa ð + o,p i s + ˈa n t + i,p ə z + ˈa t,p e z + ˈw o n t,p e z + ˈo k,p e s,p e z + ˈa n t,p ə z + ˈɔ k,p e z + ˈa ŋ t + e,p ˈe s + o,ɡ r e v,ɡ r ˈɛ v,ɡ r ˈa v + e,p e z + ˈa t,ɡ r e w,p i s + ˈa n t + ɨ,p ə z + ˈa t,p ə s + ˈa n t + ə,p e z + ˈa t,p i s + ˈa n t + i,ɡ r e w,l u ɾ d,p e z + ˈaː ŋ t + e,p ˈɛ z + ˈã n t,p ˈɛ j z,ɡ r e w,ɡ r e f,p i s + ˈa n t + i,p e s + ˈa n t + e,p e z + ˈaː ŋ t + e,ɡ r e f,ɡ r e f,p e z + ˈa t,ɡ r ˈɛ j f,p e z + ˈa ŋ t + e,p i z + ˈaː ŋ t
103_near,a + p r ˈo̯a p + e,d a + v z ˈi ŋ,v i z ˈi ŋ,b i ʒ i n + u,v z ˈi ŋ,z v ˈɛ j n,a + p ɾ ˈɔ p,θ ˈe ɾ k + a,v i tʃ ˈi n + u,ə + p ɾ ˈɔ p,a + l ˈi tʃ,d a + v e ʒ ˈi ŋ,v s i n,d ˈɔ n dʲ + e,d a + w ʒ ˈi ŋ,v e ʒ ˈiː n,v i tʃ ˈi n + o,p r ˈo p + e,d a + v z ˈi ŋ,a + k ˈa n t + e,p ɾ ˈɔ p,p r ˈo̯a p + i,v ɨ tʃ ˈi n + u,ə + p ɾ ˈɔ p,v i ʃ ˈi n + ə,a + p ɾ ˈɔ p,v i tʃ ˈi n + u,v e z ˈi ŋ,p ɾ ˈɔ tʃ + e,v i ʒ ˈi n,b z ˈẽ n,v z e j n,a + p r ˈo v a p + e,d ə + m ə n + ˈa j v + ə l,v i tʃ ˈi n + u,v i tʃ ˈi n + o,v i ʒ ˈi n,m ə n + ˈe v + ə l,d ə + m ə n + ˈɛ j v + ə l,p ɾ ˈɔ p,d ə + ʃ t r ˈu ʃ,v i s ˈi ŋ,v z iː ŋ
104_salt,s ˈa r + e,s a l,s a l,s ˈa l + i,s a l,s ˈɛː l,s a lˠ,s a l,s ˈa l + i,s a lˠ,s w a l,s ˈɛ l,s a l,s aː l,s ˈɛ l,s aː,s ˈa l + e,s ˈɒ r + e,s a l,s ˈa l + e,s a lˠ,s ˈa r + i,s ˈa l + ɨ,s a lˠ,s ˈa l + ə,s a lˠ,s ˈa l + i,s a l,s a w,s aː,s e a l,s ˈɛː l,s ˈa r + e,s a l,s ˈa l + i,s ˈa l + e,s oː,s a l,s a l,s a lˠ,s a l,s a l,s a l
105_short,s k ˈu r t + u,k y r t,k u r t,k r ˈu tːs + u,k y r t,k u r t,k u ɾ t,k ˈo ɾ t + o,k ˈu ɾ t + u,k u ɾ t,k w a r t,k u r t,k u r t,k u r t,k u r t,k ˈu r t + u,k ˈo r t + o,s k u r t,k y r t,k ˈu r ts + u,k u ɾ t,k u s,k ˈu tː + u,k u ɾ t,k ˈu r t + ə,k u ɾ t,k ˈu ɾ t + u,k u r t,k u ɾ t,k ˈy r t + u,k u r t,k uː r t,s k u r t,k u r t,k ˈu ɾ t + u,k ˈo r t + o,k ˈy r t + u,k u r t,k w o r t,k u ɾ t,k w o r t,k ˈu r t + o,k œ r t
106_snake,ʃ ˈa r p + e,s ˈɛ r p + ˈɛ ŋ t,b ˈi s + a,s ˈɛ r p + i,s ˈɛ r p,s e r p + ˈɛ j n t,s e ɾ p,s e ɾ p + ˈj e n t + e,s k u ɾ s ˈu n + i,s e ɾ p,s e r p ˈj a n t,s e r p + ˈe n t,s e r p + ˈɛ n t,s a r p ˈi n t,b ˈe k + a,s e r p + ˈe n t + e,s ˈɛ r p + e,ʃ ˈɒ r p + e,s ˈɛ r p,k o l ˈo v r i + u,s e ɾ p,ʃ ˈa r p + i,s ˈɛ ɾ p + i,s e ɾ p,s ˈɛ r p + ə,s e ɾ p,s ˈj ˈɛ ɾ p + i,b ˈi s + a,s ˈɛ ɾ p,b ˈi ʒ + a,s a r p + ˈẽ n t,s a r p + ˈɛ j n t,ʃ ˈa r p + e,s ˈɛ r p,ʃ k u sː ˈu n + i,s ˈɛ r p + e,b ˈi ʃː + a,ts ˈɛ r p,s j a r p,s e ɾ p,s ˈɛ r p,s e r p + ˈe ŋ t + e,s a r p + ˈeː ŋ t
107_thin,s u p + ts ˈɨ r + e,s y + t ˈi l,f i ŋ,f ˈi n + i,s y + t ˈi l,m ˈɛ ɡ e r,p r i m,f ˈi n + o,f ˈi n + u,p r i m,,s o + t ˈi l,m ˈa ɡ a r,s u + t ˈiː l,s u + t ˈi l,s u t + ˈiː,f ˈi n + o,s u p + ts ˈi r + e,s y + t ˈi l,l ˈa n dz + u,p r i m,s l a p,f ˈi n + u,p r i m,f ˈi n + ə,p r i m,f ˈi n + u,f i ŋ,f i ŋ,s u tː + ˈi,s + t i l,s u + t ˈiː l,s u b + ts ˈi r + e,f i n,f ˈi n + u,s o + tː ˈi l + e,s ˈɛː t + ˈi,f e ɲ,f i n,p r i m,f i n,f i ŋ,s u + t ˈiː l
108_wind,v ˈi m t + u,v ˈɛ ŋ t,v ˈɛ ŋ t,b ˈe n t + u,ˈa r j + a,v ˈɛ j n t,v e n,b ˈj e n t + o,v ˈɛ n t + u,b e n,v j a n t,v e n t,v e n t,ˈa j a r,v ə n t,v ˈeː ŋ t + u,v ˈɛ n t + o,b ˈo r + ˈæ,v ˈɛ ŋ t,v ˈe n t + u,b e n t,v i n t,v ˈɛ n t + u,v e n t,v ˈj e n t + ə,b e n,v ˈj ˈɛ n t + u,v ˈɛ ŋ t,v ˈɛ n t,v ˈe ŋ t + u,v ˈɛ n t,v ˈɛ j n t,v ɨ n t,v ˈɛ n t,v ˈj ˈɛ n t + u,v ˈɛ n t + o,v ˈæː ŋ t + u,v ˈɛ n t,v ˈɛ n t,b e n t,v ˈɛ n t,v ˈe ŋ t + o,v eː ŋ t
109_worm,ʑ ˈe r m + u,v ˈɛ r m,b u t,b r ˈɛ mː + i n + i,v ˈɛ r m,b eː ɡ,k u k,l o m b ɾ ˈi θ,v ˈɛ ɾ m + i,k u k,v j a r m,v e r m,v ˈɛ r m,v j ˈɛ r,j ə r m,v ˈɛ r m + e,b ˈa k + o,ɣ ʎ ˈe r m + u,v ˈɛ r m,ˈe r m + e,k u k,dʲ ˈa r m + i,v ˈɛ ɾ m + i,k u k,v ˈɛ r m + ə,k u k,v ˈj ˈɛ ɾ m + u,v ˈɛ r m + e n,v ˈɛ ɾ m + e,v ˈeː r m + e,v ˈeː r m + a n,b ˈɛ j ɡ,v ˈj e r m + e,v ˈɛ r m,v ˈɛ ɾ m + i,v ˈɛ r m + e,v ˈæː r m + u,v ˈɛ r m,v j ˈɛ r m,k u k,v ˈɛ r m,v ˈɛ r m + e,v ˈɛ r m
10_bone,ˈo s + u,ˈɔ s,ˈɔ s,ˈo sː + u,ˈɔ s,ɔː s,ˈɔ s,ˈw e s + o,ˈɔ sː + u,ˈɔ s,v w a s,ˈɔ s,ˈɔ s,v ˈw ˈɛ s,ˈɔ s,ˈœ sː + u,ˈɔ sː + o,o s,ˈɔ s,ˈo sː + u,ˈɔ s,w o s,ˈɔ sː + u,ˈɔ s,ˈw o sː + ə,ˈɔ s,ˈw ˈɔ sː + u,ˈɔ s,ˈɔ s,ˈɔ sː + u,ˈɔ s,ɔː s,o s,ˈɔ s,ˈw ˈɔ sː + u,ˈɔ sː + o,ˈo sː + u,ˈɔ s,j e s,ˈɔ s,ˈɔ s,ˈɔ s + o,ɔː s
110_year,ˈa n + u,a n,a n,ˈa nː + u,a n,a n,a ɲ,ˈa ɲ + o,a nː + u,a ɲ,j a j ŋ,a n,a n,a n,a n,ˈa nː + u,ˈa nː + o,ɒ n,a n,ˈa nː + u,a ɲ,a n,a nː + u,a ɲ,ˈa nː + ə,a ɲ,a nː + u,a n,a nː + ˈa d + o,ˈa nː + u,a n,aː n,a n,ˈɔ n,a nː + u,ˈa nː + o,ˈa nː + u,ˈɔ n,ˈɔ n,a ɲ,o n,ˈa n + o,a ŋ
11_breast,tʲ ˈe p t + u,p ˈɛ t,p ˈɛ t,p i tː + ˈu r + a,s t ˈɔ m i,p ˈɛː t,p i t,p ˈe tʃ + o,p ˈɛ tː + u,p i t,p j a t,p j e t,p ˈɛ t,p ˈɛ t,p j e t,p ˈe tː + u,p ˈɛ tː + o,k ʎ e p t,p ˈɛ t,p e tː + ˈo rː + a,p i t,tʲ e p t,p ˈɛ tː + u,p i t,p ˈj e tː + ə,p i t,p ˈj ˈɛ tː + u,t ˈe t + e,p e j t ɾ + ˈi n + o,k a ʃ ˈe tː + a,p ˈɛ a t,s t ˈɔ m e ɡ,p j e p t,p ˈɛ ts,p ˈj ˈɛ tː + u,p ˈɛ tː + o,p ˈæ t + u,p ˈɛ ts,p ˈɛ ts,p i t,p e t,p ˈe t + o,s t ˈɔː m i k
12_burntr,ˈa r d + u,b r y z + ˈe,b r u z + ˈa + r,a + b r u ʒ + ˈa j,b r y z + ˈe,b r u z + ˈɛː r,k ɾ e m + ˈa + ɾ,k e m + ˈa + ɾ,b r u tʃ + ˈa + ɾ i,k ɾ ə m + ˈa,,b r u ʒ + ˈɛ r,b r u z + ˈa r,b r u s + ˈaː,b r u ʒ + ˈɛ,b r y ʒ + ˈaː,b r u tʃ + ˈa + r e,p a l + ˈi,b r y z + ˈe,b r u s j + ˈa + r e,k ɾ e m + ˈa + ɾ,a r t,b a m p + ˈa + ɾ ɨ,k ɾ ə m + ˈa,a + bː r u ʃː + ˈa,k ɾ e m + ˈa,a + bː r u tʃ + ˈa + ɾ i,b r u z + ˈa + r,b r y l + ˈa,b r y ʒ + ˈa,b r u z + ˈe a,b r u z + ˈe r,a + ˈa r d + e,ˈa r d + ə r,a + bː r u ʃ + ˈa + ɾ i,b r u tʃ + ˈa + r e,b r yː ʒ + ˈæ,ˈa r d + ə r,b ə r ʃ + ˈa r,k ɾ e m + ˈa + ɾ,ˈa r d + ə r,b r u z + ˈa + r,b r y z + ˈɛ
13_clawnail,ˈu n ɡ ʎ + e,ˈu ŋ dʒ + a,ˈo ŋ dʒ + a,ˈu ŋ ɡ + a,ˈu ŋ dʒ + a,ˈu ŋ dʒ + a,ˈu ŋ ɡ lˠ + a,ˈu ɲ + a,ˈu ɲː + a,ˈu ŋ ɡ lˠ + ə,ˈo ŋ ɡ l + a,ˈo m b j + a,ˈɔ n dʒ + a,o ŋ ɡ u l + ˈe,ˈo n d l + a,ˈu ŋ dʒ + a,ˈu ŋ ɡ j + a,ˈu ŋ ɡ ʎ + e,ˈu ŋ dʒ + a,ˈu ŋ ɡ r + a,ˈu ŋ ɡ lˠ + a,ˈu n ɡ ʎ + ə,ˈu ɲː + a,ˈu ŋ ɡ lˠ + ə,ˈo ɲː + ə,ˈu ŋ ɡ lˠ + ˈɛ,ˈu ɲː + a,ˈo ŋ dʒ + a,ˈu ŋ ɡ l + o,ˈu ŋ dʒ + a,ˈo n dʒ + a,ˈo n dʒ + a,ˈu ŋ ɡ j + e,ˈu ŋ ɡ l + ə,ˈu ɲː + a,ˈu ŋ ɡ j + a,ˈu ŋ dʒ + a,ˈu ŋ ɡ l + ə,ˈu ŋ ɡ l + ə,ˈu ŋ ɡ lˠ + a,ˈu ŋ ɡ l + ə,ˈo ŋ dʒ + a,ˈoː ŋ dʒ + a
14_cloud,n i ˈo r + u,n ˈi v u l + a,n ˈu v o l + a,n u j,n ˈi v u l + a,n ˈu v l + a,n ˈu v o lˠ,n ˈu β + e,n ˈu v u l + a,n ˈu β u lˠ,n ˈu v o l,n ˈi ɡ o l + a,n ˈu v a l,n uː l,n ˈi b l + a,n ˈy v i + a,n ˈu v o l + a,o b l ˈɒ k,n ˈi v u l + a,n ˈu + e,n ˈu β o lˠ,n o r,n ˈu v u l + a,n i v u lˠ + ˈa t,n ˈu v ə l + ə,n ˈu β o lˠ,n ˈu v u l + a,n ˈu v o l + a,n ˈi v + e,n ˈy vː u + a,n ˈu v l + a,n ˈo v l + a,n o r,n ˈi v ə l,n ˈu v u l + a,n ˈu v o l + a,n ˈiː ɡ ɥ + a,n ˈɛ j v ə l,n ˈi b ə l,n ˈu β o lˠ,n ˈy v l + ə,n ˈu v o e v + a,n ˈiː w l + a
15_cold,a r ˈa ts + e,f r ˈɛ j d,f r e t,f r ˈi ð + u,f r ˈɛ j d,f r ˈɛ d,f ɾ e t,f ɾ ˈi + o,f ɾ ˈi dː + u,f ɾ ˈɛ t,ɡ e l ˈw a t,f r e j t,f r e d,f r eː t,f r ə j t,f r ˈe j d + u,d j a tːʃ + o,r ˈɒ tʃ + e,f r ˈɛ j d,f r ˈi tː + u,f ɾ e t,r ˈa ts + i,f ɾ ˈi dː + u,f ɾ ˈɛ t,f r ˈi dː + ə,f ɾ e t,f ɾ ˈi dː + u,f r e t,f ɾ e,f r ˈe j d + u,dʒ a ts + ˈe a,f r ˈɛ d,r ˈe tʃ + e,f r a j t,f ɾ ˈi dː + u,f r ˈe dː + o,f r ˈe dʒː + u,f r ˈɛ j t,f r ˈɛ j t,f ɾ e t,f r a j t,f r ˈe d + o,f r œ tʃ
16_come,ʑ ˈi n + u,v n + i,v e n j + ˈa + r,b ˈɛ nː + ˈi,v n + i,ɲ + iː r,v ˈi n d + ɾ e,b e n + ˈi + ɾ,v ˈɛ n + i + ɾ i,b ə n + ˈi,v e n + ˈa r,v e ɲ + ˈi r,ɲ + i r,v i ɲ + ˈiː,u n + ˈi,v e ɲ + ˈiː,v e n + ˈi + r e,v e r + ˈi,v n + i,b ˈe nː + e + r e,b ˈi n d + ɾ e,v i n,v ˈɛ n + ɨ + ɾ ɨ,v ə n + ˈi,v ə n + ˈi,b ˈi n d + ɾ e,v ˈj ˈɛ n + i + ɾ i,v ˈɛ ɲ + e + r,v e n + ˈi,v e ɲ + ˈi,v n + i,ɲ + iː r,a + v e n + ˈi,v ə ɲ + ˈi r,v ˈɛ n + i + ɾ i,v e n + ˈi + r e,v eː ɲ + ˈi,n ˈɛ + k r,v ə ɲ + ˈi r,b e n + ˈi + ɾ,ɲ + i r,v e n + ˈi + r,ɲ + iː
17_die,m ˈo r + u,m ˈœ j r + e,m o r + ˈi + r,m ˈɔ rː + ˈi,m ˈœ j r + e,m u r + ˈiː r,m o ɾ + ˈi + ɾ,m o ɾ + ˈi + ɾ,m ˈɔ ɾ + i + ɾ i,m u ɾ + ˈi,m o r + ˈa r,m o r + ˈi r,m u r + ˈi r,m u r + ˈiː,m u r + ˈi,m u + ˈiː,m o r + ˈi + r e,m u r + ˈi,m ˈœ j r + e,m ˈo rː + e + r e,m o ɾ + ˈi + ɾ,m o r,m ˈɔ ɾ + ɨ + ɾ ɨ,m u ɾ + ˈi,m u r + ˈi,m o ɾ + ˈi,m ˈw ˈɔ ɾ + i + ɾ i,m o r + ˈi + r,m u ɾ + ˈi,m u + ˈi,m u r + ˈi,m u r + ˈiː r,a + m u r + ˈi,m u r + ˈi r,m ˈɔ ʐ + i,m o r + ˈi + r e,m i + ˈi,m u r + ˈɛ k r,m u r + ˈi r,m o ɾ + ˈi + ɾ,m u r + ˈi r,m o r + ˈi + r,m ˈœ r + i
18_dog,k ˈɨ n + e,k a ŋ,k a ŋ,k ˈa + i,k a ŋ,k a ŋ,ɡ o s,p ˈe r + o,k ˈa n + i,ɡ o s,k w o ŋ,tɕ a ŋ,k a n,tʲ a ŋ,tɕ a ŋ,k a ŋ,k ˈa n + e,b r e k,k a ŋ,k ˈa n + e,ɡ o s,k ˈɔ j n + i,k ˈa n + ɨ,k a,k ˈa n + ə,ɡ o s,k ˈa n + i,k a ŋ,tʃ i ŋ,k a ŋ,k ˈã n,k aː n,k ˈɨ j n + e,tɕ a w n,k ˈa n + i,k ˈa n + e,k a ŋ,tʲ a ŋ,tɕ a w n,ɡ o s,tɕ a n,k a ŋ,k a ŋ
19_drink,b e v a + w,b ˈɛ j v + e,b ˈe + r e,b u fː + ˈa j,b ˈɛ j v + e,b ˈɛ v + e r,b ˈe w + ɾ e,b e β + ˈe + ɾ,v ˈi v + i + ɾ i,b ˈɛ w + ɾ ə,b + a r,b ˈe j v + e r,b ˈɛ + a r,b ˈɛ v + i,b ˈe v + ə r,b ˈɛ j v + e,b ˈɛ,b ˈæ,b ˈɛ j v + e,b u fː + ˈa + r e,b ˈe w + ɾ e,b ˈe̯a + w,b ˈi v + ɨ + ɾ ɨ,b ˈɛ w + ɾ ə,v ˈɛ β + ə + r ə,b ˈe w + ɾ e,v ˈi v + i + ɾ i,b ˈe v + e + r,b ˈe w + ɾ e,b ˈe j + e,b eː,b ˈɛ v + e r,a + b ˈe v a,b ˈa j v + ə r,v ˈi v + i + ɾ i,b ˈe + r e,b ˈɛ j v + e,b ˈe v + ə r,b ˈɛ j b + ə r,b ˈe w + ɾ e,b ˈa j v + ə r,b ˈɛ v + e + r,b ˈeː v + i
1_all,t ˈu t + u,t y t,t ˈu t + o,t ˈo tː + u,t y j t,t u t,t o t,t ˈo ð + o,t ˈu tː + u,t o t,t o tʃ,d u t,t u t,d u t,d u t,t y tː + u,t ˈu tː + o,t o t,t y t,t ˈo tː + u,t o t,t o t,t ˈu tː + u,t o t,t ˈu tː + ə,t o t,t ˈu tː + u,t u t,t u t,t ˈy tː + u,t o t,t o t,t o t,t u t,t ˈu tː + u,t ˈu tː + o,t ˈy tː + u,t o t,t u t,t o t,t w o t,t ˈu t + o,t y tʃ
20_dry,u s k + ˈa t + u,s ˈɛ k,s e k,s i kː + ˈa w,s ˈɛ k,s u t,s e k,s ˈe k + o,s ˈi kː + u,s ˈɛ k,s w a t,s u t,s u t,s u t,s u t,s ˈe kː + u,s ˈe kː + o,u s k ˈɒ + t,s y j t,s ˈi kː + u,s e k,u s k + ˈa t,s ˈi kː + u,s ˈɛ k,s ˈi kː + ə,s e k,s ˈi kː + u,s u t,s e,s ˈe kː + u,a s ˈo t,s o t,u s k + ˈa t,s i tɕ,s ˈi kː + u,s ˈe kː + o,s ˈe kː + u,s i tʲ,ʃ e tɕ,s e k,s y t,s ˈe k + o,s œ k
21_ear,u r ˈe v a k ʎ + e,u r ˈi j + a,r ˈe tʃ + a,o r ˈi ɣ + a,u r ˈi j + a,u r ˈɛ tʃ + a,o ɾ ˈe ʎ + a,o ɾ ˈe x + a,a ɾ ˈi kː j + u,u ɾ ˈɛ ʎ + ə,o r ˈa k l + a,u r ˈe j + a,u r ˈɛ tʃ + a,o r ˈɛ l + e,u r ˈə d l + a,w ˈɛ dʒ + a,o r ˈe kː j + o,u r ˈæ k ʎ + e,u r ˈi j + a,o r ˈi kː r + a,o ɾ ˈe ʎ + a,u r ˈe̯a k ʎ + ə,ɾ ˈi kː ɨ,u ɾ ˈɛ + ə,r ˈe kː j + ə,a w ɾ ˈe ʎ + ˈɛ,a ɾ ˈi kː j + u,r ˈe tʃ + a,a w r ˈi + o,a w ˈe dʒ + e,u r ˈɛ tʃ + a,u r ˈɛ tʃ + a,u r ˈe k + e,u r ˈe ʎ + ə,a w ɾ ˈi tːʃ + a,o r ˈe kː j + o,w ˈɛ dʒː + a,u r ˈe j + ə,u r ˈe ʎ + ə,o ɾ ˈe ʎ + a,u r ˈa ʎ + ə,r ˈɛ tʃ + a,u r ˈœ dʒ + a
22_earth,ts ˈa r + ə,t ˈɛ r + a,t ˈɛ r + a,t ˈɛ rː + a,t ˈɛ r + a,t ˈɛ r + a,t ˈɛ r + a,t ˈj e r + a,t ˈɛ rː + a,t ˈɛ r + ə,t ˈa r + a,t ˈe r + a,t ˈɛ r + a,t ˈj ˈɛ r + e,t ˈj ə r + a,t ˈɛ r + a,t ˈɛ rː + a,p e m ˈi n t,t ˈɛ r + a,t ˈe rː + a,t ˈɛ r + a,ts ˈa r + ə,t ˈɛ rː + a,t ˈɛ r + ə,t ˈɛ rː + ə,t ˈɛ r + ˈɛ,t ˈj ˈɛ ʐ + a,t ˈɛ r + a,t ˈɛ ʁ + o,t ˈæ r + a,t ˈɛ a r + a,t ˈɛ r + a,p ə m ˈɨ n t,t ˈɛ r + ə,t ˈɛ ʐ + a,t ˈɛ rː + a,t ˈæ r + a,t ˈe r + ə,t ˈj a r + ə,t ˈɛ r + a,t ˈɛ r + ə,t ˈɛ r + a,t ˈɛ r + a
23_eat,m ˈɨ k + u,m a ŋ dʒ + ˈe,m a ɲ + ˈa + r,p a pː + ˈa j,m a ŋ dʒ + ˈe,m a ɲ + ˈɛː r,m e ɲ dʒ + ˈa + ɾ,k o m + ˈe + ɾ,m a n tʃ + ˈa + ɾ i,m ə ɲ ʒ + ˈa,m a n tʃ + ˈu r,m a ɲ + ˈɛ r,m a ɲ + ˈa r,m a n dʲ + ˈaː,m a j + ˈə,m a ŋ dʒ + ˈa,m a n dʒ + ˈa + r e,m ə ŋ k + ˈɒ,m a ŋ dʒ + ˈe,m a n d i ɡ + ˈa + r e,m e ɲ tʃ + ˈa + ɾ,m ə n ˈa n k,m a n tʃ + ˈa + ɾ ɨ,m ə ɲ ʒ + ˈa,m a ɲː + ˈa,m e ɲ dʒ + ˈa,m a n tʃ + ˈa + ɾ i,m a ɲ + ˈa + r,m a n dʒ + ˈa,m a ŋ dʒ + ˈa,m a ɲ + ˈe a,m a ɲ + ˈɛː r,a + m ɨ ŋ k + ˈa,m ə n dʒ + ˈa r,m a n tʃ + ˈa + ɾ i,m a n dʒ + ˈa + r e,m a ŋ dʒ + ˈɛ,m ə ʎ + ˈe r,m ə ʎ + ˈa r,m e ɲ tʃ + ˈa + ɾ,m ə n dʒ + ˈa r,m a ɲ + ˈa + r,m a ŋ dʒ + ˈɛ
24_egg,o w,œ v,ˈo v + o,o w,œ w,oː v,ˈɔ w,ˈw e β + o,ˈɔ v + u,ˈɔ w,j u v,e f,ˈɔ v,uː f,w e f,ˈœ v + u,ˈɔ v + o,o v,œ v,ˈo v + u,ˈɔ w,w o w,ˈɔ v + u,ˈɔ w,ˈw o v + ə,ˈɔ w,ˈw ˈɔ v + u,o w,j ˈɔ w,ˈœ v + u,ˈɔ a v,oː v,o w,o f,ˈw ˈɔ v + u,ˈw ˈɔ v + o,ˈœː v + u,o f,j e f,ˈɔ w,œ f,v ˈɔ v + o,œ f
25_eye,ˈo k ʎ + u,œ j,ˈɔ tʃ + o,ˈo ɣ + u,œ j,ɔː tʃ,u ʎ,ˈo x + o,ˈɔ kː j + u,u ʎ,v ˈa k l + o,ˈe j + e,o tʃ,v ˈoː l + i,w e d l,ˈœ dʒː + u,ˈɔ kː j + o,ˈo k ʎ + u,œ j,ˈo kː r + u,u ʎ,w ˈo k ʎ + u,ˈɔ kː j + u,u j,ˈw o kː j + ə,u ʎ,ˈw ˈɔ kː j + u,ˈɔ tʃ + o,ɥ ˈɛ j,ˈœ dʒː + u,ˈɔ tʃ,ɔː tʃ,o kʲ,e ʎ,ˈw ˈɔ tːʃ + u,ˈɔ kː j + o,ˈœː dʒː + u,i ʎ,e ʎ,u ʎ,œ ʎ,ˈɔ tʃ + o,œ tʃ
26_fatn,ɡ r ə s + ˈi m + e,ɡ r a s,ɡ r a s,ɡ r ˈa sː + u,ɡ r a s,ɡ r aː s,ɡ ɾ e j ʃ,ɡ ɾ ˈa s + a,ɾ ˈa sː + u,ɡ ɾ e ʃ,ɡ r e s,ɡ r a s,ɡ r a s,ɡ r a s,ɡ r a s,ɡ r ˈa sː + u,ɡ r ˈa sː + o,m ɒ s t,ɡ r a s,r ˈa sː + u,ɡ ɾ e j ʃ,ɡ r ə s + ˈi m + i,ɾ ˈa sː + u,s ˈɛ w,ɡ r ˈa sː + ə,ɡ ɾ e j ʃ,ɾ ˈa sː + u,ɡ r a s,ɡ ɾ a s,ɡ r ˈa sː + u,ɡ r a s,ɡ r aː s,ɡ r ə s + ˈi m + e,ɡ r a s,ɾ ˈa sː + u,ɡ r ˈa sː + o,ɡ r ˈa ʃː + a,ɡ r a s,ɡ r a s,ɡ ɾ e j ʃ,ɡ r a s,ɡ r ˈa s + o,ɡ r a s
27_feather,p ˈe̯a n + ə,p ˈj y m + a,p ˈe n + a,p ˈi nː + a,p ˈj y m + a,p ˈɛ n + a,p lˠ ˈo m + a,p l ˈu m + a,p ˈi nː + a,p lˠ ˈo m + ə,p ˈa j n + a,p ˈj u m + a,p ˈɛ n + a,p l ˈu m + e,p l ˈu m + a,p ˈe nː + a,p ˈe nː + a,p ˈæ n a,p ˈj y m + a,p r ˈu mː + a,p lˠ ˈo m + a,p ˈe̯a n + ə,p ˈi nː + a,p lˠ ˈo m + ə,p ˈe nː + ə,p lˠ ˈo m + ˈɛ,p ˈi nː + a,p ˈj u m + a,p l ˈy m + o,p ˈe ŋː + a,p ˈɛ n + a,p ˈj o m + a,p ˈa n + ə,p l ˈi m + ə,p ˈj u m + a,p ˈe nː + a,tʃ ˈy mː + a,p l ˈe m + ə,p l ˈe m + ə,p lˠ ˈo m + a,p ˈɛ n + ə,p ˈe n + a,p ˈj yː m + a
28_fire,f ˈo k + u,f œ,f ˈo ɡ + o,f ˈo ɣ + u,f œ,f oː ɡ,f ˈɔ k,f ˈw e ɣ + o,f ˈɔ k + u,f ˈɔ k,f u k,f e k,f ˈɔ ɡ,f uː k,f w e k,f ˈœ ɡ + u,f ˈɔ k + o,f o k,f œ,f ˈo ɡ + u,f ˈɔ k,f o k,f ˈɔ k + u,f ˈɔ k,f ˈo k + ə,f ˈɔ k,f ˈw ˈɔ k + u,f o k,f j ˈɔ,f ˈœː ɡ + u,f u ɡ,f ɔː ɡ,f o k,f j e w,f ˈw ˈɔ k + u,f ˈw ˈɔ k + o,f œ,f i,f j u k,f ˈɔ k,f œ,f ˈɔ ɡ + o,f œ k
29_fish,p ˈe s k + u,p ə s,p e s,p ˈi ʃː + i,p ˈɛ s,p ˈɛ s,p e j ʃ,p e θ,p ˈi ʃː + i,p e ʃ,p j a s,p e ʃ,p ˈɛ s,p ˈɛ s,p ə ʃ,p ˈe ʃː + u,p ˈe ʃː + e,r ˈi b + ˈæ,p ˈɛ s,p ˈi s k + e,p e j ʃ,p ˈe v a ʃ t + i,p ˈi ʃː + i,p e ʃ,p ˈe ʃː + ə,p e j ʃ,p ˈi ʃː + i,p e s,p ˈɛ j s,p ˈɛ ʃː + u,p ˈɛ s,p ˈɛ s,p ˈe ʃ t + e,p e ʃ,p ˈi ʃː + i,p ˈe ʃː + e,p ˈæ ʃː + u,p e ʃ,p ˈɛ ʃ,p e j ʃ,p e ʃ,p ˈe s + e,p œ s
2_ashes,tʃ i n ˈu ʃ + e,s ˈə n ˈɛ r,θ ˈe ŋ d r + o,tʃ i n ˈi ʒ + u,s ˈə n ˈɛ r,s ˈɛ n d r + a,s ˈɛ n d ɾ + e s,θ e n ˈi θ + a,tʃ ˈi nː i ɾ + i,s ˈɛ n d ɾ + ə s,k a n ˈa j s + a,tʃ ˈe n d ˈɛ r,ts ˈɛ n d a r,tʃ i n ˈi z + e,tʃ ˈə n d ə r,tʃ ˈe n e r + i,tʃ ˈe n e r + e,tʃ e r ˈu ʃ + e,s ˈə n ˈɛ r,k i s ˈi n + a,s ˈɛ n d ɾ + a,tʃ ə n ˈu ʃ + ə,tʃ ˈi n ɨ ɾ + ɨ,s ˈɛ n d ɾ + ə s,ʃ ˈɛ nː ə r + ə,s ˈɛ n d ɾ + e s,tʃ ˈi nː i ɾ + i,θ ˈe ŋ d r + e,s ˈɛ n d ɾ + e,s ˈe ŋ j + e,ts ˈɛ n d r + a,s ˈɛ n d r + a,tʃ e n ˈu ʃ + ə,tʃ ˈɛ n d r + ə,tʃ ˈi nː i ɾ + i,tʃ ˈe n e r + e,s r ˈe nː + e,tʃ ˈɛ n d r + ə,tʃ ˈɛ n d r + ə,s ˈɛ n d ɾ + e s,tʃ ˈɛ n d r + ə,s ˈɛ n e r + i,s ˈœ ŋ d r + i
30_flyv,a s b ˈw ai r + u,v u l + ˈe,v o l + ˈa + r,b o l + ˈa j,v u l + ˈe,v u l + ˈɛː r,v o lˠ + ˈa + ɾ,b o l + ˈa + ɾ,v u l + ˈa + ɾ i,b u lˠ + ˈa,,ʒ ɡ o l + ˈɛ r,v u l + ˈa r,z v o l + ˈaː,ʒ u l + ˈɛ,ʒ o + ˈaː,v o l + ˈa + r e,l e t + ˈi,v u l + ˈe,b o l + ˈa + r e,b o lˠ + ˈa + ɾ,p ə r + ə j + ˈe s,v u l + ˈa + ɾ ɨ,v u lˠ + ˈa,v u l + ˈa,b o lˠ + ˈa,v u l + ˈa + ɾ i,v o l + ˈa + r,v u l + ˈa,ʒ u + ˈa,v u l + ˈe a,v u l + ˈɛː r,a + z b u r + ˈa,ʒ ɡ u l + ˈa r,a + bː u l + ˈa + ɾ i,v o l + ˈa + r e,ʒ v u + ˈɛ,ʒ ɡ u l + ˈa r,ʒ ɡ u l + ˈa r,b o lˠ + ˈa + ɾ,ʒ v ə l + ˈa r,v o l + ˈa + r,v u l + ˈɛ
31_foot,tʃ i tʃ ˈo r + u,p e,p ie,p ˈɛ j,p e,p eː,p ˈɛ w,p j e,p ˈɛ d + i,p ˈɛ w,p i n s,p e,p j ˈɛ,p iː t,p e,p eː,p ˈj ˈɛ d + e,p i tʃ ˈo r,p e,p ˈe d + e,p ˈɛ w,p i tʃ ˈo r,p ˈɛ ɾ + i,p ˈɛ w,p ˈɛ ɾ + ə,p ˈɛ w,p ˈj ˈɛ ɾ + i,p ie,p ˈɛ t,p e,p e,p ˈɛ,p i tʃ ˈo r,p e,p ˈɛ ɾ + i,p ˈj ˈɛ d + e,p e,p e,p e j,p ˈɛ w,p ˈɛ,p ie,p ˈɛ
32_full,p l ˈi n + u,p j ˈɛ ŋ,p j e ŋ,p r ˈe n + u,p j ˈɛ ŋ,p iː n,p lˠ e,ʎ ˈe n + o,k ˈi n + u,p lˠ ˈɛ,p l a j n,p j e ŋ,p i n,p l ˈɛ ŋ,p l ə ŋ,p i ŋ,p ˈj ˈɛ n + o,p ʎ i r,p j ˈɛ ŋ,p r ˈe n + u,p lˠ e,ɐ m + p l ˈi n,k ˈi n + u,p lˠ ˈɛ,k ˈi n + ə,p lˠ e,k ˈi n + u,p j e ŋ,p l e ŋ,p i ŋ,p i n,p iː n,p l i n,p l a j n,tʃ ˈi n + u,p ˈj ˈɛ n + o,tʃ ˈæ ŋ,p l a ɲ,p l ˈɛ j n,p lˠ e,p l a j n,p j ˈɛ ŋ,p iː ŋ
33_give,d a + w,d e,d a + r,d o n + ˈa j,d e,d ˈɛː + r,d o n + ˈa + ɾ,d a + ɾ,d ˈa + ɾ i,d u n + ˈa,d w o + r,d ˈɛ + r,d a + r,d aː,d ˈɛ,d aː,d ˈa + r e,d ɒ,d ˈɛ,d ˈa + r e,d o n + ˈa + ɾ,d a + w,d ˈa + ɾ ɨ,d u n + ˈa,d ˈa,d o n + ˈa,d ˈa + ɾ i,d a + r,d u n + ˈa,d a,d e a,d ˈɛː + r,a + d ˈa,d a + r,d ˈa + ɾ i,d ˈa + r e,d ˈɛ,d a + r,d a + r,d o n + ˈa + ɾ,d a + r,d a + r,d ˈɛ
34_good,b ˈu n + u,b u ŋ,b o ŋ,b ˈo n + u,b u ŋ,b ˈɔ w n,b ˈɔ,b ˈw e n + o,b ˈɔ n + u,b ˈɔ,b u ŋ,b o ŋ,b o n,b ˈɔ ŋ,b o ŋ,b u ŋ,b ˈɔ n + o,b u r,b u ŋ,v ˈo n + u,b ˈɔ n,b u n,b ˈɔ n + u,b ˈɔ,b ˈw o n + ə,b ˈɔ,b ˈw ˈɔ n + u,b ˈɔ ŋ,b o ŋ,b u ŋ,b o w n,b ˈɔ w n,b u n,b u n,b ˈw ˈɔ n + u,b ˈw ˈɔ n + o,b u ŋ,b u ŋ,b j e n,b ˈɔ,b u n,b o ŋ,b oː ŋ
35_green,v ˈe̯a r d + e,v ˈɛ r d,v e r t,b ˈi r d + i,v ˈɛ r d,v e r d,v ˈɛ ɾ t,b ˈe ɾ ð + e,v ˈi ɾ d + i,b ˈɛ ɾ t,v j a r d,v e r t,v e r d,v ˈɛ r t,v ə r t,v ˈɛ r d + e,v ˈe r d + e,z e l ˈe n,v ˈɛ r d,v ˈi r d + e,b ˈɛ ɾ t,v ˈe̯a r d + i,v ˈi dː + ɨ,v ˈɛ ɾ t,v ˈɛ r d + ə,b ˈɛ ɾ t,v ˈi ɾ d + i,v e r t,v e r t,v ˈe r d + e,v eː r,v ˈɛ j r d,v ˈe r d + e,v ˈɛ r t,v ˈi ɾ d + i,v ˈe r d + e,v ˈɛː r d + e,v ˈɛ r t,v ˈɛ r t,b ˈɛ ɾ t,v ˈɛ r t,v ˈe r d + e,v eː r t
36_hair,p ˈe r + u,k a v ˈɛ + j,k a v ˈe + i,p ˈi l u + z u,k a v ˈɛ + j,k a v + ˈiː,k a β ˈe ʎ,p ˈe l + o,k a p ˈi ɖː + i,k ə β ˈɛ ʎ,k a p ˈe + j,tɕ a v ˈe + j,k a v + ˈi,tʲ a v ˈɛ + j,tɕ a v ˈə + j,k a v ˈe lː + i,k a p ˈe lː + i,p e r,k a v ˈɛ + j,p ˈi l + o s,m ˈo ɲ + o,p e r,k a p ˈi ɖː + ɨ,k ə β ˈɛ j,k a p ˈi lː + ə,k a β ˈe ʎ,k a p ˈi ɖː + i,k a v ˈe + i,p ˈɛ w,k a v ˈe lː + i,k a v ˈɛ l,k a v + ˈiː,p ə r,tɕ ə v ˈɛ l + s,k a p ˈi ɖː + i,k a p ˈe lː + o,k a v ˈæː j + i,tʲ ə v ˈɛ l + s,k ə v ˈɛ ʎ + s,k a β ˈe ʎ,tɕ ə v ˈɛ l + s,k a v ˈe + i,k a v ˈœ + j
37_hand,m ˈɨ n + ə,m a ŋ,m a ŋ,m ˈa n + u,m a ŋ,m a ŋ,m a,m ˈa n + o,m ˈa n + u,m a,m w o ŋ,m a ŋ,m a n,m a ŋ,m a ŋ,m a ŋ,m ˈa n + o,m ə r,m a ŋ,m ˈa n + u,m a,m ˈɔ n + ə,m ˈa n + u,m a,m ˈa n + ə,m a,m ˈa n + u,m a ŋ,m a ŋ,m a ŋ,m ˈã n,m aː n,m ˈɨ n + ə,m a w n,m ˈa n + u,m ˈa n + o,m a ŋ,m a ŋ,m a w n,m a,m a n,m a ŋ,m a ŋ
38_head,k ˈa p + u,t ˈɛ s t + a,t ˈɛ s t + a,k ˈɔ ŋ k + a,t ˈe s t + a,t ˈɛ s t + a,k a p,k ɑ β ˈe θ + a,t ˈɛ s t + a,k a p,k u p,tʃ e f,k ˈɔ,tʲ aː f,tʃ ə,t ˈe s t + a,t ˈɛ s t + a,k ɒ p,t ˈɛ s t + a,k ˈo ŋ k + a,k a p,k a p,t ˈɛ s t + a,k a p,k ˈa p + ə,k a p,t ˈj ˈɛ s t + a,t ˈɛ s t + a,t ˈɛ s t + o,t ˈe s t + a,t ˈɛ a s t + a,t ˈɛ s t + a,k a p,tɕ a w,t ˈɛ s t + a,t ˈɛ s t + a,t ˈɛː s t + a,tʲ ˈe + ə,tɕ a w,k a p,tɕ e w,t ˈɛ s t + a,t ˈɛ s t + a
39_hear,ˈa v d + u,s ˈɛ ŋ t + e,s e ŋ t + ˈi + r,i n + t ˈɛ n d + i,s ˈɛ ŋ t + e,s i ŋ t + ˈiː r,s e n t + ˈi + ɾ,o ˈi + ɾ,s ˈɛ n t + i + ɾ i,s ə n t + ˈi,s e n t + ˈa r,s e n t + ˈi r,s i n t + ˈi r,s i n t + ˈiː,a w d + ˈi,s e ŋ t + ˈiː,s e n t + ˈi + r e,a v z + ˈi,s ˈɛ ŋ t + e,i n + t ˈe n d + e + r e,s e n t + ˈi + ɾ,u t,s ˈɛ n t + ɨ + ɾ ɨ,s ə n t + ˈi,s ə n t + ˈi,s e n t + ˈi,s ˈj ˈɛ n t + i + ɾ i,s e ŋ t + ˈi + r,e n + t ˈɛ n d + ɾ e,s e ŋ t + ˈi,s i n t + ˈi,s ˈɛ j n t + eː r,a + a w z + ˈi,u d + ˈi r,s ˈɛ n t + i + ɾ i,s e n t + ˈi + r e,s e ŋ t + ˈi,s a n t + ˈɛ k r,u d + ˈi r,s e n t + ˈi + ɾ,d u d + ˈi r,s e ŋ t + ˈi + r,s ˈeː ŋ t + i
3_bark,k ˈo v a ʒ + e,s k ˈɔ r s + a,s k ˈɔ r θ + a,s k r ˈo ʒ + u,s k ˈɔ r s + a,k u r t ˈɛ s + a,k r ˈɔ s t + a,k o ɾ t ˈe θ + a,s k ˈɔ ɾ tʃ + a,ə s k ˈɔ ɾ s + ə,,ʃ k ˈo r ts + a,k u r t ˈɛ tʃ + a,s k ˈu s + e,ʃ k ˈɔ r ts + a,s k ˈɔ r s + a,b ˈu tːʃ + a,k ˈo r + a,p l ˈœ j + a,k o θ i k + ˈi n + a,k ˈɔ ɾ f + a,,s k ˈɔ tːʃ + a,ə s k ˈɔ ɾ s + ə,ʃ k ˈɔ r ts + ə,a s k ˈɔ ɾ s + ˈɛ,ʃ k ˈw ˈɔ ɾ tʃ + a,s k ˈɔ r θ + a,r ˈy s k + o,s k ˈɔ r s + a,s k ˈɔ a v r ts + a,s k ˈɔː r s + a,s k ˈo v a r ts + ə,ʃ k ˈɔ r s + ə,ʃ k ˈɔ tːʃ + a,k o r t + ˈe tːʃ + a,s k ˈɔː r s + a,ʃ k ˈɔ r s + ə,ʃ k ˈɔ r s + ə,a s k ˈɔ ɾ s + a,ʃ k ˈɔ r ts + ə,s k ˈɔ r s + a,s k ˈɔ r s + a
40_heart,ˈi n i m + ə,k œ r,k ˈɔ r,k ˈɔ r + u,k œ r,k oː r,k ˈɔ ɾ,k o ɾ + a θ ˈo n,k ˈɔ ɾ + i,k ˈɔ ɾ,k w o r,k e r,k ˈɔ r,k uː r,k w e r,k œ,k ˈɔ r + e,j ˈi r i m + ˈæ,k œ r,k ˈo r + o,k ˈɔ ɾ,b u r ˈi k,k ˈɔ ɾ + ɨ,k ˈɔ,k ˈɔ r + ə,k ˈɔ ɾ,k ˈw ˈɔ ɾ + i,k ˈɔ r,k ˈɔ ɾ,k œ,k ˈɔ a r,k oː r,ˈi n i m + ə,k o r,k ˈɔ ɾ + i,k ˈw ˈɔ r + e,k œ,k o r,k o r,k ˈɔ ɾ,k ˈɔ w r,k w ˈɔ r,k œ r
41_horn,k ˈo r n + u,k ˈɔ r n,k ˈɔ r n + o,k ˈɔ rː + u,k ˈɔ r n,k ˈɔ r e n,b ˈa ɲ + a,k ˈw e r n + o,k ˈɔ ɾ n + u,b ˈa ɲ + ə,k w a r ŋ,k ˈɔ r n,k ˈɔ r a n,k w aː r,k ˈɔ r n,k ˈɔː r n + u,k ˈɔ r n + o,k o r n,k ˈɔ r n,k ˈo rː + u,b ˈa ɲ + a,k o r n,k ˈɔ nː + u,b ˈa ɲ + ə,k ˈɔ r n + ə,b ˈa ɲ + ˈɛ,k ˈw ˈɔ ɾ n + u,k ˈɔ r n + o,b ˈa n + o,k ˈɔ r n + u,k ˈɔ a r a n,k ˈɔː r e n,k o r n,k ˈɔ r n + ə,k ˈw ˈɔ ɾ n + u,k ˈɔ r n + o,k ˈɔː r n + u,k ˈɔ r n + ə,k ˈɔ r n + ə,b ˈa ɲ + a,k ˈɔ r n + ə,k ˈɔ r n + o,k ˈɔː r n + u
42_i,j o,m i,m i,d ˈɛ w,m i,m ˈɛ,j ˈɔ,ʑ o,j u,ʒ ˈɔ,j u,dʒ e,m i,j o,j e,m i,ˈi o,j o,m i,d ˈe o,j ˈɔ,j o,j ˈɔ,ʒ ˈɔ,ˈi j ə,j ˈɔ,j ˈɔ,m i,j e w,m i,m e,m e,j e w,j a w,j u,ˈi o,m i,ˈiə,j e w,j ˈɔ,ˈɛ w,m i,m iː
43_kill,v ˈa t + ə m,m a s + ˈe,k o p + ˈa + r,b o tːʃ ˈi r + i,m a s + ˈe,m a s + ˈɛː r,m a t + ˈa + ɾ,m a t + ˈa + ɾ,a + mː a tːs + ˈa + ɾ i,m ə t + ˈa,d r a m + ˈw o r,m a ts + ˈɛ r,m a ts + ˈa r,k o p + ˈaː,m a ts + ˈɛ,mː a sː + ˈaː,a + mː a tːs + ˈa + r e,u tʃ ˈi d + e,m a s + ˈe,b o kː + ˈi + r e,m a t + ˈa + ɾ,n e k,a + mː a tːs + ˈa + ɾ ɨ,m ə t + ˈa,a + tːʃ ˈi ɾ + ə + r ə,m a t + ˈa,a + mː a tːs + ˈa + ɾ i,k o p + ˈa + r,t y + ˈa,a + mː a sː + ˈa,a + k u p + ˈe a,m a s + ˈɛː r,a + u tʃ ˈi d + e,m ə ts + ˈa r,a + mː a tːs + ˈa + ɾ i,u tːʃ ˈi d + e + r e,m a tːs + ˈɛ,m ə ts + ˈa r,m ə ts + ˈa r,m a t + ˈa + ɾ,k ə p + ˈa r,k o p + ˈa + r,m a s + ˈɛ
44_knee,dz i n ˈu k ʎ + u,dʒ i n ˈu j,d e n ˈɔ tʃ + o,ʒ e n ˈu ɣ + u,dʒ i n ˈu j,z n ɔː tʃ,dʒ i n ˈo ʎ,r o ð ˈi ʎ + a,dʒ i n ˈɔ kː j + u,ʒ ə n ˈo ʎ,dʒ i n ˈw a k,ʒ ə n ˈe j + e,dz n ˈɔ tʃ,dʒ e n ˈɔ l + i,ʒ ə n ˈo d l,dz e n ˈu dʒː + u,dʒ i n ˈɔ kː j + o,ʒ e r ˈu ŋ k ʎ + u,dʒ i n ˈu j,b e n ˈu kː r + u,tʃ i n ˈo ʎ,z i n ˈu k ʎ + u,dʒ i n ˈɔ kː j + u,ʒ u n ˈo j,d ə n ˈu kː j + ə,ʒ i n ˈo ʎ,ɾ i n ˈw ˈɔ kː j + u,d e n ˈɔ tʃ + o,dʒ e j n ˈu j,z e n ˈu dʒː + u,dz n ˈɔ tʃ,dz n ɔː tʃ,dʒ e n ˈu ŋ kʲ,ʒ ə n ˈu ʎ,ɾ i n ˈw ˈɔ tːʃ + u,dʒ i n ˈɔ kː j + o,dz e n ˈu dʒː + u,ʒ ə n ˈu ʎ,ʒ ə n ˈu ʎ,tʃ i n ˈo ʎ,ʒ n w o ʎ,z e n ˈɔ tʃ + o,z n œ tʃ
45_know,ʃ t i + w,s a v + ˈɛ j,s a v + ˈe r,ʃ ˈi r + i,s a v + ˈɛ j,s a v + ˈe r,s a β + ˈe + ɾ,s a β + ˈe + ɾ,s a p + ˈi + ɾ i,s a β + ˈɛ,s a p + ˈa r,s a + ˈe r,s a + ˈɛ r,s a v + ˈeː,s a v + ˈə j,s a v + ˈeː,s a p + ˈe + r e,ʃ t i,s a v + ˈɛ j,i s k + ˈi + r e,s a β + ˈe + ɾ,ʃ t i + w,s a p + ˈi + ɾ ɨ,s ˈɛ β + ɾ ə,s a p + ˈɛ,s a β + ˈe,s ˈa p + i + ɾ i,s a e r,s ˈa w p + ɾ e,s a v + ˈe j,s a v + ˈeː,s a v + ˈɛ j r,a + ʃ t ˈi,s ə v + ˈa j r,s a p + ˈi + ɾ i,s a p + ˈe + r e,s a v + ˈɛ j,s ə v + ˈɛ k r,s ə v + ˈe r,s a β + ˈe + ɾ,s ə v + ˈa j r,s a v + ˈe + r,s a v + ˈe j
46_leaf,f r ˈɨ n dz + ə,f ˈœ j + a,f ˈɔ j + a,f ˈɔ lː + a,f ˈœ j + a,f ˈo j + a,f ˈu ʎ + a,ˈo x + a,f ˈɔ ɡː j + a,f ˈu ʎ + ə,f ˈw a ʎ + a,f ˈo + a,f ˈɔ j + a,f ˈw e + e,p l ˈe tʃ + a,f ˈœ dʒː + a,f ˈɔ ʎː + a,f ˈo ʎ + e,f ˈœ j + a,f ˈo dz + a,f ˈu ʎ + a,f r ˈu n z + ə,f ˈɔ ɡː j + a,f ˈu + ə,f ˈɔ ʎː + ə,f ˈu ʎ + ˈɛ,f ˈw ˈɔ ɡː j + a,f ˈɔ j + a,f ˈɥ ˈɛ j + o,f ˈœ dʒ + a,f ˈo j + a,f ˈɔ j + a,ˈf r u n z + ə,f e ʎ,f ˈɔ ɡː j + a,f ˈɔ ʎː + a,f ˈœː j + a,f i ʎ,f e ʎ,f ˈu ʎ + a,f ˈœ ʎ + ə,f ˈɔ j + a,f ˈɔː j + a
47_lie,dz ˈa k + u,s t + ˈe + k u dʒ + ˈa,s t + ˈa + r + b u t + ˈa + d o,a b a rː + ˈa j + k r o kː + ˈa w,s t + ˈe + k u dʒ + ˈa,z a k + ˈɛː r,e s t + ˈa + ɾ + t o m b + ˈa + t,e s t + ˈa + ɾ + t u m b + ˈa ð + o,k u ɾ k + ˈa + ɾ i + s i,ə s t + ˈa + s t i ɾ + ˈa t,,ˈe s e r + b u t + ˈa + ʒ ˈu,k u tʃ + ˈa r + s,j e s i + d i s + t i r + ˈaː t,ʃ t ˈɛ + p u n d ˈu,ˈeː s e + a + k w ˈeː ɡ + oː w,ˈɛ sː + e + r e + z d r a j + ˈa + t + o,z a tʃ + ˈɒ,s t + ˈe + k u dʒ + ˈa,e sː + ˈe + r e + k o l k + ˈa d + u,e s t + ˈa + ɾ + tʃ i t + ˈa + t,z a k,k u kː + ˈa + ɾ ɨ + s ɨ,ʒ ˈɛ w + ɾ ə,s t + ˈa + k u kː + ˈa t + ə,a s t + ˈa + a + s t i ɾ + ˈa + t,k u ɾ k + ˈa + ɾ i + s i,s t + ˈa + r + b u t + ˈa + d o,,s d r ˈa j + aː + s e,,dz a k + ˈɛː r,a + s t ˈa + k u l k + ˈa t,dʒ ə ʒ + ˈa j r,ʃ t i nː + i + r i + s i,ˈɛ sː + e + r e + z d r a j + ˈa + t + o,r u + v e r s + ˈeː + s e,ʃ t ˈa r + t ˈa r ə,ʒ e r,tʃ i t + ˈa + ɾ + s e,dʒ ə ʒ + ˈa j r,s t + ˈa + r + d e s + t i r + ˈa,s t ˈɛ + k w a t + ˈaː
48_liver,tɕ i k ˈa t + u,f ˈi d i k,f ˈe ɡ a t + o,f i ɡ ˈa w,f ˈi d i k,f ˈe d e ɡ,f ˈe dʒ + e,ˈi ɣ a ð o,f ˈi k a t + u,f ˈe dʒ + ə,f i ɡ ˈw o t,f j ˈa + n ˈe j ɡ ˈɛ r,f ˈɛ ɡ a t,f i ˈaː t,f u j + ˈa + f ˈo ʃ k,f ˈe ɡ a t + u,f ˈe ɡ a t + o,f i k ˈɒ ts,f ˈi d i k,f ˈi k a d + u,f ˈe tʃ + e,d r o p,f ˈi k a t + u,f ˈe dʒ + ə,f ˈɛ ɣ a t + ə,f ˈe dʒ + e,f ˈi k a t + u,f ˈɛ ɡ a t + o,f ˈe dʒ + e,f i ɡ ˈɛː t + u,f ˈeː ɡ a t,f ˈe d e ɡ,f i k ˈa t,ɲ i r ˈo m,f ˈi k i t + u,f ˈe ɡ a t + o,f ˈe ɡ a t + u,n i r ˈo m,d i r,f ˈe tʃ + e,ɲ ə r ˈo m,f i ɡ ˈa,f ˈiː d i k
49_long,l ˈu n ɡ + u,l u ŋ ɡ,l ˈɔ ŋ k,l ˈo ŋ ɡ + u,l u ŋ ɡ,l u ŋ ɡ,ʎ a ɾ k,l ˈa ɾ ɡ + o,l ˈɔ ŋ ɡ + u,ʎ a ɾ k,l u ŋ ɡ,l o ŋ k,l u ŋ ɡ,l u ŋ k,l o ŋ k,l ˈu ŋ ɡ + u,l ˈu ŋ ɡ + o,l u ŋ ɡ,l u ŋ ɡ,l ˈo ŋ ɡ + u,ʎ a ɾ k,l u n k,l ˈɔ ŋ ɡ + u,ʎ a ɾ k,l ˈw o ŋ ɡ + ə,ʎ a ɾ k,l ˈw ˈɔ ŋ ɡ + u,l ˈɔ ŋ k,l o ŋ k,l ˈu ŋ ɡ + u,l o ŋ ɡ,l ˈɔ ŋ ɡ,l u ŋ ɡ,l u ŋ,l ˈw ˈɔ ŋ k + u,l ˈu ŋ ɡ + o,l ˈu ŋ ɡ + u,l u ŋ,l j u ŋ,ʎ a ɾ k,l u ŋ,e v ˈo ŋ ɡ + o,l oː ŋ
4_belly,p ˈɨ n t i k + u,p ˈa ŋ s + a,p ˈa ŋ θ + a,b r ˈɛ n t + i,p ˈa ŋ s + a,p ˈa n s + a,p ˈa ɲ tʃ + a,t ɾ ˈi p + a,p ˈa n ts + a,p ˈa ɲ ʃ + ə,v j ˈa n t r + o,v ˈe n t ˈɛ r,p ˈa n ts + a,p ˈa n ts + e,v ˈə n t ə r,p ˈa ŋ s + a,p ˈa n tʃ + a,t ə r b ˈu x,p ˈa ŋ s + a,f r ˈe n t + e,p ˈa ɲ tʃ + a,f ˈo̯a l + i,p ˈa n ts + a,p ˈa ɲ ʃ + ə,p ˈa n ts + ə,p ˈa ɲ tʃ + ˈɛ,p ˈa n ts + a,p ˈa ŋ θ + a,v ˈɛ n t ɾ + e,p ˈa ŋ s + a,p ˈã n ts + a,p ˈaː n s + a,b ˈu r t + ə,v ˈɛ n t ə r,p ˈa n ts + a,v ˈɛ n t r + e,p ˈa ŋ s + a,v ˈa j n t ə r,v ˈɛ n t ə r,p ˈa ɲ tʃ + a,v ˈa j n t ə r,p ˈa ŋ s + a,p ˈa ŋ s + a
50_louse,p i d ˈu k ʎ + u,p u j,p e d ˈɔ tʃ + o,p r i ˈo ɣ + u,p u j,p j oː tʃ,p o ʎ,p ˈj o x + o,p i ɾ ˈɔ kː j + u,p o ʎ,p e d ˈo k l + o,p ˈo j + e,v d ˈɔ tʃ,p e d ˈɔ l + i,p o d l,p i ɡ ˈœ dʒː + u,p i d ˈɔ kː j + o,p e d ˈu k ʎ + u,p u j,p r e ˈu kː + u,p o ʎ,p i d ˈu k ʎ + u,p i ɾ ˈɔ kː j + u,p o j,p ə ɾ ˈu kː j + ə,p o ʎ,p i ɾ ˈw ˈɔ kː j + u,p e d ˈɔ tʃ + o,p e z ˈu,p i ɡ ˈœ dʒː + u,b d ˈɔ tʃ,p j oː tʃ,p ə d ˈu k + e,p l u ʎ,p ɾ ˈu tːʃ + u,p i d ˈɔ kː j + o,p ˈj œ dʒː + u,p l u ʎ,p l u ʎ,p o ʎ,p l w o ʎ,p e ˈɔ tʃ + o,p j œ tʃ
51_man,b ə r b + ˈa t + u,ˈɔ m,ˈɔ m,ˈo mː + i n + i,ˈɔ m,ˈɔ m,ˈɔ m e,ˈo m b ɾ + e,ˈɔ m + u,ˈɔ m ə,o m,o m,ˈɔ m + a n,ˈɔ m,ə l,ˈɔ mː + u,ˈɔ m + o,m ˈu ʃ k i,ˈɔ m,ˈo mː + i n + e,ˈɔ m e,b ə r b + ˈa t,m ˈa s k u l + u,ˈɔ m u,ˈɔ mː + ə,ˈɔ m e,m ˈa ʃ k u l + u,ˈɔ m,ˈɔ m e,ˈɔ mː + u,o m,o m,b ə r b + ˈa t,u m,ˈw ˈɔ mː + i n + u,ˈw ˈɔ m + o,ˈɔ mː + u,o m,u m,ˈɔ m e,o m,ˈɔ m + o,ˈoː m + a ŋ
52_many,m ˈu l t + u,ə ŋ + m ˈy tʃ,t ˈa ŋ t + i,m ˈe ð a,t ˈa ŋ t + i,t a n t,m o lˠ t,m ˈu tʃ + o,a sː ˈa + i,m o lˠ,m w a l t,t r o p,p a r ˈɛ tʃ,t a n tʲ,t r w e p,i ŋ + m ˈu dʒː + u,t ˈa n t + o,tʃ ˈu d a,t ˈa ŋ t,m ˈe d + a s,m o lˠ t,m u l t,a sː ˈa + i,m o lˠ t,a sː ˈa j + ə,m o lˠ,a sː ˈa + i,t ˈa ŋ t + i,f ˈɔ ɾ s + o,m ˈu dʒː + u,u n + m ˈo w n t,t aː n t,m u l t,b l e r,a sː ˈa + i,m ˈo l t + o,d i + b ˈæ l + i,b l e r,b j a,m o lˠ t,b l e r,t ˈa ŋ t + i,a ŋ + m ˈy tʃ
53_meat,k ˈa r n + e,k a r n,k ˈa r n + e,p ˈɛ tːs + a,k a r n,k ˈɛ r n + a,k a ɾ n,k ˈa ɾ n + e,k ˈa ɾ n + i,k a ɾ n,k ˈw o r n + o,tɕ ˈɛ r n,k ˈa r a n,tʲ a r,tɕ ə r n,k ˈa r n + e,k ˈa r n + e,k ˈɒ r n + e,k a r n,p ˈe tːs + a,k a ɾ n,k ˈa r n + i,k ˈa nː + i,k a ɾ n,k ˈa r n + ə,k a ɾ n,k ˈa ɾ n + i,k ˈa r n + e,v ˈj a n d + e,k ˈa r n + e,k ˈe a r n + a,k ˈɛː r n + a,k ˈa r n + e,tɕ a r n,k ˈa ɾ n + i,k ˈa r n + e,k ˈaː r n + e,tʲ ˈɛ r n,k a r n,k a ɾ n,tɕ a r n,k ˈa r n + e,k ˈa r n + e
54_moon,l ˈu n + ə,l ˈy ŋ + a,l ˈu n + a,l ˈu n + a,l ˈy ŋ + a,l ˈu n + a,ʎ ˈu n + a,l ˈu n + a,l ˈu n + a,ʎ ˈu n + ə,l ˈo j n + a,l ˈu n + a,l ˈu n + a,l ˈu n + e,l ˈu n + a,l ˈy ŋː + a,l ˈu n + a,l ˈu r + ˈæ,l ˈy ŋ + a,l ˈu n + a,ʎ ˈu n + a,l ˈu n + ə,l ˈu n + a,ʎ ˈu n + ə,l ˈu n + ə,ʎ ˈu n + ˈɛ,l ˈu n + a,l ˈu n + a,l ˈy n + o,l ˈy ŋː + a,l ˈo w n + a,l ˈuː n + a,l ˈu n + ə,ʎ ˈi n + ə,l ˈu n + a,l ˈu n + a,l ˈyː ŋː + a,ʎ ˈi ɲ + ə,ʎ ˈi n + ə,ʎ ˈu n + a,ʎ ˈy n + ə,l ˈu n + a,l ˈy ŋ + a
55_mountain,m ˈu n t + e,m u ŋ t,m o ŋ t + ˈa ɲ + a,m ˈɔ n t + i,m u ŋ t + ˈa ɲ + a,m u n t + ˈa ɲ + a,m u n t + ˈa ɲ + a,m o n t + ˈa ɲ + a,m u n t + ˈa ɲː + a,m u n t + ˈa ɲ + ə,m w a n t,k r ˈe p + a,m u n t + ˈa ɲ + a,m ˈɔ n t,k r ə p,b r ˈi kː + u,m o n t + ˈa ɲː + a,k ˈo d r + u,m u ŋ t + ˈa ɲ + a,m ˈo n t + e,m u n t + ˈa ɲ + a,m ˈu n t + i,m ˈu n t + i,m u n t + ˈa ɲ + ə,m u n t + ˈa ɲː + ə,m u n t + ˈa ɲ + ˈɛ,m u n t + ˈa ɲː + a,m o ŋ t + ˈa ɲ + a,m u n t + ˈa ɲ + o,m u n t + ˈa ɲ + a,m o w n t,m u n t + ˈaː ɲ + a,m ˈu n t + e,m u n t + ˈo ɲ + ə,m u n t + ˈa ɲː + a,m o n t + ˈa ɲː + a,b r ˈi kː + u,m u n t + ˈo ɲ + ə,k w ˈɔ l m,m u n t + ˈa ɲ + a,m u n t + ˈo ɲ + ə,m o ŋ t + ˈa ɲ + a,m u ŋ t + ˈaː ɲ + a
56_mouth,ɡ ˈu r + ə,b ˈu k + a,b ˈo k + a,b ˈu kː + a,b ˈu k + a,b ˈɔ k + a,b ˈo k + a,b ˈo k + a,v ˈu kː + a,b ˈo k + ə,b w a k,b ˈo tʃ + a,b ˈɔ k + a,b ˈɔ tʲ + e,b ˈo tʃ + a,b ˈu kː + a,b ˈo kː + a,ɡ ˈu r + ˈæ,b ˈu k + a,v ˈu kː + a,b ˈo k + a,r o s t,b ˈu kː + a,b ˈo k + ə,v ˈo kː + ə,b ˈo k + ˈɛ,v ˈu kː + a,b ˈo k + a,b ˈu k + o,b ˈu kː + a,b ˈo k + a,b ˈɔ k + a,ɡ ˈu r + ə,b ˈu k + ə,v ˈu kː + a,b ˈo kː + a,b ˈu kː + a,b ˈu k + ə,b ˈu k + ə,b ˈo k + a,b ˈɔ k + ə,b ˈo k + a,b ˈu k + a
57_name,n ˈu m + ə,n ˈɔ m,n ˈɔ m + e,n ˈɔ m i n + i,n ˈɔ m,n ˈɔ m,n ˈɔ m,n ˈo m b ɾ + e,n ˈɔ m + u,n ˈɔ m,n a w ŋ,i n ˈo m,n o m,n ˈɔ ŋ,i n ˈw e m,n ˈu mː + e,n ˈo m + e,l ˈu m e,n ˈɔ m,l ˈu mː e n + e,n ˈɔ m,n ˈu m + i,n ˈu m + i,n ˈɔ m,n ˈɔ mː + ə,n ˈɔ m,n ˈw ˈɔ m + u,n ˈɔ m + e,n u m,n ˈu mː + e,n o m,n ˈɔ m,n ˈu m + e,n u m,n ˈɔ m + i,n ˈo m + e,n ˈu mː + e,n o m,n u m,n ˈɔ m,n o m,n ˈɔ m + e,n ɔː m
58_neck,ɡ ˈu ʃ + e,k ˈɔ l,k ˈɔ l,ts ˈu ɣ + u,k ˈɔ l,k ɔː l,k ˈɔ ʎ,k ˈw e ʎ + o,k ˈɔ ɖː + u,k ˈɔ ʎ,k w a l,k ˈɔ l,k ˈɔ l,k w ˈɛ l,k ˈɔ l,k ˈœ lː + u,k ˈɔ lː + o,tʃ e r b ˈi tʃ + e,k ˈɔ l,k ˈo ɖː + u,k ˈɔ ʎ,ɡ ˈu ʃ + ə,k ˈɔ ɖː + u,k ˈɔ j,k ˈw o lː + ə,k ˈɔ ʎ,k ˈw ˈɔ ɖː + u,k ˈɔ l,k ˈɔ w,k ˈɔ lː + u,k ˈɔ l,k ɔː l,ɡ ɨ t,k u l + ˈj e ts,k ˈw ˈɔ ɖː + u,k ˈɔ lː + o,k ˈoː lː + u,k u l + ˈj e ts,k u l + ˈj e ts,k ˈɔ ʎ,k u l + ˈœ ts,k ˈɔ e v + o,k ˈɔ l
59_new,n o w,n œ v,n ˈo v + o,n o w,n œ w,n oː v,n ˈɔ w,n ˈw e β + o,n ˈɔ v + u,n ˈɔ w,n u f,n e f,n o v,ɲ uː f,n w e f,n ˈœ v + u,n ˈɔ v + o,n o v,n œ v,n ˈo v + u,n ˈɔ w,n o w,n ˈɔ v + u,n ˈɔ w,n ˈw o v + ə,n ˈɔ w,n ˈw ˈɔ v + u,n ˈɔ w,n u v ˈɛ w,n ˈœː v + u,n ˈɔ a v,n oː v,n o w,n o f,n ˈɔ v + u,n ˈw ˈɔ v + o,n ˈœː v + u,n o f,n ˈɛ j f,n ˈɔ w,n o w f,n ˈo v + o,n œ f
5_big,m ˈa r + e,ɡ r ˈɔ s,ɡ r a ŋ t,m ˈa nː + u,ɡ r a ŋ d,ɡ r ɔː s,ɡ ɾ a n,ɡ ɾ ˈa n d + e,ɾ ˈa nː + i,ɡ ɾ a n,m a w r,ɡ r a n,ɡ r a n d,ɡ r a n t,ɡ r a n t,ɡ r ˈœ sː + u,ɡ r ˈɔ sː + o,m ˈɒ r + e,ɡ r a ŋ d,m ˈa nː + u,ɡ ɾ a n,m ˈa r + i,ɾ ˈɔ sː + u,ɡ ɾ ˈɔ s,r ˈw o sː + ə,ɡ ɾ a n,ɾ ˈa nː + i,ɡ r a ŋ t,ɡ ɾ a n t,ɡ r ˈɔ sː + u,ɡ r ˈã n d,ɡ r aː n d,m ˈa r + e,ɡ r ˈɔ n t,ɾ ˈa nː + i,ɡ r ˈa n d + e,ɡ r ˈɔː sː + u,ɡ r ˈɔ n t,ɡ r ˈɔ n t,ɡ ɾ a n,ɡ r ˈɔ n t,ɡ r ˈa ŋ d + o,ɡ r ɔː s
60_night,n ˈo̯a p t + e,n œ j t,n ˈɔ t,n ˈɔ tː + i,n œ j t,n ɔː t,n i t,n ˈo tʃ + e,n ˈɔ tː + i,n i t,n w a t,n e t,n ˈɔ t,ɲ ˈɔ t,n w e t,n ˈœ tː + e,n ˈɔ t + e,n ˈo p t + e,n œ j t,n ˈo tː + e,n i t,n ˈo̯a p t + i,n ˈu tː + i,n i t,n ˈɔ tː + ə,n i t,n ˈw ˈɔ tː + i,n ˈɔ t,n ɥ e,n ˈœ tː + e,n ˈɔ t + a,n ɔː t,n ˈo v a p t + e,n o tɕ,n ˈɔ tː + i,n ˈɔ tː + e,n ˈœ tːʃ + e,n o tʲ,n o tɕ,n i t,n o t,n ˈɔ t + e,n œ tʃ
61_nose,n ˈa r + e,n a s,n a s,n ˈa z + u,n a z,n ˈɛː z,n a s,n a ɾ ˈi θ,n ˈa s + u,n a s,n w o s,n ˈɛ s,n a s,n aː s,n ˈɛ s,n ˈa z + u,n ˈa s + o,n ɒ s,n a s,n ˈa s + u,n a s,n a s,n ˈa s + k + a,n a s,n ˈa s + ə,n a s,n ˈa s + u,n a s,n a s,n ˈa z + u,n e a z,n ˈɛː s,n a s,n a s,n ˈa s + u,n ˈa s + o,n ˈaː z + u,n a s,n a s,n a s,n a s,n ˈa z + o,n a s
62_not,n u,n ˈɛ ŋ,n o,n ˈɔ,n ˈɛ ŋ,n ˈɔ,n o,n o,n ˈɔ,n o,n o ŋ,n o,b r ˈi z a,n ˈɔ,n e + n ˈia,n u,u n,n u,n ˈɛ ŋ,n o n,n o,n u,n ˈɔ,n o,n u n,n o,n ˈɔ,n o,n u ŋ,n u,n,m ˈia,n u,b e tɕ,n u n,n o n,n ˈɛ,b e tʲ,b u k,n o,n u,n o,n eː ŋ
63_one,ˈu n + u,y ŋ,ˈu n + o,ˈu n + u,y ŋ,u n,u n,u n,ˈu n + u,u n,j o j ŋ,u ŋ,u n,u ŋ,u ŋ,u ŋ,ˈu n + o,u r,y ŋ,ˈu n + u,u n,u n,ˈu n + u,u n,ˈu n + ə,u n,ˈu n + u,u ŋ,y ŋ,y ŋ,o w n,uː n,u n,e n,ˈu n + u,ˈu n + o,yː ŋ,e n,i n,u n,y n,ˈu n + o,j y ŋ
64_person,ˈo m + u,ˈɔ m,ˈɔ m,ˈo mː + i n + i,ˈɔ m,ˈɔ m,ˈɔ m e,ˈo m b ɾ + e,k ɾ i s t j ˈa n + u,ˈɔ m ə,o m,o m,s t j a n,ˈɔ m,ˈw ˈɔ m o,ˈɔ mː + u,ˈɔ m + o,o m,ˈɔ m,ˈo mː + i n + e,ˈɔ m e,w o m,k ɾ ɨ s t j ˈa n + u,ˈɔ m u,k r ə s t ˈj a n + ə,ˈɔ m e,k ɾ i ʃ t j ˈa n + u,ˈɔ m,ˈɔ m e,ˈɔ mː + u,s tʃ ˈã n,o m,o m,k ə r ʃ tɕ ˈa w n,k ɾ i ʃ t j ˈa n + u,ˈw ˈɔ m + o,k r i s t ˈj a ŋ,k ə r ʃ tʲ ˈa ŋ,k ə r ʃ tɕ ˈa w n,ˈɔ m e,u m + ˈa n,ˈɔ m + o,ˈoː m + a ŋ
65_rain,p l ˈo̯a j + e,p ˈj œ v + a,p ˈj o v + a,ˈa bː + a,p ˈj œ v + a,p ˈj o v + a,p lˠ ˈu dʒ + a,ʎ ˈu β j + a,k j u v + ˈu t + a,p lˠ ˈu ʒ + ə,p l o v a j + a,p ˈj e v j + a,p ˈj ˈɔ v + a,p l ˈɔ j + e,p l ˈw e j + a,ˈæ ɡ w + a,p ˈj ˈɔ dʒː + a,p l ˈo j + e,p ˈj œ v + a,p r ˈo ɡ + i d + a,p lˠ ˈu tʃ + a,p l ˈo̯a j + ə,k j u v + ˈu t + a,p lˠ ˈu ʒ + ə,k ˈj ˈɔ dʒː + ə,p lˠ ˈu ʒ + ˈɛ,ˈa kː w + a,p ˈj o v + a,p l ˈɥ ˈɛ j + o,p ˈu j + a,p ˈj u v + a,ˈaː k v + a,p l ˈo v a j + e,p l ˈj ˈɛ v dʒ + ə,ˈa kː w + a,p ˈj ˈɔ dʒː + a,ˈæː ɡ w + a,p l ˈj ˈɛ v dʒ + ə,p l ˈj ˈɛ v dʒ + ə,p lˠ ˈu tʃ + a,p l ˈœ v dʒ + ə,p ˈj ˈɔ v + a,p ˈj ˈɔ v + a
66_red,a r ˈo ʃ + u,r u s,r o s,a rː ˈu b j + u,r u s,r ˈɔ s,r ˈɔ tʃ,r ˈo x + o,rː ˈu sː + u,b ə ɾ m ˈɛ ʎ,r a w s,k ˈe tʃ e ŋ,r o s,r ˈɔ s,k ˈw e tʃ u ŋ,r ˈu sː + u,r ˈo sː + o,r ˈo j s + u,r u s,r ˈu v j + u,r ˈɔ tʃ,r o ʃ,rː ˈu sː + u,v ə ɾ m ˈɛ j,r ˈu sː + ə,r ˈɔ tʃ,ʐ ˈu sː + u,r o s,ʁ ˈu dʒ + e,r ˈu ʒ + u,r o z,r ˈɔ s,r ˈo ʃ + u,k ˈo tʃ ə n,ʐ ˈu sː + u,r ˈo sː + o,r ˈu sː + u,k ˈo tʃ ə n,tɕ ˈj e tʃ ə n,r ˈɔ tʃ,k ˈo tʃ ə n,r ˈo s + o,r u s
67_road,k ˈa l + e,s t r a,s t r ˈa ð + a,a rː ˈu ɣ + a,s t r a,s t r ˈɛ d + a,k a m ˈi,k a m ˈi n + o,ʂ ɽ ˈa t + a,k ə m ˈi,k a l,ʃ t r ˈɛ d + a,s t r ˈa d + a,s t r ˈa d + e,ʃ t r ˈɛ d + a,s t r ˈa dː + a,s t r ˈa d + a,k ˈɒ l + e,s t r a,i s t r ˈa d + a,k a m ˈi,d r u m,ʂ ɽ ˈa t + a,k ə m ˈi,s t ˈr a t + ə,k a m ˈi,ʂ ɽ ˈa t + a,s t r ˈa ð + a,k a m ˈi ŋ,s t r ˈa dː + a,s t r e a,s t r ˈɛː d + a,d r u m,v ˈi + ə,ʂ ɽ ˈa t + a,s t r ˈa d + a,ʃ t r ˈɔ,v ˈe j + ə,v ˈi + ə,k a m ˈi,v ˈi + ə,s t r ˈa d + a,s t r a
68_root,a r ə d ə ts + ˈi n + ə,r ˈɛ j s,r a ð ˈi z + a,a rː ˈe ʒ i n + i,r ˈɛ j z,r a iː z,a r ˈɛ lˠ,r a ˈi θ,rː ˈa d i k + a,ə r ˈe lˠ,r a d ˈa j k + a,r e j ʃ,r a d + ˈi s,l i d r ˈiː s,r a v ˈi z + a,r ˈe j ʒ + a,b ˈa r b + a,k ˈo r e n,r ˈɛ j s,r a j ɡ ˈi n + a,r a ˈi lˠ,k ˈo r i n,rː ˈa d i k + a,r ˈɛ lˠ,r ˈa ɾ ə k + ə,a r ˈe lˠ,ʐ ˈa ɾ i k + a,r ˈa ð i s,ʁ a s ˈi n + o,r a d ˈi tʃ + i,r a d ˈi z + a,j a r ˈiː s + a,r ə d ə tʃ ˈi n + ə,r ə dʒ ˈi ʃ,ʐ ˈa ɾ i k + a,r a d ˈi tʃ + e,r ˈæ j ʒ + e,r ˈɛ j ʃ,r ə dʒ ˈi ʃ,a r ˈɛ lˠ,r ə dʒ ˈi ʃ,r a ˈi z + a,r a d ˈiː s
69_round,ɡ u r ɡ u ʎ + ˈe̯a t + u,r u t ˈu ŋ d,t ˈo ŋ d + o,t ˈu n d + u,r u t ˈu ŋ d,r o t ˈɔ n d,r e ð ˈo,r e ð ˈo n ð + o,t ˈu nː + u,r u ð ˈo,,t o r ˈo n,t o n d,t a r ˈɔ n t,t u r ˈo n t,r ˈj u ŋ d + u,t ˈo n d + o,t o n d,r u t ˈu ŋ d,t ˈu n d + u,r e ð ˈo,ɡ u r ɡ u ʎ + a t,t ˈu nː + u,r ə ð ˈo,t ˈu nː + ə,r o ð ˈo,t ˈu nː + u,t ˈo ŋ d + o,ʁ e d ˈu ŋ,r ˈj u ŋ d + u,t o n d,a r d ˈɔ n d,r o t ˈu n d,r ə d ˈu n t,t ˈu nː + u,r o t ˈo n d + o,r ˈj u ŋ d + u,r ə d ˈɔ n t,r ə d ˈu n t,r e ð ˈo,r ə d ˈw ˈɔ n t,t ˈo ŋ d + o,r u t ˈoː ŋ t
6_bird,p ˈu ʎ + u,u z ˈɛ l,o z ˈɛ l,p i lː ˈɔ n + i,u z ˈɛ l,u z ˈɛː l,p a ɾ ð ˈa lˠ,p ˈa x a ɾ + o,a tʃ ˈɛ ɖː + u,u s ˈe ʎ,u tʃ ˈu l,u tʃ ˈe l,u z ˈɛ l,u tʃ ˈɛ l,u tʃ ˈe l,a w ʒ ˈe lː + u,u tːʃ ˈɛ lː + o,p u ʎ,u z ˈɛ l,p u dz ˈo n + e,p a ɾ ð ˈa lˠ,p u ʎ,a tʃ ˈi ɖː + u,p ə ɾ ð ˈa lˠ,a w ʃ ˈj e lː + ə,m i ʃ + ˈo,a tʃ ˈj ˈɛ ɖː + u,u z ˈɛ l,a w s ˈɛ w,ˈɔ w ʒ ˈe lː + u,u z ˈɛ a v l,u z ˈɛ l,p ˈa s ə r + e,u tʃ ˈɛ,a w tʃ ˈj ˈɛ ɖː + u,u tːʃ ˈɛ lː + o,ɔː w ʒ + ˈeː,u tʃ ˈe l,u tʃ ˈi,p a ɾ ð ˈa lˠ,u tʃ ˈɛ,o z ˈɛ + o,y z ˈɛ l
70_sand,a r ˈi n + ə,s ˈa b j + a,s ˈa b j + a,a r ˈɛ n + a,s ˈa b j + a,s ˈa b j + a,a ɾ ˈe n + a,a ɾ ˈe n + a,rː ˈi n + a,s ˈo r + ə,s a l b ˈw o ŋ,s ao l ˈo ŋ,s ˈaː b j + a,s a v a l ˈɔ ŋ,s a b l ˈo ŋ,ˈæ ŋː + a,r ˈe n + a,s a l b ˈu n,s ˈa b j + a,r e n + a,a ɾ ˈe n + a,p i s ˈo k,rː ˈi n + a,ə ɾ ˈɛ n + ə,r ˈe n + a,a ɾ ˈe n + ˈɛ,ʐ ˈi n + a,s ˈa b j + a,s ˈa b l + o,s ˈa bː j + a,s a b ˈj o w n,s ˈa b j + a,n i s ˈi p,s ə b l ˈu n,ʐ ˈi n + a,s ˈa bː j + a,s ˈaː bː j + a,s ə v l ˈu ŋ,s ə b l ˈu n,a ɾ ˈe n + a,s ə b l ˈu n,s ˈa b j + a,s ˈa b j + a
71_say,dz ˈɨ k + u,d i,d i + r,n a j,d i,d iː + r,d i + ɾ,d e θ + ˈi + ɾ,d ˈi + ɾ i,d i,d ˈe k + r o,d i + r,d i + r,d iː,d i,d i,d i,z ˈi tʃ + e,d i,n ˈa rː + e + r e,d i + ɾ,z i k,d ˈi + ɾ ɨ,d i,d ˈi ʃ + ə + r ə,d i,ɾ ˈi + ɾ i,d i + r,d ˈi + ɾ e,d i,d i,d iː + r,a + z ˈi tʃ + e,d i + r,ɾ ˈi + ɾ i,d ˈi + r e,d i,d ˈɛ k + r,d i + r,d i + ɾ,d i + r,d i + r,d iː
72_see,v ˈe d + u,v ˈə d + e,v ˈe ð + e r,b ˈi + r i,v ˈə d + e,v ˈɛ d + e r,v ˈɛ w + ɾ e,b e + ɾ,v ˈi d + i + ɾ i,b ˈɛ w + ɾ ə,v e d + ˈa r,v e d + ˈe r,v ˈɛ d + a r,v ˈj ˈɔ d + i,u d + ˈə j,v ˈe dː + e,v e d + ˈe + r e,v e d + ˈæ,v ˈə d + i,b ˈi + e + r e,v ˈo + ɾ e,v e t,v ˈi d + ɨ + ɾ ɨ,v ˈɛ w + ɾ ə,v ə ɾ + ˈɛ,b ˈɛ w + ɾ e,v ˈi ɾ + i + ɾ i,v ˈe ð + e r,v ˈɛ j + ɾ e,v ˈe dː + e,v d + eː,v ˈɛ d + e r,a + v e d + ˈe v a,v ə z + ˈa j r,v ˈi ʐ + i,v e d + ˈe + r e,v j ˈɛ j,v ˈɛ k + r,v ə z + ˈe r,v ˈo + ɾ e,v ə ts + ˈe r,v ˈɛ d + e + r,v ˈœ ɡ + i
73_seed,s i m ˈi n ts + ə,s m ˈɛ n s,s e m + ˈɛ ŋ θ + a,s ˈɛ mː + i n + i,s m e n z,s e m + ˈɛ j n s + a,ʎ a v ˈo ɾ,s e m + ˈi ʎ + a,s i m + ˈɛ n ts + a,ʎ ə β ˈo,s e m ˈj a n ts,s ə m + ˈe n ts + a,s m + ˈɛ n t,s e m + ˈɛ n tʃ + e,s u m + ˈə n ts + a,s ˈe mː + e,s ˈe m + e,s e m ˈi n ts + ˈæ,s m ˈɛ n s,s ˈe mː + e n + e,ʎ a β ˈo ɾ,s i m ˈi n ts + ə,s i m + ˈɛ n ts + a,ʎ ə v ˈo,s ə mː + ˈɛ n t + ə,ʎ a β ˈo,s i m + ˈj ˈɛ n ts + a,s e m,ɡ ɾ ˈa n + o,s ˈe m + i,s m + ˈẽ n t + a,s m + ˈɛ j n s + a,s ə m ˈɨ n ts + ə,s e m,s i m + ˈɛ n ts + a,s ˈe m + e,s e m + ˈæː ŋ ts + a,s e m,s e m,ʎ a β ˈo ɾ,s e m,s ˈe m + e,s a m n + ˈɛ
74_sit,ʃ ˈe d + u,s t + ˈe + s ˈɛ t + ˈa,s e ŋ t + ˈa + r + s e + d o,s ˈɛ tːs + i,s t ˈe + s e,s ˈe d + e r,s ˈɛ w + ɾ e,e s t + ˈa + ɾ + s e n t + ˈa ð + o,a + sː i tː + ˈa + ɾ i + s i,s ˈɛ w + ɾ ə,s e d + ˈw o r,ˈe s + e r + s e n t + ˈa,s a n t + ˈa r + a s,s t aː + s e n t ˈaː t,v ˈe ʃ t + ə r + s ə n t + ˈa,ˈeː s e + s e t + ˈɔ w,s ˈj ˈɛ d + e,ʃ e d + ˈæ,s t + ˈe,s ˈe d + e + r e,e s t + ˈa + ɾ + a + s e n t + ˈa + t,s o t,s ɨ tː + ˈa + ɾ ɨ + s ɨ,s ˈɛ w + ɾ ə,s t + ˈa + a + sː ə tː + ˈa t + ə,s ˈɛ w + ɾ e,a + sː i tː + ˈa + ɾ i + s i,s e ŋ t + ˈa + r + s e,ˈɛ s t + ɾ e + a + s e t + ˈa,s e tː + ˈa + s e,z d + eː,s ˈeː d + e r,a + ʃ e d + ˈe v a,s ˈe s + ə r,a + sː i tː + ˈa + ɾ i + s i,s e d + ˈe + r e,s e t + ˈɛ,tʃ ə n t + ˈa r,s ˈe s + ə r,s ˈɛ w + ɾ e,s ˈɛ ts + ə r,s e ŋ t + ˈa + r + s e,s a t ˈɛ + s i
75_skin,tʲ ˈe̯a l + e,p ˈɛ l,p ˈɛ l,p ˈɛ dː + i,p ˈɛ l,p ˈɛ l + a,p e ʎ,p j e l,p ˈɛ ɖː + i,p e ʎ,p j a l,p e l,p e l,p j ˈɛ l,p e l,p ˈe lː + e,p ˈɛ lː + e,k ˈo z + e,p ˈɛ l,p ˈe ɖː + e,p e ʎ,k ˈo̯a ʒ + ə,p ˈɛ ɖː + ɨ,p e j,p ˈɛ lː + ə,p e ʎ,p ˈj ˈɛ ɖː + i,p ˈɛ l,p ˈɛ w,p ˈe lː + e,p ˈɛ a l + a,p ˈɛ l + a,p ˈj e l + e,p e l,p ˈɛ ɖː + i,p ˈɛ lː + e,p ˈɛː lː + e,p e l,p j a l,p e ʎ,p e l,p ˈɛ + e,p ˈɛ l
76_sleep,d ˈo r m + u,d ˈœ r m + e,d o r m + ˈi + r,d r ˈo mː + i + r i,d ˈœ r m + e,d u r m + ˈiː r,d o ɾ m + ˈi + ɾ,d o ɾ m + ˈi + ɾ,d ˈɔ ɾ m + i + ɾ i,d u ɾ m + ˈi,d o r m + ˈa r,d o r m + ˈi r,d u r m + ˈi r,d u r m + ˈiː,d u r m + ˈi,d u r m + ˈiː,d o r m + ˈi + r e,d u r m + ˈi,d ˈœ r m + e,d r o mː + ˈi + r e,d o ɾ m + ˈi + ɾ,d o r m,d ˈɔ mː + ɨ + ɾ ɨ,d u ɾ m + ˈi,d u r m + ˈi,d o ɾ m + ˈi,ɾ ˈw ˈɔ ɾ m + i + ɾ i,d r o m + ˈi + r,d u ɾ m + ˈi,d u r m + ˈi,d u r m + ˈi,d u r m + ˈiː r,a + d o r m + ˈi,d u r m + ˈi r,ɾ ˈɔ ɾ m + i + ɾ i,d o r m + ˈi + r e,d u r m + ˈi,d u r m + ˈɛ k r,d u r m + ˈi r,d o ɾ m + ˈe + ɾ,d u r m + ˈi r,d o r m + ˈi + r,d ˈɔː r m + i
77_small,ɲ ˈi k + u,tʃ i t,tʃ e k,p i tː + ˈi k + u,tʃ i t,tʃ i k,m e n ˈu t,p e k + ˈe ɲ + o,n ˈi k + u,p ə t ˈi t,p ˈe l + o,p ˈi k + o l,p ˈi k + u l,p ˈi tʃ + u l,p i t + l,p i tːʃ + ˈi n,p i tːʃ + ˈi n + o,m i k,tʃ i t,m i n ˈu ʒ + u,tʃ i k o t + ˈe t,m i k,p i tːʃ i ɾ i ɖː + u,p ə t ˈi t,p i tːʃ + i r + i lː + ə,p e t ˈi t,n ˈi k + u,p ˈi k + o l,p i tʃ + ˈo t,p i tʃ + ˈi n,ts n + i n,tʃ ˈɛ k,m i k,p ˈi tʃ + ə n,n ˈi k + u,p ˈi kː + o l + o,p i tʃ + ˈiː t + u,p ˈi tʃ + ə n,p i ɲ,tʃ i k o t + ˈe t,p ˈi tʃ + ə n,p ˈi k + o e v + o,p ˈiː tʃ + u
78_smoke,f ˈu m + u,f y m,f u ŋ,f ˈu mː + u,f y m,f u m,f u m,ˈu m + o,f ˈu m + u,f u m,,f u m,f u m,f u m,f u m,f ˈy mː + u,f ˈu m + o,d i m,f y m,f ˈu m + u,f u m,f u m,f ˈu m + u,f u m,f ˈu mː + ə,f u m,f ˈu m + u,f u m,f y m,f ˈy mː + u,f o m,f o m,f u m,f i m,f ˈu m + u,f ˈu m + o,f ˈyː mː + e,f e m,f e m,f u m,f y m,f ˈu m + o,f y m
79_stand,ʃ ˈe d + u + m + p r ˈo s t + u,s t + ˈe + ˈɛ n + p ˈe,s t + ˈa + r + i ŋ + p ˈie,a b a rː + ˈa j + i + β ˈe j,s t + ˈe + d r i t,s t + ˈɛː r + i n + p ˈeː,e s t + ˈa + ɾ + d e + p ˈɛ w,e s t + ˈa + ɾ + d e + p ˈj e,s t + ˈa + ɾ i + a + dː ˈi tː a,ə s t + ˈa + ð ɾ ˈɛ t,s t w o r + i ŋ + p ˈi n s,ʃ t + ˈɛ r + e n + p ˈe,s t + ˈa r + i n + p j ˈe,s t aː + i m + p ˈi n s,ʃ t + ˈɛ + m p ˈe,s t + ˈaː + i ŋ + p ˈeː,s t + ˈa r e + i n + p ˈj ˈɛ d + i,s t ɒ,s t + ˈe + d r i t,i s t + ˈa + r e + a + s a + r ˈi tːs + a,e s t + ˈa + ɾ + ð ɾ ˈɛ t,s t a + w,s t + ˈa + ɾ ɨ + a + ɖː ɽ ˈi tː a,ə s t + ˈa + ð ɾ ˈɛ t,s t + ˈa + a lː ˈj e r t + ə,a s t + ˈa + ð ɾ ˈɛ t,s t + ˈa + ɾ i + a + ɡ ɾ ˈi tː a,s t + ˈa + r + i ŋ + p ˈɛ,ˈɛ s t + ɾ e + d ɾ ˈe,s t + ˈa + i ŋ + p ˈe,,s t + ˈɛː r + i n + p ˈe + e,a + s t ˈa + ɨ n + p i tʃ ˈo v a r + e,ʃ t + a r,s t + ˈa + ɾ i + a + d ˈi tː a,s t + ˈa + r e + i n + p ˈj ˈɛ d + i,ʃ t + ˈe + i m + p ˈe,ʃ t + a r,ʃ t + a r,e s t + ˈa ɾ + d e + p ˈɛ w,ʃ t + a r,s t + ˈa + r + i ŋ + p ˈie,s t + ˈɛ + ŋ + p ˈeː
7_bite,m ˈɨ ʃ k + u,m ˈɔ r d + e,m ˈɔ r ð + a + r,m u sː j + ˈa j,m ˈɔ r d + e,m u z ɡ + ˈɛː r,m o s e ɣ + ˈa + ɾ,m o ɾ ð + ˈe + ɾ,m u tːs i k + ˈa + ɾ i,m u s ə ɣ + ˈa,m o r s k + ˈw o r,m ˈo r d + e r,z ɡ a ɲ + ˈa r,m ˈw a r d + i,m ˈɔ r d + ə r,m ɔː r d + e,m o r s + i k + ˈa + r e,m u tʃ k + ˈɒ,m ˈɔ r d + i,m o sː i ɡ + ˈa + r e,m o s e ɣ + ˈa + ɾ,m ˈu tʃ k + u,m u tːs ɨ k + ˈa + ɾ ɨ,m u s ə ɣ + ˈa,m u tːs ə k + ˈa,m o s e ɣ + ˈa,m u tːs i k + ˈa + ɾ i,m ˈɔ r ð + e + r,m ˈɔ ɾ d + ɾ e,m ˈɔ r d + e,m u r s + ˈe a,m u z ɡ + ˈɛː r,a + m u ʃ k + ˈa,m ˈɔ r d + ə r,m u tːs i k + ˈa + ɾ i,m ˈɔ r d + e + r e,m ˈɔː r d + e,m ˈɔ r d + ə r,m ˈɔ r d + ə r,m o s e ɣ + ˈa + ɾ,m ˈɔ r d + ə r,m o r s e ɡ + ˈa + r,m ˈɔː r d + i
80_star,s t ˈe̯a + o,s t ˈɛ j l + a,s t ˈe l + a,s t ˈɛ dː + a,s t ˈɛ j l + a,s t ˈɛ l + a,e s t ɾ ˈe ʎ + a,e s t ɾ ˈe ʎ + a,s t ˈi ɖː + a,ə s t ɾ ˈe ʎ + ə,s t ˈa lː + a,ʃ t ˈe j l + a,s t ˈɛ l + a,s t ˈɛ l + e,ʃ t ˈə j l + a,s t ˈe l + a,s t ˈe lː + a,s t ˈæ,s t ˈɛ j l + a,i s t ˈe ɖː + a,e s t ɾ ˈɛ lˠ + a,s t ˈe w + ə,s t ˈi ɖː + a,ə s t ɾ ˈe ʎ + ə,s t ˈe lː + ə,e s t ɾ ˈe ʎ + ˈɛ,ʃ t ˈi ɖː + a,s t ˈe l + a,e s t ˈe l + o,s t ˈe lː + a,s t ˈɛ a l + a,s t r ˈɛ l + a,s t e v a,ʃ t ˈa j l + ə,ʃ t ˈi ɖː + a,s t ˈe lː + a,ʃ t ˈɛ j + a,ʃ t ˈɛ j l + ə,ʃ t ˈɛ j l + ə,a s t ɾ ˈe lˠ + a,ʃ t ˈa j l + ə,s t ˈe + a,s t ˈœ l + a
81_stone,tʲ ˈe̯a t r + ə,p ˈɛ r + a,p ˈj ˈɛ r + a,p ˈe r d + a,p ˈe r + a,dʒ a r + ˈɔ w n,p ˈe ð ɾ + a,p ˈj e ð ɾ + a,p ˈɛ ʈ ɽ + a,p ˈe ð ɾ + ə,p ˈi t r + a,s a s,p r ˈɛ d + a,k l a p,s a s,p r ˈiː + a,s ˈa sː + o,ˈə r p + a,p ˈɛ r + a,p ˈe r d + a,p ˈe ð ɾ + a,r ˈɔ p + ə,p ˈɛ ʈ ɽ + a,p ˈe ð ɾ + ə,p r ˈɛ t + ə,p ˈe ð ɾ + ˈɛ,p ˈj ˈɛ ʈ ɽ + a,s a s,p ˈɛ j ɾ + o,p r ˈi + a,s a s,p r ˈeː d + a,p ˈj a t r + ə,k r a p,p ˈɛ ʈ ɽ + a,p ˈj ˈɛ t r + a,p r ˈɛ j + a,k r a p,k r a p,p ˈe ð ɾ + a,k r a p,p ˈj ˈɛ r + a,p r ˈɛ j + a
82_sun,s ˈo̯a r + e,s u l,s o l,s ˈɔ l + i,s u l,s oː l,s ˈɔ lˠ,s o l,s ˈu l + i,s ˈɔ lˠ,s a w l,s o r ˈe j + e,s o l,s o r ˈɛ l + i,s u r ˈə d l,s uː,s ˈo l + e,s ˈo r + e,s u l,s ˈo l + e,s ˈɔ lˠ,s ˈo̯a r + i,s ˈu l + i,s ˈɔ lˠ,s ˈo l + ə,s ˈɔ lˠ,s ˈu l + i,s o l,s u l ˈɛ w,s u,s o w l,s ˈɔ w l,s ˈo v a r + e,s u l ˈe ʎ,s ˈu l + i,s ˈo l + e,s u,s u ʎ ˈe ʎ,s u l ˈe ʎ,s ˈɔ lˠ,s u l ˈa j,s o l,s u l
83_swim,a n ˈo t + u,n u + ˈe,n o ð + ˈa + r,n a d + ˈa j,n u + ˈe,n u d + ˈɛː r,n a ð + ˈa + ɾ,n a ð + ˈa + ɾ,n a t + ˈa + ɾ i,n ə ð + ˈa,n o t + ˈw o r,n o d + ˈɛ r,n u d + ˈa r,n a d + ˈaː,n u d + ˈɛ,n œ + ˈaː,n o t + ˈa + r e,p l i v + ˈi,n u + ˈe,n a d + ˈa + r e,n a ð + ˈa + ɾ,p l i v + ə j + ˈe s,n a t + ˈa + ɾ ɨ,n ə ð + ˈa,n a t + ˈa,n a ð + ˈa,n a t + ˈa + ɾ i,n o ɡ + ˈa + r,n e d + ˈa,ɲ u + ˈa,n a v i ɡ + ˈe a,n u d + ˈɛː r,a + ɨ n o t + ˈa,n u d + ˈa r,n a t + ˈa + ɾ i,n w o t + ˈa + r e,n œ + ˈɛ,n u d + ˈa r,s ə + n u d + ˈa r,n a ð + ˈi + ɾ,n ə d + ˈa r,n u + ˈa + r,n a v + ˈɛ
84_tail,k ˈo̯a d + ə,k ˈu + a,k ˈo ð + a,k ˈɔ + a,k ˈu + a,k ˈɔ v + a,k ˈu + a,k ˈo l + a,k ˈu d + a,k ˈu + ə,k u d,k ˈo w d + a,k ˈɔ + a,k ˈɔ d + e,k ˈo d + a,k ˈuː + a,k ˈo d + a,k ˈo d + ˈæ,k ˈu + a,k ˈo + a,k ˈu + a,k ˈo̯a d + ə,k ˈu d + a,k ˈo + ə,k ˈo ɾ + ə,k ˈu + ˈɛ,k ˈu ɾ + a,k ˈo + a,k o,k ˈu + a,k ˈo w d + a,k ˈɔ v + a,k ˈo v a d + ə,k ˈu + ə,k ˈu ɾ + a,k ˈo d + a,k ˈu + a,k ˈu + ə,k ˈu + ə,k ˈu + a,k ˈu + ə,k ˈo + a,k ˈu + a
85_that,a ts ˈe + l u,k u l,k w e l,k ˈu dː + u,k u l,k w ˈɛː l,a k ˈe ʎ,a k ˈe l,k ˈi ɖː + u,ə k ˈɛ ʎ,k o l,k e l,k w e l,k ˈɛ l,k ə l,k w ˈɛ l + u + l ˈi,k ˈw e lː + o,a tʃ ˈe + l a,tʃ ə l,k ˈu ɖː + u,a k ˈe ʎ,ts ˈe + l a,k ˈi ɖː + u,ə k ˈɛ j,k ˈi lː + ə,a k ˈe ʎ,k ˈi ɖː + u,k w e l,a k ˈe w,k w ˈɛ lː + u,k w ˈɛ l,k ˈɔ l,a tʃ ˈe + l,tʃ e l,k ˈi ɖː + u,k ˈw e lː + o,k w ˈɛː lː + u,ˈa w t ə r,tʃ e l,a k ˈe ʎ,k w e l,k w ˈɛ + o,k u l + l ˈa
86_this,a ˈe + s t u,k u s t,k w ˈe s t + o,k ˈu s t + u,k u s t,k w ˈɛ s t,a k ˈe s t,ˈe s t + e,k ˈi s t + u,ə k ˈɛ t,k o s t,k e ʃ t,k w e s t,k ˈɛ s t,k ə ʃ t,s t ˈu + k ˈi,k ˈw e s t + o,tʃ ˈe + s t a,k u s t,k ˈu s t + u,ˈe s t + e,ts ˈi + s t a,k ˈi s t + u,ə k ˈɛ t,k ˈi s t + ə,a k ˈe t,k ˈi s t + u,s t + o,a k ˈe s t,k w ˈɛ s t + u,k w e s t,k ˈɔ s t,a tʃ ˈe s t,k w ˈɛ l,k ˈi s t + u,k ˈw e s t + o,k w ˈɛː s t + u,tɕ e l,k w e l,ˈe s t + e,k w i s t,k w ˈe s t + o,k u s + k ˈiː
87_thou,t ˈi n e,t i,t i,t u j,t i,t ˈɛ,t u,t u,t u,t u,t u,t u,t i,t u,t u,t i,t e,t u,t i,t ˈu + e,t u,t u,t u,t u,t u,t u,t u,t i,t y,t i,t e,t e,t u,t i,t u,t u,t i,t e,t i,t u,t y,t i,t iː
88_tongue,l ˈi m b + ə,l ˈɛ ŋ ɡ + a,l ˈe ŋ ɡ w + a,l ˈi m b + a,l ˈe ŋ ɡ + a,l ˈɛ ŋ ɡ v + a,ʎ ˈe ŋ ɣ w + a,l ˈe ŋ ɡ w + a,l ˈi ŋ ɡ w + a,ʎ ˈe ŋ ɣ w + ə,l ˈa ŋ ɡ + a,l ˈe ŋ ɡ + a,l ˈɛ ŋ ɡ w + a,l ˈɛ ŋ ɡ + e,l ˈə ŋ ɡ + a,l ˈi ŋ ɡ w + a,l ˈi ŋ ɡ w + a,l ˈi m b + ˈæ,l ˈɛ ŋ ɡ + a,l ˈi m b + a,ʎ ˈe ŋ ɣ w + a,l ˈi m b + ə,l ˈi ŋ ɡ w + a,ʎ ˈe ŋ ɣ + u,l ˈe ŋ ɡ w + ə,ʎ ˈe ŋ ɣ w + ˈɛ,l ˈi ŋ ɡ w + a,l ˈe ŋ ɡ w + a,l ˈe ŋ ɡ + o,l ˈi ŋ ɡ w + a,l ˈe n ɡ v + a,l ˈɛ ŋ ɡ w + a,l ˈi m b + ə,l ˈj e w ŋ ɡ + ə,l ˈi ŋ k w + a,l ˈi ŋ ɡ w + a,l ˈæː ŋ ɡ w + a,ʎ ˈa ŋ ɡ + ə,l ˈj e w ŋ ɡ + ə,ʎ ˈe ŋ ɣ w + a,l ˈe w + ə,ˈe ŋ ɡ w + a,l ˈeː ŋ ɡ w + a
89_tooth,d ˈi n t + e,d ˈɛ ŋ t,d ˈɛ ŋ t,d ˈɛ n t + i,d ˈɛ ŋ t,d ˈɛ j n t,d e n t,d ˈj e n t + e,d ˈɛ n t + i,d e n,d j a n t,d e n t,d e n t,d i n t,d ə n t,d ˈe n t + e,d ˈɛ n t + e,d ˈi n t + e,d ˈɛ ŋ t,d ˈe n t + e,d e n t,d ˈi n t + i,ɾ ˈɛ n t + ɨ,d e n t,d ˈɛ n t + ə,d e n,ɾ ˈj ˈɛ n t + i,d ˈɛ ŋ t,d ˈɛ n t,d ˈɛ n t + e,d ˈẽ n t,d ˈɛ j n t,d ˈi n t + e,d ˈɛ n t,ɾ ˈɛ n t + i,d ˈɛ n t + e,d ˈæː ŋ tʃ + u,d a j n t,d ˈɛ n t,d e n t,d a j n t,d ˈe ŋ t + e,d eː ŋ tʃ
8_black,l ˈa j + u,n ˈɛ j r,n ˈe r + o,n ˈj e dː + u,n ˈɛ j r,n ˈe ɡ e r,n ˈe ɣ ɾ + e,n ˈe ɣ ɾ + o,n ˈi u ɾ + u,n ˈɛ ɣ ɾ + ə,n j a r,n ˈe j ɡ ˈɛ r,n ˈɛ ɡ a r,n ˈe r + i,f o ʃ k,n ˈeː j ɡ r + u,n ˈe r + o,n ˈe ɡ r + u,n ˈɛ j r,n i ɡ ˈe ɖː + u,n ˈe ɣ ɾ + e,n ˈe ɡ r + u,n ˈi u ɾ + u,n ˈɛ ɣ ɾ + ə,n ˈi r + ə,n ˈe ɣ ɾ + e,n ˈi v u ɾ + u,n ˈe ɡ r + o,n ˈe ɡ ɾ + e,n ˈe j ɡ r + u,n ˈi ɡ a r,n ˈiː ɡ e r,n ˈe ɡ r + u,n a j r,n ˈi v i ɾ + u,n ˈe r + o,n ˈɛː j ɡ r + u,n ˈeə r,n e r,n ˈe ɣ ɾ + e,n a j r,n ˈe r + o,n ˈeː r + u
90_tree,ˈa r b u r + i,ˈɛ r b + u,ˈa l b e r + o,m ˈa tː + a,ˈɛ r b + u,ˈe l b e r,ˈa β ɾ + e,ˈa ɾ β o l,ˈa ɾ v u l + u,ˈa β ɾ + ə,j ˈa r b u r,ˈɛ l b ˈɛ r,ˈa r b u l,ˈa r b u l,l ə ŋ,ˈeː r b + u,p ˈj a n t + a,l ˈe m ə n,p ˈj a ŋ t + a,ˈa r v u r + e,ˈa β ɾ + e,ˈa r b u r,ˈa bː u ɾ + u,ˈa β ɾ + ə,ˈa β ə r + ə,ˈa β ɾ + e,ˈa ɾ b u l + u,ˈa l b e r,ˈa w b ɾ + e,ˈæː r b + u,ˈe a l b a r,ˈɛː l b e r,k o p ˈa k,p l ˈa n t + ə,m ˈa tːʃ + a,ˈa l b e r + o,ˈæː r b + uː,p l ˈa n t + ə,p l ˈɔ n t + ə,ˈa β ɾ + e,b œ ʃ tɕ,ˈa l b e r + o,p ˈj a ŋ t + a
91_two,d o j,d u j,d o j,d ˈu + z u,d u j,d uː,d o s,d o s,d ˈui,d o s,d o j,d o j,d u,d ˈɔ j,d o j,d u ˈiː,d ˈu e,d o j,d u j,d ˈu + o s,d o s,d o j,d ˈui,d o s,d ˈo j + ə,d o s,ɾ ˈui,d o j,d u s,d u ˈi,d o,d ˈɔ w,d o j,d u s,ɾ ˈu ˈɛ,d ˈu e,d ɥ i,d u s,d u s,d o s,d w o s,d o,d y j
92_walkgo,ˈi m n + u,v a,v a,a n d + ˈa j,v a,v a,v a,b a,v a,b a,v i s,v a,v a,v a,v a,v a,v a,m ˈæ r + e,v a,a n d + ˈa + r e,b a,ˈa m n + u,v a,b a,v a,b a,v a,v a,v a j,v a,v a,v a,a + u m b l + ˈa,i r,v a,v a,v a,ˈɛ k r,v a,b a,v a,v a,v a
93_warm,k ˈa l d + u,t ˈə b + i,k a l t,k a l + ˈo r + u,k a w d,k a l d + ˈɛ j n,k a lˠ + ˈe n t,k a l + ˈj e n t + e,t ˈɛ p i d + u,k ə lˠ + ˈe n,k w o l t,tɕ a w t,k a l d,tʲ a l t,tɕ a w t,t ˈj e p i d + u,k ˈa l d + o,k ɒ d,t ˈə b + i,k a dz ˈe n t + e,k a lˠ + ˈe n t,k a l t,k ˈau dː + u,k ə ˈlˠ + e n,k ˈa β ə r + ə,k a lˠ + ˈe n,k ˈa v u ɾ + u,k a l t,k a w t,k ˈaː d + u,k e a l d,k ˈɛː l d,k a l d,tɕ a w t,k ˈau ɾ + u,k ˈa l d + o,tʃ ˈe pː + u,tʲ o t,k a w l t,t e m p lˠ + ˈa t,tɕ o t,t ˈj ˈɛ p i d + o,k a w t
94_water,ˈa p + ə,ˈɛ v + a,ˈa k w + a,ˈa bː + a,ˈe v + a,ˈa k w + a,ˈa j ɣ w + a,ˈa ɣ w + a,ˈa kː w + a,ˈa j ɣ w + ə,j ˈa k w + a,ˈɛ ɡ + a,ˈa k w + a,ˈa ɡ + e,ˈɛ ɡ + a,ˈeː ɡ w + a,ˈa kː w + a,ˈɒ p + ˈæ,ˈe v + a,ˈa bː + a,ˈai w + a,ˈa p + u,ˈa kː w + a,ˈa j ɣ + u,ˈa kː w + ə,ˈa j ɣ w + ˈɛ,ˈa kː w + a,ˈa k w + a,ˈa j ɡ + o,ˈæː ɡ w + a,ˈa k v + a,ˈaː k v + a,ˈa p + ə,ˈa w + ə,ˈa kː w + a,ˈa kː w + a,ˈæː ɡ w + a,ˈa v + ə,ˈa w + ə,ˈai w + a,ˈa w + ə,ˈa k w + a,ˈa k w + a
95_we,n o j,n u j,n o j,n o z + ˈa t r u + z u,n u j,n u + ˈɛ t e r,n o z + ˈa lˠ t ɾ + e s,n o s + ˈo t ɾ + o s,n ˈui,n u z + ˈa lˠ t ɾ + ə s,n o j,n o s,,n oː,n ə w s,n u iː + ˈa t r + i,n ˈoi,n o j,n u j,n ˈoi s,n o z + ˈa lˠ t ɾ + e s,n o j,n ˈui,n ˈo + lˠ t ɾ + u s,n ˈu j + ə,n o z + ˈa lˠ t ɾ + e s,n u + ˈa v u ʈ ɽ + i,n o j,n u s,n u ˈi,n o w,n u + ˈɛː t e r,n o j,n u s,n i + ˈa w ʈ ɽ + i,n ˈoi,n ɥ i + ˈa t r + i,n o w s,n u s,m o s + ˈa t ɾ + o s,n u s,n i + ˈa l t r + i,n y j
96_what,ts e,k ˈɔ z a,k e,ˈi tː a,k ˈɔ z a,k ˈu z a,k e,k e,k i,k ˈɛ,k o s,k e + p a,k ˈu z a,tʃ e,tʃ ə,k ˈo s e,k e,tʃ e,k ˈɔ z a,ˈi tː + e,k e,ts e,k i,k ˈɛ,k ə,k e,k i,k e,k e,k o sː ˈe,k e,k s aː,tʃ e,tɕ e,k i,k e,k ˈoː sː e,tʲ e,tɕ e j,k e,tɕ e,k ˈɔ s a,k w ˈɛ
97_white,ˈa l b + u,b j a ŋ k,b j a ŋ k,b j ˈa ŋ k + u,b j a ŋ k,b j a ŋ k,b lˠ a ŋ k,b l ˈa ŋ k + o,ˈj a ŋ k + u,b lˠ a ŋ,j w a l b,b j a ŋ k,b j a ŋ k,b l a ŋ k,b l a ŋ k,dʒ ˈa ŋ k + u,b ˈj a ŋ k + o,ɒ b,b j a ŋ k,b ˈj a ŋ k + u,b lˠ a ŋ k,a l p,ˈj a ŋ k + u,b lˠ a ŋ,j ˈa ŋ k + ə,b lˠ a ŋ,b ˈj a ŋ k + u,b j a ŋ k,b l a ŋ k,dʒ ˈaː ŋ k + u,b j ˈã n k,b j aː ŋ k,a l b,a l f,b r ˈa ŋ k + u,b ˈj a ŋ k + o,dʒ ˈaː ŋ k + u,a l f,a l f,b lˠ a ŋ k,a l p,b ˈj a ŋ k + o,b j aː ŋ k
98_who,k ˈa r + e,k i,k i,k ˈi + n i,k i,k i,k i,k j e n,k ˈui,k i,k u,k i + p a,k i,k u j,k i,k i,k i,tʃ ˈi r e,k i,k ˈi + e,k i,k ˈa r + i,k u,k i,k i,k i,k u,k i,k u,k i,k i,k i,tʃ ˈi n e,tɕ i,k ˈui,k i,k i,tʲ i,tɕ i,k i,tɕ i,k i,k i
99_woman,m u ʎ ˈe̯a r + e,f ˈu m n + a,f ˈe m e n + a,f ˈɛ mː i n + a,f ˈu m n + a,d ˈɔ n + a,d ˈɔ n + a,m u x ˈe ɾ,f ˈi mː i n + a,d ˈɔ n + ə,m u ʎ ˈe r,f ˈe m e n + a,d ˈɔ n + a,f ˈɛ m i n + e,ˈə j l + a,d ˈœ nː + a,d ˈɔ nː + a,ʒ ˈe n s k + ˈæ,f ˈu m n + a,ˈe mː i n + a,d ˈɔ n + a,m u ʎ ˈa r + i,f ˈi mː ɨ n + a,d ˈɔ n + ə,f ˈɛ mː ə n + ə,d ˈɔ n + ˈɛ,f ˈi mː i n + a,f ˈe m e n + a,f ˈe m + o,d ˈo nː + a,d ˈo n + a,d ˈɔ n + a,f e m ˈe j + e,f ˈɛ m n + ə,f ˈi mː i n + a,d ˈɔ nː + a,d ˈoː nː + a,f ˈɛ m n + ə,f ˈɛ m n + ə,d ˈɔ n + a,d ˈw ˈɔ n + ə,d ˈo n + a,d ˈɔː n + a
9_blood,s ˈɨ n dz + e,s a ŋ ɡ,s ˈa ŋ ɡ w + e,s ˈa ŋ ɡ u n + i,s a ŋ ɡ,s ˈa ŋ ɡ e v,s a ŋ k,s ˈa ŋ ɡ ɾ + e,s ˈa ŋ ɡ + u,s a ŋ,s w o ŋ ɡ,s a ŋ k,s a ŋ ɡ,s a ŋ k,s a ŋ k,s ˈa ŋ ɡ w + e,s ˈa ŋ ɡ w + e,s ˈə n z + e,s a ŋ ɡ,s ˈa m b e n + e,s a ŋ k,s ˈɔ n z + i,s ˈa ŋ ɡ + u,s a ŋ k,s ˈa ŋ ɡ + ə,s a ŋ,s ˈa ŋ ɡ + u,s ˈa ŋ ɡ w + e,s a ŋ k,s ˈa ŋ ɡ w + e,s ˈã ŋ ɡ v,s ˈaː ŋ ɡ o v,s ˈɨ n dʒ + e,s a ŋ k,s ˈa ŋ k + u,s ˈa ŋ ɡ w + e,s ˈaː ŋ ɡ w + e,s a ŋ k,s a w ŋ k,s a ŋ k,s a ŋ k,s ˈa ŋ ɡ w + e,s a ŋ
