Cognate_ID	Achang	Bela	Lashi	Maru	Phon	WrittenBurmese	Zaiwa
1 2_1_sky	m au ³⁴ + kʰ o ŋ ³²		m au ³ + kʰ o ŋ ³¹	m o ʔ ³⁵ + g au ŋ ⁵¹		m u/w iː + k au ŋː/ŋ	m au ³ + kʰ u ŋ ⁵³
100_65_garlic		s au n ²³				s w a n	
102_66_redpepper	l a ³		l a ²				
103_66_redpepper				pʰ j a k ⁵			pʰ j i k ⁵
104 105_67_corn	l a ³ + m i ⁵		l a ² + m ɯ̃ ⁵²				
106_68_paddyrice	g u k ³		k o̰ k ⁵³	g au k ³²	k o ʔ ⁵⁵		g u ʔ ³²
107_69_cookedrice	w ɔ m ³		w ø m ²				
108_69_cookedrice				d z o ³¹			d z a ŋ ³¹
109_70_ricehusk				pʰ ö/œ i ³²		p a	
10_7_rain			w ɔ ⁵¹		w a ʔ ⁵⁵	r w a	
11 12 13_8_rainbow	s ai ³⁵ + j a ŋ ⁵³ + k a n ²			s a ŋ k ⁵³ + j a ⁴¹ + g e n ⁴			
11 12_8_rainbow			s ə ŋ ⁴³ + j ɔ ʔ ³¹		s ə + j ʊ ŋ		
112_71_salt	tsʰ ɔ ⁵	tʰ a ²³	tsʰ o ⁵	tsʰ o ⁴³	sʰ a ³¹	tsʰ aː	tsʰ ɔ ³¹
113 114_72_animal	g au ³⁴ + n j æ̰ ṵ ʔ ⁵²		k au ² + n j au k ⁵³				
115 116_73_tiger	dʒ ɔ ³ + l u ³		d z ə ⁴³ + l o ³				
116 117_73_tiger					l a ³¹ + k ə	k j aː + k j aː	
119_74_bear	w ɔ m ³¹		w u ʔ ³⁴	w e ⁴¹	w e ⁵⁵	w a m	v a m ³¹
120_75_deer	tsʰ a t ⁵³		ts a̰ ḭ ʔ ⁵¹		tsʰ i ⁵⁵	tsʰ a t	tsʰ ə ³
121 122_76_monkey	l ai ³⁴ + n j u k ⁴²		l a ³ + m j o k ³²			h lʷ a + m j au k	l ə ³ + m j u ʔ ³²
122_76_monkey		m j au ʔ ⁵²		m j æu ʔ ³¹	m j ai ŋ ⁵⁵		
123_77_gibbon			n ɔ̃ ʔ ³¹				n ɔ ʔ ³²
124_79_porcupine	t j ṵ ³		b j u ³	p j ṵ ⁵²	pʰ j u ʔ ⁵⁵	pʰ r uˀ	b j u ⁵³
125 126_80_rat		ɣ o ²³ + n a ʔ ⁵²	g ɛ n ³² + n ɔ̃ ʔ ³				
125_80_rat	g j u ʔ ⁴²			ɣ o k ³²		k r w a t	
127 128_81_dog			kʰ u/w e ³² + l a ⁵³	kʰ a ² + l ə			
127_81_dog	kʰ u/w i ⁴⁵	kʰ u/w i ²³			kʰ u/w i ³¹	k eː	kʰ u/w i ³¹
129_82_bark					kʰ u/w e ⁵⁵		kʰ u/w i ³²
130_82_bark	dʒ j æ p ⁴²		g j æ p ³	ɣ e ʔ ³			
131_83_bite	ŋ a t ³¹		ŋ ai t ³	n a ³²			ŋ a t ³²
132_85_pig	w u ʔ ⁴²	v w a ⁵²	w u ʔ ³	v ɔ ʔ ³²	w ʊ ʔ ³¹	w a k	w a ʔ ³¹
133 134_86_cow				n o ŋ ⁴ + dʒ au ŋ ⁵¹			n ɔ ³ + dʒ u ŋ ⁵³
133_86_cow	n j u ³	n au ⁵²	n ũ ³		n u ³¹	n w aː	
135_87_milk	n au ⁵	n au ²³	n au ⁴	n o ŋ ³	n u ³¹	n u/w iˀ	n au ³
136_88_buffalo	l u/w i ⁴	l u/w i ⁵²	l i ³	l ö/œ i ³	l i ³¹		l u/w i ³¹
137_89_buffalohorn	kʰ j æu ³	kʰ j u ³	kʰ j au ³²³	kʰ j o ʔ ⁵²		kʰ j u/w i	kʰ j u/w i ⁵³
139 140_90_tail		m i ⁵² + sʰ a ²³		m ḭ ⁴³ + ʃ ɪ ⁴			m i ³¹ + ʃ ɔ ⁴³
139_90_tail					m i ³¹	m r iː	
141_91_elephant	tsʰ a ŋ ³		tsʰ a ŋ ²	tsʰ a ⁵³		tsʰ a ŋ	
142_92_elephanttusk	d z u/w i ³¹	t u/w i ³	d z i ⁵²	d z ö/œ i ³¹	sʰ u/w i ⁵⁵	tsʷ ai	d z u/w i ³¹
143_93_bird	ŋ ɔ̰ ʔ ⁵²	ŋ a̰ ʔ ⁵²	ŋ ɔ̰ ʔ ⁵²	ŋ ɔ̰ ʔ ⁵⁴	ŋ a ³¹	h ŋ a k	ŋ ɔ̰ ʔ ⁵⁴
144_94_birdnest	s u/w a t ⁵⁴		s oi ʔ ⁵³	s ai t ⁵⁴	ʃ a ʔ ³¹	s u/w i k	s ʊ t ⁵
145_95_wing	d u ŋ ³¹		d o ŋ ⁵¹	d au ŋ ⁴¹	t ɔ ŋ ⁵⁵	t au ŋ	d u ŋ ³¹
146 147_96_feather			m au ³⁵ + ʔ a ³			m w eː + ʔ ə	
146_96_feather	m au ⁴⁵			m o̰ k ⁵	m j ai		m au ³¹
148_97_fly	d a ŋ ³		d a ŋ ³	d a ⁴		p j a m	d a ŋ ⁵³
149_98_egg	ʔ u ʔ ⁵³	ɣ ṵ ²³	w ɨ̰ ʔ ⁵³	au ⁵⁴	ʔ u ³¹	ʔ uˀ	ʔ u ³
14_9_lightning			l æ̰ p ⁵³			h l j a p	l a̰ p ⁴
150_99_chicken	g j ɔ ʔ ³¹	ɣ ɔ ʔ ²³	g j ɔ ʔ ³²	ɣ ɔ ʔ ³²		k r a k	β w ɔ ʔ ³²
151_100_duck	b ɛ ³		b ə ³			b a	
152_101_fish	n ⁴³	ŋ ə	ŋ ə ³	ŋ o ³	ŋ a ³¹	ŋ aː	ŋ ɔ t ³
153 154_102_snake	l a̰ ŋ ³ + n j i ³¹		l a̰ ŋ ³⁴ + m j ũ ⁴¹	l a̰ ³ + m o̰i ³²			l a̰ ŋ ⁵³ + m u/w i ³¹
154_102_snake		m e ³				m r w e	
155_103_houselizard			dʒ ɛ ⁵				d z u ŋ ³
156_105_crocodile	m a n ³¹				m i ³¹	m iˀ	
157_106_frog	p ṵ ⁵	p a ²³	p u ⁵	p o̰ ³	p a ³¹	pʰ aː	b ɔ ³¹
158_107_insect	b au ³				p u ³¹	p u/w iː	b au ³¹
159 160_108_spider			m j ɛ ³ + g a ŋ ³²				m j a̰ ⁴ + g ɔ ŋ ³²
15_10_thunder			g u/w ɛ m ³			k r u/w iː	g u m ⁵³
160_108_spider		k o ŋ ⁵²		g a ³²			
161_109_spiderweb	s o t ⁵			s ai t ⁵			s ʊ t ⁵
162_109_spiderweb			j ɛ m ³			ʔ i m	
163_110_louse		ʃ au n ²³	ʃ e n ⁵	ʃ ɪ n ²		s a nː/n	ʃ ɪ n ³¹
164 165_111_termite	dʒ a ŋ ³ + g u/w a n ⁵			dʒ a̰ ³² + k a̰ n ³			dʒ a ŋ ³² + g ɔ ŋ ²¹
165_111_termite			kʰ j æ m ⁵²		ʃ ɛɪ ³¹	kʰ r aˀ	
166_112_cockroach	tʰ j ɔ ⁴²	pʰ j a ³	pʰ j ɔ ⁴²	pʰ j ɔ ³¹		p u/w iː	pʰ j ɔ ⁵³
167 168_113_snail	n ə ³ + b a p ³¹		n ə ³² + b ai t ³²	n ə ² + b e ʔ ²¹			
169_114_mosquito	k j a̰ ŋ ³	k j a̰ ŋ ³	k j a̰ ŋ ⁵²	g j a̰ ²¹		kʰ r a ŋ	k j a̰ ŋ ⁵³
16_11_shadow	j æ t ²¹					r i p	v ʊ p ³
170_115_bee	d j ɔ ³	p j a ⁵²	b j ɔ ³	b j ɔ ²		p j aː	b j ɔ ³¹
171 172_116_flyinsect	j a ŋ ³ + kʰ u ŋ ⁵		j a ŋ ³ + kʰ o ŋ ⁵		j o ⁵⁵ + k ə		j a ŋ ³² + kʰ u ŋ ³¹
171_116_flyinsect		j o ŋ				j a ŋ	
173 174_117_butterfly	pʰ ə ³ + d j a m ³	pʰ ə ³ + l ẽ ³	pʰ ə ⁵³ + l æ m ²¹	pʰ ə t ³² + l e ³¹			pʰ ə t ⁵ + l a̰ m ⁵³
176 177_118_scorpion	g u ŋ ³¹ + g au ⁵		g o ŋ ⁵² + g au ⁵				
179 180_119_head	ʔ u t ⁵ + l ɔ m ⁵³	ʔ u ³ + l a m ⁵²	w ə ⁵ + l ø̃ m ⁵¹				ʔ ʊ t ³² + l ṵ m ³¹
181 182_120_face	n j ɔ ʔ ⁴³ + n ɔ̰ ³¹		m j ɔ̃ ʔ ⁴ + n ɔ̃ ³	m j ɔ ʔ ³ + n ɔ ³		m j a k + h n a	
181_120_face		m j a ʔ ²³					m j ɔ ʔ ³²
183 184_121_brain	ʔ u ⁴⁵ + n u k ⁴²	ʔ u + n au ʔ ²³	w ə ⁵ + n o ʔ ⁵¹	ʔ au ³ + n au ʔ ⁴²	ʔ o ³¹ + n o k ʔ ³¹	ʔ uː + h n au k	ʔ u ³⁴ + n u ʔ ⁵
185_122_hair	tsʰ a m ³	tsʰ i ³	tsʰ æ m ⁵³	tsʰ e ⁴¹	sʰ ɛ ⁵⁵	tsʰ a m	tsʰ a m ⁵³
186 187_123_forehead	ŋ a ³ + l a ŋ ³		ŋ ə ³ + l a ŋ ³	ŋ a ³ + l a ²		n aˀ + kʰ au ŋː/ŋ	ŋ ɔ t ³ + l a ŋ ³¹
188_124_eyebrow	m i ³²	m au ŋ ²³	m ɨ ³				m au ³
189 190_125_eye	n j ɔ ʔ ³ + dʒ i ⁴³	m j a ²³ + ts i ²³			j u ʔ ³¹ + s i ³¹		m j ɔ ʔ ³² + dʒ i ³
189_125_eye			m j ɔ̃ ʔ ⁴	m j ɔ ʔ ³²		m j a k	
18_12_night	n j ɛ n ³⁵	m j a n ²³	m j eː ŋ ⁵	m ḭ ⁵	m eɪ ³¹	ɲ a ɲˀ	m j ɪ n ³⁴
191_126_eyelid	k ṵ k ⁵⁴		g o k ⁵³			k a m	k ṵ ʔ ⁵
192_127_nose	n ɔ̰ ³	n ã ³	n ũ ³	n o̰ ⁴¹	n a ʔ ⁵⁵	h n a	n ɔ ⁵³
193 194_128_cheek	b ə ⁴ + l ɔ t ⁴³		b ə ³ + l oi ʔ ³²				
193_128_cheek				b ə ³²	p a ³¹	p aː	b u ³
195 196_129_ear		n e ³ + k j ɛ ²³	n ai ³ + kʰ j æ p ⁵³				n ɔ ³ + kʰ j æ p ⁵
195_129_ear	n ɔ ³			n o ³	n a ³¹	n aː	
197_130_mouth	n ṵ ə̰ t ⁵⁴		n o̰i ʔ ⁵²	n a̰ t ⁵⁴		h n u t	n ʊ̰ t ⁵
198_131_tongue		ʃʰ a ⁵²		ʃ ɔ ⁵¹			m u/w i ³¹
199_131_tongue	d j ɔ̰ ³		j ɔ ⁴³		j a ʔ ⁵⁵		
19_13_day	n j ei ⁴⁵	n e ʔ ⁵²	n j eː ⁵	n a ³¹	n i ³¹	n eˀ	n i ⁴⁵
1_1_sky		m au ⁵²			m u ³¹		
20 21_14_morning		n e ²³ + k a ŋ ³	n æ p ³² + g j o t ⁵²	n ɛ ʔ ³² + g a ³¹			n a p ³ + g j ɔ ⁴
200_132_saliva	dʒ ei ⁵	k i ʔ ²³	g ai n ⁵³	kʰ ə t ³	t i	s w eː	k a n ³¹
201_133_tooth					s ɛ	s w aː	
202_134_gums	n j e ŋ ³¹			n j ɛ n ³¹			
203 204_135_chin	ʔ a m ³ + tʃʰ a m ⁵		ʔ æ m ³ + tʃʰ æ m ⁴				ʔ a m ⁵ + tʰ a ŋ ⁵³
205 206_136_beard	n ɔ̰ t ⁵⁴ + m i ⁴²	n au ⁵² + m j ɛ ⁵²	n o̰i ʔ ⁵³ + m ɨ ³²	n a̰ ḭ ʔ ⁵⁴ + m o̰ k ⁴		n aː + m u t	n ʊ̰ t ⁵ + m u/w i ³¹
207_137_shavebeard	j u k ⁴³		g j ɛ t ⁴			r i t	
208 209_138_back	n o ŋ ⁵ + kʰ o ŋ ³		n o ŋ ⁴⁵ + kʰ o ŋ ³¹			n au k + k j au k	
209_138_back					tʰ a ŋ		kʰ u ŋ ⁵³
20_14_morning	n a p ³					n a k	
210 211_139_abdomen	w o m ³ + d au ³	x u/w ĩ ³ + t au ⁵²	w ɛ m ³ + d au ³²				β w a m ³ + d au ³¹
212_140_navel	tʃʰ ɔ ʔ ⁵⁴		tʃʰ ɔ ʔ ⁵³	tʃʰ o ʔ ⁵⁴	sʰ ɛ ʔ ³¹	kʰ j a k	tʃʰ ɔ ʔ ⁵⁴
213 214_141_heart	n a̰ ḭ k ⁵⁴ + l a m ³²	n a k ⁵² + l a m ⁵²	n ə k ⁵⁴ + l ɛ m ²			h n aˀ + l u mː/m	n ɪ̰ k ⁵ + l u m ³¹
215_142_lungs	tsʰ ɔ t ⁵³	ts a̰ ʔ ⁵²	ts o̰i ʔ ⁵³		ʃ w ai ʔ ³¹	tsʰ u t	
216_143_liver	t j ɛ̰ n ⁵	s a ŋ ²³	s ə ŋ ⁵	s a ŋ ³²	ʃ ai ŋ ³¹	s a ɲː/ɲ	s i n ⁴²
217_144_intestines	ʔ u ³	w u ³	w u ⁴	ʔ au ³¹		ʔ u	ʔ u ⁵¹
218_145_hand	l ɔ ʔ ⁴²	l a̰ ⁵²	l ɔ̰ ʔ ³	l o ʔ ³²	l ʊ ʔ ³¹	l a k	l ɔ ʔ ³²
219 220 221_146_elbow	m a n ⁵ + tʰ u ŋ ⁵ + g u/w e ³		m oi ⁴⁵ + tʰ u ŋ ⁵³ + g u/w e ⁵³				
219 220_146_elbow				m a̰ ḭ t ⁵ + tʰ au ŋ ²			m u n ³⁴ + tʰ u ŋ ⁴
222 223_147_armpit			tʃʰ æ p ⁵³ + kʰ j o ŋ ⁴	tʃʰ ɛ ʔ ⁴³ + kʰ æu ŋ ⁴²			
224_149_finger	n j æ̰ ṵ ⁵	n j a̰u ŋ ²³	n j a̰u ⁵	n j o̰ ʔ ⁵		h ɲ u/w iː	n j u/w i ³¹
225_150_nail	s ai ⁵	s a ŋ ²³	s ə ŋ ⁴	s a ŋ ⁴³	ʃ ai ŋ ³¹	s a ɲː/ɲ	s i ŋ ³¹
226_151_buttocks	tʃʰ o ʔ ⁵³		tʃʰ o ŋ ⁵³			tsʰ au ŋˀ	tʃʰ ə ⁵
227 228_153_thigh	d a ŋ ⁵ + b au ⁵	t o ŋ ²³ + p au ⁵²	d a ŋ ⁵ + b au ⁴				d a ŋ ³² + b au ³
228_153_thigh				b au ŋ ³¹		p au ŋ	
229 230_154_knee			b u/w e ⁵³ + l o ʔ ³²	p a̰ t ⁵ + l au ʔ ³			
22_15_noon	k u ŋ ⁵¹	k a̰ː ⁵²	g o ŋ ⁵¹	g au ³¹			g u ŋ ⁵³
23 24_16_yesterday		j ə ²³ + ʔ a ŋ ³	j ɪ n ⁵³ + ʔ ai ²⁵	j ɛ ʔ ²³ + ʔ a ³²			
232_155_calf	p ṵ ʔ ⁵⁴		b u ʔ ⁵³	b au ³			b u ³
233 234_156_shin	n j a̰ ŋ ⁵ + k a̰ ŋ ³			m a̰ ⁴ + k a̰u ŋ ⁴			
235_157_foot	kʰ j ei ³	kʰ i ³	kʰ j e ⁵³	kʰ i t ⁵³	kʰ i ⁵⁵	kʰ r e	kʰ j i ⁵³
236_158_heel			tʰ u ŋ ⁴	tʰ au ŋ ²	tʰ a ŋ ³¹		tʰ a ŋ ⁴³
237 238_159_bone	ʃ e ³ + j æu ³		ʃ e ⁵⁴ + j au ⁴¹	ʃ ɪ ⁴³ + ɣ o k ³			ʃ ə ⁴³ + w ḭ ³²
238_159_bone					ɹ u ³¹	r u/w iː	
239 240_160_rib			n a m ³¹ + tʃʰ a m ⁵⁴	n ɛ ³ + tʃʰ e ⁴²			n a m ³² + tʃʰ a m ³²
239_160_rib	n a m ³¹					n a m	
241_161_flesh	ʃ ɔ ⁵		ʃ u ⁵	ʃ ɔ ³²	ʃ a ³¹	s aː	ʃ ɔ ³¹
242_162_fat	tsʰ ɨu ³		tsʰ u ³²	tsʰ au ³¹	ʃ ai ŋ ⁵⁵	tsʰ i	
243_163_skin	j ei ³¹		j e ⁵¹		ɹ i	r e	
244_164_blood	s u/w i ⁵	s u/w i ²³	s oi ⁵	s a ²	ʃ u/w i ³¹	s w eː	s u/w i ⁴²
245 246_165_sweat		p au ⁵² + k j ɛ ³	b j e ³¹ + k j ṵ ⁵	b au ³¹ + g j ö/œ ²			
246_165_sweat	g j ɛ̰ ³				x w ai	kʰ dʒʷ eː	
247_166_pus			f u/w e ʔ ⁵³	f a k ⁵			
248_167_excrement	kʰ j ei ⁵		kʰ ei ⁵	kʰ i ʔ ⁵⁴		kʰ j eː	kʰ i ³¹
249_168_urine	j ḛ ḭ ⁵		j ḛ ⁵	ʔ ḭ t ⁵			
250_168_urine					sʰ i ³¹	s eː	
251 252_169_man		j au ʔ ⁵² + k ai ⁵²				j au k + k j aː	j u ʔ ⁴ + g e ³¹
252_169_man			g e ⁵¹	g ai ³¹			
253 254_170_woman		m ɛ ³ + ɣ ɛ ⁵²	m e ⁴ + j e ⁴	m j ɪ ² + ɣ e ²			
253_170_woman	m ɛ ³¹				m i ⁵⁵	m j u/w iː	m i ³
255_171_person	d j u ³¹	p j u ³	b j u ⁵¹	b j u ³¹		l u	
256 257_172_father	ʔ a ³ + b a ⁵	ʔ a + v a ³	ʔ a ³ + pʰ o ʔ ⁵³	j ɪ p ² + pʰ ɔ ⁴³	ʔ ə + pʰ a		
258 259_173_mother	ʔ u ŋ ³ + w ɛ ³¹				ʔ ə + j i ³¹		
25_17_tomorrow	j ɔ ³¹		j ɔ ⁴²				
261 262_174_child	ʃ a ŋ ³ + l ə ³					s aː + l eː	
263_174_child			d z u ⁴	d z o ³²			
264_175_soninlaw	m ɔ ʔ ⁴³		m ɔ ʔ ⁴		m o ʔ ³¹	m a k	
265_175_soninlaw				ʔ o k ⁴²			ʔ a̰u ⁵³
266 267 268_176_husband	j ɛ̰ n ⁴ + s ai n ⁴³ + pʰ ɔ ʔ ³¹			j a̰ m ³² + s a ŋ ²¹ + pʰ o ³			
269_176_husband		l o ŋ ³			l o ⁵⁵	l a ŋː/ŋ	
26_17_tomorrow		m a ²³		m ɔ ³⁵			m a ³
270_177_wife	n j ḭ ʔ ³⁴	m i ⁵²	m e ⁴	m ḭ ⁴	m i ⁵⁵	m aˀ	m i ³¹
271 272_178_widow	tʃʰ au ⁵ + m u ⁵		tʃʰ au ⁵⁴ + m ɔ̃ ⁴	tʃʰ u k ⁵⁴ + m ɔ ⁴		tsʰ u/w iː + m a	tʃʰ u/w i ³² + m ɔ ³
273 274_179_eldersibling	ʔ a ³ + m a ŋ ³		ʔ a ⁴ + m a ŋ ⁴	j ə ² + m a ²		ʔ a ts + m aˀ	ʔ a ⁴⁵ + m a ŋ ⁵³
275_180_youngersibling	n u ⁵	n au ŋ ⁵²	n õ ŋ ⁵	n au ŋ ³²		n uˀ	
276 277_181_friend	d j ɛ n ³¹ + tʃʰ a ŋ ⁵		b j e ŋ ⁵³ + tʃʰ a ŋ ⁵	b j ɪ n ²¹ + tʃʰ a ²			
277_181_friend						c e	d z u m ³
278_182_name	n j e ŋ ³¹	m a ŋ ²³	m j ə ŋ ³¹	m a̰ ŋ ³¹	m ai ŋ ⁵⁵	m a ɲ	m j ɪ ŋ ³¹
279 280_183_village	w ʊ ³ + kʰ au ³		w ə ⁴ + g o ŋ ⁵¹	v o ² + kʰ au ŋ ²	w a ⁵⁵ + kʰ ə		
279_183_village		w a ²³				r w a	w a ³¹
27_18_year	d z a n ⁴²		ts ai n ⁴	d z ɪ n ³¹			d z a n ⁵¹
28 29_19_east	b u/w i ⁴² + tʰ u ʔ ⁵⁴	p u/w i ³ + tʰ au ⁵²	b ø ⁵³ + tʰ u ʔ ⁵²	b a ³¹ + tʰ u k ⁵			b a ³¹ + tʰ ɔ ʔ ⁵
281_184_roadorpath		kʰ j a ⁵²	kʰ j ɔ ⁴	kʰ j ɔ ⁵¹			kʰ j ɔ ⁵³
282_184_roadorpath	l ṵ ³					l a mː/m	
283 284_185_boat				l a̰ ³¹ + ɣ i t ²		h l e + ʔ ə	l a̰ ḭ ⁵³ + w i ³
283_185_boat			l ḛ ʔ ⁵⁴		l i ʔ ⁵⁵		
285_186_house	j ḛ n ³	j a̰ m ²³	j ɛ̰ m ⁴	j a̰ m ³¹	ʔ ai ŋ ⁵⁵	ʔ i m	ʔ j ṵ m ⁵³
286_187_door	kʰ u/w a m ⁵	kʰ a m ²³	kʰ æ m ⁴	kʰ a m ³		kʰ aː	kʰ u m ³¹
287_188_window			d u/w a ŋ ³¹				d ɔ ŋ ³¹
289_189_roof	kʰ o ŋ ³		kʰ o ŋ ⁴²	kʰ au ŋ ³¹	kʰ au ŋ ⁵⁵	kʰ a ŋ	kʰ u ŋ ⁵³
290_190_spaceunderhouse	dʒ ei ³¹		g e ⁵	g i t ³			g i ⁴³
291_191_wallofhouse	dʒ ə̰ ³	tsʰ i			tʰ o ⁵⁵		tsʰ ə ⁵⁴
292_192_mat	tʰ a n ³		tʰ ãɪ ⁵²	tʰ ɪ n ⁴¹			
294 295_193_pillow	ʔ u ⁵ + kʰ ɨ ʔ ⁵³		w ə ⁵ + kʰ o ʔ ⁵³	ʔ au ² + kʰ au ³		ʔ u mː/m + kʰ au ŋː/ŋ	ʔ u ³ + kʰ u ʔ ⁵⁴
296_194_blanket	m i ³¹		m ḛ ḭ ⁵¹				
299_195_clothing		p ṵ ⁵²		b au ²			b u ³¹
300 301_196_weavecloth			g ai n ³ + j ɔ̰ ʔ ³	g ɪ n ⁴ + ɣ o ʔ ³²		k a mː/m + r a k	k a n ³² + w ɔ ʔ ³
301_196_weavecloth	j ɔ ʔ ³¹				r ʊ ʔ ³¹		
302_197_dyecloth	tsʰ au ⁵		tʃ ṵ ɛ̰ m ⁴¹	tsʰ o ⁵⁴	ʃ o ³¹	tsʰ u/w iː	
303_198_sarong	l ṵ ⁵		l o ⁴				
305_199_trousers	kʰ j a ʔ ⁵³		kʰ j a ʔ ⁵³				kʰ a p ³²
306_200_sew	tʃʰ oa p ⁵¹		tʃʰ u/w ɛ p ⁵³	kʰ j æ p ⁵	x ɹ a ʔ ³¹	kʰ j u p	kʰ j u p ⁵⁴
307_201_needle	ŋ a̰ p ⁵⁴	n e ʔ ⁵²	ŋ æ̃ p ⁵³	ŋ ḛ ʔ ⁵⁴		ʔ a p	ʔ a̰ p ⁵
308_202_comb	t j ḛ ⁵	t ṵ ḭ ²³	b i ⁵	b j e ³²	pʰ j e ³¹	h b iː	d a ³
309 310_203_ring	l ɔ ʔ ³² + k j ɔ̰ p ⁵³					l a k + tsʷ a p	l ɔ ʔ ³² + dʒ ɔ p ⁵⁴
309 311_203_ring			l ɔ̰ ʔ ³ + b ai n ⁴	l o ʔ ³² + p ḛ n ²			
30_20_west	w a ŋ ³¹	w ã ŋ ³	w a ŋ ³¹	w a ³²			w a ŋ ³¹
312_205_cookingpot	ʔ au ⁵		ʔ au ⁵	ʔ o̰ k ⁵⁴	o ʔ ⁵⁵	ʔ u/w iː	
313_206_ladle	m ɔə t ⁴¹		m o̰i ʔ ³		m u/w i ³¹	h m u t	m ə ³
314_207_mortar	tsʰ ɔ m ³		tsʰ æ m ⁴³	tsʰ a m ⁴¹		tsʰ u m	tsʰ u m ⁵³
315 316_208_pestle	tʰ u ŋ ⁵ + k j ḛ ḭ ³		tʃʰ a ŋ ⁴⁵ + g e ³¹				tʰ u ŋ ³⁴ + g i ⁵³
315_208_pestle				tʃʰ a ³²	ts i ⁵⁵		
319 320_210_plate				b a n ³¹ + d z o ³²		p a nː/n + ʔ a ŋ	
319_210_plate	b a n ³¹		b ãɪ ⁵¹				
31_21_north	d z o̰ ŋ ³²	ts a ŋ ³	ts o̰ ŋ ³²				
321_211_firewood	tʰ a ŋ ⁵		tʰ a ŋ ⁴	tʰ a ³²	tʰ o ³¹	tʰ a ŋː/ŋ	tʰ a ŋ ³¹
322_212_fire	n j i ³	m i ⁵²	m ɪ ⁴	m i ⁴³	m i ³¹	m iː	m ḭ ³¹
323_213_ashes				kʰ j u m ⁴³		kʰ a p	
324_213_ashes	j a p ⁴²		j æ p ³				v a p ⁵
325_214_smoke	kʰ au ⁵	kʰ au ²³	kʰ au ⁵	kʰ o ʔ ⁵⁴	kʰ u ³¹	kʰ u/w iː	kʰ au ³¹
326 327_215_candle	pʰ ə ³ + j æu ŋ ⁵					pʰ aˀ + j au ŋː/ŋ	
328_215_candle			d z ə ŋ ⁵¹	ts a̰ ŋ ⁴¹			
329_217_gong	m a ŋ ⁵		m a ŋ ³⁴	m a ³⁴³	m ɔ ŋ ³¹		
32_22_south	t ḭ ³²	p i ³	b i ³²				
330_218_crossbow	d j ei ³		l e ³	l a ³		l eː	l ai ³
331_219_arrow	n j ɔ̃ ³		m j ɔ̃ ³	m i ³	m j a ³¹	h m r aː	m j ɔ ³¹
332_220_spear	l a̰ m ³		l æ̰ m ³	l e ³²	l ɛ ⁵⁵	h l a m	l a̰ m ⁵³
333_221_knife	ʃ a m ³	ʃʰ ḭ ²³	ʃ æ m ³	ʃ j ɛ ³			ʃ a m ⁵³
334 335_222_hear	h j æu ⁵ + g j ɔ ⁴¹	k j a̰ ⁵² + k j a	ʃ au ⁵ + g j ɔ ³¹				w ɔ ⁴ + g j ɔ ⁵³
335_222_hear				g j o ⁵		k r aː	
336_223_smell	n a m ³¹		n æ m ³¹	n j e ³	n ɛ ⁵⁵	n a mˀː/mˀ	h ɔ m ⁵³
337_224_see	n j a ŋ ³¹	m j a̰ ŋ ⁵²	m j a ŋ ³¹	m j a ⁴	m j o ⁵⁵	m r a ŋ	m j a ŋ ³¹
338 339_225_wink				m j ɔ ʔ ³² + l a p ³²			m j ɔ ʔ ³ + l ʊ p ³
338_225_wink	n j ɔ ʔ ⁴³		m j ɔ ʔ ³			h m i t	
33_23_water	dʒ ei ⁴²				tsʰ i ⁵⁵	r e	
340_226_weep	ŋ au ³¹		ŋ au ³¹	ŋ o ʔ ³²	ŋ u ⁵⁵	ŋ u/w i	ŋ au ³²
341_227_eat	d z ɔ ³	t a ⁵²	d z ɔ ³	d z o ⁴	s a ³¹	ts aː	d z ɔ ⁵³
342_228_swallow	n j æ̰ ṵ ³	m j ṵ ŋ ³	m j au ⁵³	m j u ʔ ³		m j u/w i	m j u/w i ³²
343_229_hungry	j u/w a t ⁴²		j oi ʔ ²				
344_229_hungry					m j e ʔ ³¹	m w a t	m ʊ t ³²
345_230_fullorsatisfied			g i ³	kʰ i ⁵⁴			g i ³¹
346_231_thirsty	ʃ ɛ t ⁵³		ʃ i ʔ ³¹	ʃ a p ⁵³		s i p	ʃ ɪ t ⁵
347_232_drink	ʃ o k ⁵²	ʃ au ²³	ʃ i/j o ʔ ³¹	ʃ au t ⁵³	ʃ o ʔ ³¹	s au k	ʃ u ʔ ⁵
348_233_drunk	j ɛ t ³¹		j e ʔ ³	ʒ i t ³⁵	z e ³¹	j a ts	
349_234_vomit	d u k ⁴²		d o k ³	d au t ⁴²			
34_23_water		ɣ i ³	g e ⁵¹	ɣ i t ⁴			ʔ ʊ̰ t ⁵
351_235_spit	d j ɛ ⁵			pʰ ö/ø ⁵		p r a ts	
352 353_236_cough			kʰ j o ŋ ⁵ + d z au ⁵³	kʰ j æu ŋ ³ + d z o̰ ʔ ⁵⁴	x ɔ ŋ ³¹ + sʰ o ³¹		kʰ ɹ u ŋ ³ + d z au ³²
354_237_sneeze	dʒ ei ³		dʒ e ⁴³				
355_237_sneeze				tʃʰ ɔ ³			tʃʰ ɪ ³²
356_238_yawn	h a m ⁵		h a m ⁴	h e ⁴		h a nː/n	h a m ²¹
357 358_239_breathe	s ɔ ʔ ⁵³ + ʃ ɛ t ³¹		s ɔ ʔ ⁵³ + ʃ ɛ ³¹	s ɔ ʔ ⁵⁴ + ʃ ɛ ³¹			s ɔ ʔ ⁵⁴ + ʃ e ³¹
359_240_whistle				n a̰ ḭ t ⁵⁴			n ʊ̰ t ⁵
35_24_river	l a ŋ ³²	l a ŋ ⁵²	l a̰ ŋ ³¹			kʰ y/j ŋː/ŋ	l a ŋ ³¹
36 37_25_sea			b a ŋ ²³ + l ai ³²	b a ŋ ³ + l ai ³²		p a ŋ + l ai	b a ŋ ³ + l ai ³¹
360_241_suck	dʒ ɔ̰ p ⁵³		dʒ u/w ɛ p ⁴²	dʒ a̰ p ⁵⁴	s a ʔ ³¹	ts u p	tʃʰ u p ⁴³
361_242_lick	d j ɔ ʔ ³¹		j ɔ̰ ʔ ³²	j ɔ ʔ ³²		h l j a k	j ɔ ʔ ³²
362_244_laugh	j i ³¹	ɣ ḭ ²³	j ḭ ³¹	ɣ i ²	ɹ i ʔ ⁵⁵	r ai	β w i ³
363_245_speak	t a̰ ḭ ʔ ⁵³	t ḭ ²³	d a ŋ ²				d a ŋ ⁴³
364_245_speak				dʒ au ²		tsʰ u/w i	
365 366_246_tell	t a̰ ḭ ⁵³ + g j ɔ ⁵		d e ʔ ³¹ + g j ɔ ³	d a ⁴³ + g j ɔ ³²			
367_247_shout	k a̰ ḭ ʔ ⁵³						g ə ³
369 370_248_answer			d u/w ɛ m ³² + d e ʔ ³²	d u k ⁵ + d a ⁴³			
369_248_answer					tʰ u ³¹		t a̰u ³¹
371_248_answer	pʰ u k ⁵³					pʰ r euˀ	
372_249_lieorfib			m au ʔ ³¹	m o̰ k ⁵⁴			m a̰u ⁵²
373_250_sing	tʃʰ u ŋ ⁵			tʃʰ æu ŋ ⁴³			
374_250_sing		k j ḛ ʔ ³	kʰ oi ⁴³				
375_251_think	ŋ a̰ m ⁵³		m j e ³²	m i t ³			m ɪ t ³
376_252_know	s ɛ ʔ ⁵³	s j ɛ ²³	s ɛ ʔ ⁵²		ʃ i	s iˀ	s e ⁵³
377 378_253_forget	t ɔ̰ ⁴⁵ + n j ḛ k ⁵²		d ɔ ³⁴ + m j ɛ̰ ʔ ⁵²	t o̰ ʔ ⁵ + m ḭ t ⁵⁴			t ɔ̰ ⁵⁴ + m ḭ ⁵³
379 380_254_choose			kʰ j e ⁴³ + j u ³¹	kʰ ɪ n ⁴³ + j u ³		kʰ j ai + r w eː	
379_254_choose	kʰ j ɛ n ³						kʰ ɪ n ⁴²
38 39_26_earthorsoil		ts ai ²³ + m i ³	dʒ o ŋ ⁵¹ + m j ḛ ⁵³			tsʰ i + m r e	d z ɛ ³¹ + m i t ⁵
381 382_255_love	dʒ ɛ t ⁵⁴ + d a p ³¹			dʒ i t ⁵ + d e ³²			
383_256_hate			ʔ a ²				ʔ a ²
384_257_wait	l a ŋ ⁵		l a ŋ ³				l a ŋ ³⁴
386_258_count	s u/w a n ³		s oe ³				
387_258_count		ŋ w ɛ̰ ʔ		ŋ ḭ ʔ ⁵			ŋ a̰ p ⁵⁴
388_259_afraid	g j u k ⁴²		g j o k ³²	g j æu ʔ ⁴³		k r au k	g j u ʔ ³²
389 390_260_angry	n a̰ ḭ ⁵³ + j ɔ̰ ³²	n a̰ k ⁵² + j a ⁵²	n ə k ³² + j ɔ ²¹	n a̰ k ⁵⁴ + j o ³⁵			n ɪ k ⁵ + j ɔ ⁵¹
391_261_sleep	j ɛ̰ t ⁵³	j a̰ p ³	j ø p ⁴²	j a̰ p ⁵	ʔ ai ʔ ³¹	ʔ i p	j ṵ p ⁵
392_262_snore			n j ɔ̃ ³¹	m j a ŋ ³			
393_262_snore						h au k	kʰ ɔ k ³²
394_263_dream	m ɔ ʔ ³¹	m a ⁵²	m ɔ ʔ ²¹	m o ʔ ³²	m ʊ ʔ ³¹	m a k	m ɔ ʔ ⁵²
395_264_painful	n ɔ ³¹		n o ²³	n o ²³	n a ʔ ⁵⁵	n a	n ɔ ³¹
396 397_265_medicine	m ɛ ³ + tʃʰ ei ⁵	m a̰ ³ + tʃʰ ə ²³	m ə ³ + tʃʰ e ⁵	m ə ² + tʃʰ i t ⁵⁴			
397_265_medicine					ʃ i ʔ ³¹	tsʰ eː	tʃʰ i ³¹
398_266_itch	j ɔ ³		j ɔ ³²		j a ³¹	j aː	j ɔ ⁵³
399_267_scratch	k j ɛ̰ n ³		g j ẽ ŋ ³²	g ɪ n ⁴¹		kʰ r a ts	g i n ³¹
39_26_earthorsoil				m i ʔ ³	m j i ⁵⁵		
3_2_sun	p u/w i ³¹	p u/w i ³	b e ⁵¹	b a ³¹		p au ŋː/ŋ	b u/w i ³
4 5_3_moon	l a̰ ⁵ + m ṵ ⁵	l ḛ ²³ + m ə ⁵²	l a ⁵ + m ɔ ⁵³				l ə ⁴ + m ɔ ⁴
40 41_27_mud	tʰ ɔ m ⁵ + b ɔ p ⁴³		tʰ ø m ⁵ + b ø p ²¹	tʰ a m ³² + b a p ³²			
400_268_shiver	n a n ³¹	n e ²³	n ãɪ ⁴	n ɪ n ⁵⁴			n a̰ n ³
401_269_die	ʃ ei ³		ʃ e ³²	ʃ i t ⁵⁴	ʃ i ʔ ⁵⁵	s e	ʃ i ⁴³
402 403_270_ghost	s i ³ + d j ɔ ³¹		s ə ³ + b j u ³¹	s ə p ² + b j ɔ ³¹			ʃ ə ⁴ + b j ɔ ⁵¹
404_271_sit	d z o̰ ŋ ³	ts aː ŋ ³	d z o ŋ ²	d z au ŋ ³		tʰ u/w i ŋ	d z u ŋ ³¹
405_272_stand	j a p ³¹			j e ʔ ³	ɹ e ʔ ⁵⁵	r a p	j a̰ p ³¹
406_273_kneel	tʰ u k ⁵³		tʰ o ʔ ⁵³	tʰ au k ⁵⁴		tʰ au k	tʰ u ʔ ⁴³
407_274_walk	s u ⁵	ts o̰ ²³	s ɔ ⁴	s u ⁵			s ɔ ⁵²
408_275_crawl	d u ³	t a̰u ⁵²	d ɔ ²	d u ⁴²		t w aː	d ɔ ³²
409_276_come	l ɔ ³¹		l ɔ ³¹	l o ³	ɹ ʊ ʔ	l aː	l e ⁴³
410_277_enter	w a ŋ ³¹		w a ŋ ³¹	w a ³²	v ɹ o ⁵⁵	w a ŋ	
411_278_return			d ø m ³¹				d au
413_279_push	d u/w a n ³	ts a̰ n ²³	d u/w e n ³	d u m ⁵⁴		t w a nː/n	dʒ ṵ n ⁵
414_280_pull	l a ŋ ³	l õ ⁵²	l a ŋ ²			l uˀ	l a ŋ ⁵³
415_281_kick	tʰ ə ʔ ⁵³		tʰ ɨ ʔ ⁴²	tʰ au ŋ ⁴			
416_282_throw	d ɨu ⁴³						d u n ⁵³
417_282_throw			p j æ̰ p ⁵³	p j ḛ ʔ ⁵⁴		p j a ts	
418_283_fall	g j ɔ ⁴³	k j a ²³	g j ɔ ⁴	g j o ⁵		k j aˀ	
419_284_swim				kʰ e ʔ ⁵⁴		kʰ dʒʷ eː	
42 43_28_dust	pʰ ə ⁵ + l a̰u ⁵¹		pʰ ə ⁵ + l au ⁵¹				pʰ u/w i ² + l au ⁵³
420_285_float			m j ũ ³	m j u ŋ ⁵⁴		m j aːu	
421 422_286_sink				n a p ⁴ + w a ⁵⁴			m j u p ³⁴ + w a ŋ ³¹
421_286_sink	n j ɔ p ⁴¹	n a p ⁵²	m j o k ³²			h n a ts	
423 424_287_flow			j au ³¹ + n j ɛ ²¹	j o̰ k ⁵ + n a ⁴³			ʔ ʊ̰ t ⁵ + m j u/w i ²¹
423_287_flow	j au ³¹					k j aˀ	
425_288_give	d j e ³		b j e ³	p j i t ⁵⁴	p e ³¹	p eː	b i ⁵³
426_289_tie	d ṵ ḭ ⁵		d ɨ ⁵⁴	d ö/ø i ⁵			d u/w i ⁵³
427_290_wipe	b u/w a ³¹		b oe ʔ ³				
428_290_wipe				s a t ⁵⁴	ʃ w ai ʔ ³¹	s u t	s ʊ t ⁵⁴
429_291_ruborscrub	tsʰ a ʔ ⁴¹		dʒ oi ʔ ⁵			s w eː	
42_28_dust				b ə t ³		pʰ u t	
430_292_wash	tʃʰ ei ⁵	tʃʰ ə ²³	tʃʰ e ⁴³	tʃʰ i t ⁵⁴	ʃ e ³¹		tʃʰ i ⁵³
431_294_bathe	g u ŋ ⁴³		g o ŋ ³¹	g au ŋ ³¹		kʰ j u/w iː	g u ŋ ³
432_295_hit	b a t ³¹			b ḛ t ʔ ⁵⁴			
435_296_split	kʰ j a m ⁵⁴		kʰ ɔ ʔ ⁵²	kʰ o ʔ ⁵⁴		k a	kʰ ɔ ʔ ⁵
436_297_cuthair	tsʰ a m ³	x a m ³					
437_297_cuthair			n j æ̃ m ⁵⁴	m j æ ṵ k ⁵³			
438_298_stab	tʰ au ⁵		tʰ au ⁴	tʰ o ʔ ⁵		tʰ u/w iː	tʰ au ⁵²
439_299_grind		l u/w i ²³	l ə̰ ŋ ³²			k r a ɲ	
440_300_plant			d z o ŋ ⁴	d z a̰u ʔ ⁵³		ts u/w i k	
441_300_plant	x j ɔ ⁵						h ɔ ⁵³
442_301_dig	d u ³		d u ³	d au t ⁴	t u ³¹	t uː	d u ⁵³
443_302_burnedacorpse	n j ɔ̰ p ⁵²	n j æ̰ p ⁵²	n j ø p ⁵³	n j a̰ p ⁵	m j a ʔ ³¹	m r u p	m j ṵ p ⁵⁴
444_303_winnowrice				j a ⁴			p j a̰ ŋ ⁵³
446_304_todry	l a̰ p ⁴²		l æ̰ p ³²	l ḛ ʔ ⁵⁴			l a̰ p ⁵⁴
447_305_poundrice	tʰ u ŋ ⁵		tʰ o ŋ ⁴	tʰ au n ⁵	tʰ ɔ ŋ ³¹	tʰ au ŋː/ŋ	tʰ u ŋ ⁵³
448_306_cookrice	dʒ au ʔ ³¹	ts a̰ ʔ ⁵²	dʒ a ʔ ⁵³	d z ɔ ³²			d z a ŋ ³
449_307_boil	ts ṵ ʔ ⁵²		d z u ³²	d z a̰u ⁴		tsʰ u	dʒ ɔ ʔ ⁵⁴
44_29_stone	l u k ³	l au ʔ ²³	l o k ³	l au ⁴³	l o ʔ ³¹	k l au k	l u ʔ ³
450_308_burn	ŋ æ̰ ʔ ³¹		ŋ e ⁴	ŋ a ⁴⁵			n j ɛ̰ ⁵³
451 452_309_extinguish				s e ʔ ⁵⁴ + m i ⁴			s a t ⁵⁴ + m i ³
451_309_extinguish			s ai ⁵²			s e	
453 454_310_work	m u ⁵ + d z u/w i ³		m ɔ ⁵ + d z ɨ ²¹	m au ²⁵ + d z ö/ø i ⁵			m u ⁵ + d z u/w i ⁵³
455_311_play	l ɨ̰ ṵ ³	l i ²³	l u ³²				
456_312_dance	g ɔ ⁵		g ɔ ⁴	g o ³⁴	g a ³¹	k aˀ	g ɔ ³
457_313_shoot	b ai ʔ ³¹		b ə k ²	b a k ³²		p a ts	
458 459_314_hunt	ʃ o ⁵ + kʰ a t ⁵²		ʃ o ⁵ + kʰ a̰i ʔ ⁵¹				ʃ ɔ ³ + kʰ a t ⁵⁴
458_314_hunt		s u ⁵²		ʃ ɪ ⁵⁴	tsʰ o		
46 47_30_sand			tʃʰ o ³¹ + m j ḛ ⁴³	tʃʰ ö/ø ³¹ + m a ³²	ʃ e + m u		
460 461_315_kill				s ḛ ʔ ⁵⁴ + p j ḛ ⁵⁴		s a t + pʰ j a k	
460_315_kill	s a t ⁵²	s ḛ ʔ ⁵²	s a̰i ʔ ⁴²		ʃ i ʔ ⁵⁵		s a t ⁵
462_316_fight		p ḛ ʔ ²³	p j æ̰ p ³¹				b j ɔ ʔ ³
463_317_but	w i ³¹	v e ³	ɣ ɨ ³¹	w ai ³	w i ʔ ⁵⁵	w ai	β w i ³
464_318_sell	ʔ u ŋ ⁵	ʔ a ŋ ³	ʔ õ ŋ ⁵⁴	ʔ au n ⁴	ɹ ɔ ŋ ³¹	r au ŋː/ŋ	ʔ ṵ ŋ ⁵³
465 466_319_exchange						pʰ ai + h l ai	tʰ ai ⁵⁴ + l u m ⁵³
465_319_exchange	tʰ ai ʔ ³¹		tʰ e ⁵³	tʰ a ⁴³			
468_320_pay	d j ei ³					p eː	b i ⁵³
469_321_steal	kʰ au ⁵		kʰ au ³	kʰ o ʔ ⁵⁴	kʰ o ³¹	kʰ u/w iː	kʰ au ⁵²
470 471_322_oneperson	d ai ³ + j u k ³²		d ai ³ + j o k ³²	d e ³ + j æu ʔ ⁴²		t a ts + j au k	
470_322_oneperson		t a ⁵²			t o ʔ ³¹		
472_323_twopeople	ʔ ai ⁵³	j ḭ ²³	ʔ ə k ⁵³		h ai ʔ ³¹		ʔ i ⁴⁵
473_324_threepeople	s ɔ m ⁵³	s a m ³	s ɛ m ³	s a m ⁴²	ʃ a ŋ ³¹	s u mː/m	s u m ³²
474_325_fourpeople	n j ei ³	m i ⁵²	m j e ⁴		ɲ i ³¹		m i ³²
475_326_fivepeople	ŋ ³	ŋ a ⁵²	m ³	ŋ ɔ ³⁵		ŋ aː	ŋ ɔ ³²
476_327_sixpeople	kʰ j u k ⁵³	kʰ j au p ⁵²	kʰ j o k ⁵³	kʰ j æu k ⁵⁴	k ɔ ŋ ⁵⁵	kʰ r au k	kʰ j u ʔ ⁵³
477_328_sevenpeople	n j ɛ̰ ⁵³	n a̰u t ⁵²	n j ẽ ʔ ⁵³	n a̰ ḭ ʔ ⁵⁴		h n a ts	n j ɪ̰ t ⁵
478_329_eightpeople	x j ɛ ⁵³	ʃ ɛ t ⁵²	ʃ e t ⁵³	ʃ ö/ø ʔ ⁵			ʃ ɪ̰ t ⁵
48 49_31_limebetel	ʃ ə ⁴³ + h u/w i ⁵		ʃ o ⁵³ + h ḛ i ⁴²				tʃʰ ɔ ³² + h u/w i ³
480_330_ninepeople	g au ³⁴	k au ⁵²	g au ³	g o k ⁴³		k u/w iː	g au ³²
481_331_tenpeople	tsʰ i ³	tʰ ai ³	tsʰ e ³	tsʰ e ⁵³	c a t ⁵⁵	tsʰ ai	tsʰ e ⁵³
482_332_hundredpeople	x j ɔ ³		ʃ o ⁴²		j a ʔ ⁵⁵	r a	ʃ ɔ ⁵³
483_333_thousandpeople					h e ŋ ⁵⁵		h i ŋ ⁴⁵
484_333_thousandpeople	kʰ j ɨ ŋ ⁵⁴		kʰ ə ŋ ⁵³	kʰ i ŋ ⁵⁴			
485 486_334_manypeople	n j ɔ ³⁵ + ʃ ɔ ³⁵		m j õ ³⁵ + ʃ ɔ ʔ ⁵³				
485_334_manypeople		m j a ⁵²		m j ɔ ⁴⁵		m j aː	m j ɔ ³
487_335_all	ŋ a n ⁵		ŋ ãɪ ²⁴				
488_336_some	j a m ⁵		j æ̰ m ⁴			ʔ ə	ʔ a̰ m ³¹
489_337_few	m a̰u ⁵			m o ³²			
490_337_few			dʒ i t ⁵				dʒ ɪ̰ t ⁵
491_337_few					n e ³¹	n a	
492 493_338_half	g ɔ ⁵ + j i ⁵		g ɔ ³ + j i ³	g au ŋ ³ + ɣ i ³⁵			
494_339_big	g u ⁵⁴	k o̰ ²³	g e ³	ɣ i ³⁵	tsʰ i ³¹	k r iː	k ɔ̰ ⁵³
495_340_small	ŋ i ³¹	ŋ ai ³	ŋ e ³¹	ŋ ai ²³	ŋ j i ⁵⁵	ŋ ai	
496_341_long	x j e ŋ ³	x a ŋ ²³	ʃ j ə ŋ ⁴³	x a ŋ ³	x r ai ŋ ⁵⁵	h r a ɲ	h ɯ ŋ ⁴³
497_342_shortlength						t u t	d ɔ t ⁵⁴
498_342_shortlength	d j u ŋ ³	l a ŋ ²³	l ə ŋ ⁴	l a ŋ ³⁴			
499_343_tall	n j a̰ ŋ ³	m j ṵ̃ ³	m j ã ŋ ³²	m j a̰ ³		m aː	m j a̰ ŋ ³¹
4_3_moon				l o̰ ⁴³	l a ³¹	l aˀ	
500_344_shortheight	n j æ̰ n ⁴¹	n j a̰ p ⁵²	n j u/w ɛ̃ m ³²	m j a̰ m ⁵		n i mˀ	j ṵ m ⁴³
501_345_thick	tʰ ɨu ³		tʰ u ³²	tʰ au ³	tʰ u ʔ ⁵⁵	tʰ u	tʰ u ⁴³
502_346_thin	b u ³		b o ³	b o ³	p a ³¹	p aː	
503_347_fat	tsʰ ɨu ³		tsʰ u ³²	tsʰ au ³²		tsʰ u	tsʰ u ⁴³
504_348_skinny	g j i ⁵		g i ⁴				g i ⁴³
505_349_wideorbroad	l a m ³¹	l ẽ ²³	l æ̰ m ³¹	l e ²			l a m ³²
506_350_narrow	d z ə ³¹	ts ḛ ʔ ⁵²	dʒ æ p ⁵³		ʃ a ŋ ⁵⁵	k r a ɲ	dʒ a p ⁵⁴
507_351_deep	n ɔ ʔ ³²		n ɔ̃ ʔ ³	n o ʔ ⁴³	n ʊ ʔ ³¹	n a k	n ɪ k ³²
508_352_shallow	b u ³¹		b ɔ ⁴			p a k	
509_353_round	l ai ⁵	l a ŋ ²³	l ə ŋ ⁴		l a ŋ ³¹	l u mː/m	l i ŋ ³²
50_32_gold	x j e n ³	x a ŋ ³	ʃ ə ŋ ⁵²	x a ŋ ⁴²	ʃ ai ŋ ⁵⁵	h r w e	h ɯ ŋ ⁵³
510_354_full	d j e ŋ ⁵		b j ə ŋ ⁴	b j a ŋ ³⁴	p j ai ŋ ³¹	p r u/w i ŋː/ŋ	b i ŋ ³⁴
511 512_355_rightside	l ɔ ʔ ⁴³ + j ɔ ⁴²		l ɔ̰ ʔ ³ + j u ⁴²	l o ʔ ³ + j o ³²		l a k + j a	l ɔ ʔ ³ + j ɔ ³¹
513_356_leftside			g o ŋ ⁵	k au ŋ ³			
514_356_leftside	w i ³⁴					w a	
515_357_straight	d a n ³		d ai n ³	d ɪ n ⁴		t a ɲː/ɲ	d i ŋ ⁴
516_358_far	w ɛ ³	v e ⁵²	w e ²	w a ³⁴	w e ³¹	w eː	v e ⁵³
517_359_near		ts õ ²³	dʒ a ŋ k ⁵³	dʒ a ³⁴			dʒ a̰ ŋ ⁵³
518_359_near	n i ³				n e ³¹		
519_360_this	h ai ³				h ai ŋ ⁵⁵		
51_33_silver	ŋ u/w i ⁴²	n u/w i ³	ŋ ⁵²	ŋ oi ⁴²		ŋ w e	ŋ u n ³¹
52 53_34_iron			d ɔ ʔ ⁵² + dʒ ɔ ʔ ³	t o̰ ʔ ⁵⁴ + dʒ o ʔ ³²			
520_360_this		tʃʰ ḛ ³		tʃʰ e ⁴¹			ʃ i ⁵³
521_361_that	h au ³		h au ³	ʔ ai ³¹	h ʊ n ⁵⁵	h u/w i	h e ⁵³
522_362_black	n ɔ ʔ ³¹	n a ʔ ⁵²	n ɔ̃ ʔ ³	n o ʔ ²¹	n u ʔ ³¹	n a k	n ɔ ʔ ³
523_363_white	tʰ j ɨu ³	pʰ j u ³	pʰ j u ⁴³	pʰ j u ³	pʰ j u ʔ ⁵⁵	pʰ r u	pʰ j u ³²
524_364_red	n ɛ ³¹	n ẽ ³	n e ³¹	n e ³	n ɛ ³¹	n i	n e ³²
525_365_green	n j æu ³¹	n j ṵ ŋ ³	n j au ³¹	n j o̰ ʔ ⁴²		n j u/w i	n j u/w i ³²
526_366_yellow		p a ²³	b ɔ ⁴	b o ³⁵			
527_367_dirty			tʃʰ ɔ ʔ ⁵³				tʃʰ a ⁵
528_367_dirty		l u ²³		l a̰ k ⁵³			
529 530_368_new	ʔ a ³ + s ai k ⁵⁴		ʔ a ³ + s ə k ⁵³	ʔ a ² + s a k ⁵		ʔ ə + s a ts	ʔ ə ³ + s ɪ k ⁵⁴
52_34_iron	tʰ j ɛ ʔ ⁴²	t a̰ ʔ ⁵²					
531_369_old	tsʰ au ⁵		tsʰ au ³	tsʰ o ʔ ⁵⁴			
532 533_370_dark			tʃʰ oi ʔ ⁵³ + m au ²				tʃʰ u t ⁵⁴ + m a ³²
534_370_dark				n o ʔ ³⁴	ɲ o ⁵⁵		
535_371_bright	b a ŋ ³¹		b a ŋ ³¹	b o ³⁴		p aˀ	b ɔ ³
536_372_same	d e ³		d u ³¹	d au ³		t u	ts ṵ ŋ ⁵³
537_373_different			g ə ⁵	g ə ²		kʷ a	
538_374_sweet	tʃʰ au ³		tʃʰ au ³¹	tʃʰ o k ⁵⁴	ʃ w a ⁵⁵	kʰ j u/w i	tʃʰ u/w i ⁵³
539_375_sour	dʒ j ɛ n ³		dʒ e ŋ ³²	dʒ ɪ n ³²	ʃ ei ⁵⁵	kʰ j a ɲ	dʒ ɪ n ³¹
540_376_bitter	kʰ ɔ ⁵	kʰ a ²³	kʰ ɔ ⁴	kʰ o ⁵	kʰ a ³¹	kʰ aː	kʰ ɔ ⁵³
541_377_spicy			pʰ j ə k ⁵³	j a k ³		p r a ɲˀ	pʰ j ɪ k ⁵
542_378_rotten	b u/w ɔ p ³¹		b u/w ɛ p ²	b a p ³⁴		p u p	b ʊ p ³
543_379_swell	j a m ³		j æ̰ m ³			r a mː/m	
544_380_dry	k j ṵ k ⁵⁴		k j o̰ ʔ ⁵³	k j a̰u ʔ ⁵³	x o ʔ ³¹	kʰ r au k	k j ṵ ʔ ⁵⁴
545_381_wet	dʒ u/w ɛ ʔ ⁵²		dʒ ø m ³²	dʒ o ⁵		tsʷ a t	
546_382_hot	ŋ ɛ ⁵						n j ɛ ³²
547_382_hot			l o ŋ ⁵¹	l au ŋ ³		l au ŋ	
549_383_cold	dʒ a m ³		dʒ æ m ⁵⁴				
54_34_iron					s e ⁵⁵	s a m	
550_384_sharp	d z u ʔ ³¹		tʰ ɔ ʔ ⁵²	tʰ o ʔ ⁵⁴	t u ʔ ³¹	tʰ a k	tʰ ɔ ʔ ⁵⁴
551_385_blunt	d u/w a m ³					t u mː/m	
552_386_heavy			l e ³²	l a ⁵		l eː	l ai ⁵³
553_387_hard	tʰ a n ³		tʰ ãɪ ²				tʰ a n ³²
555_388_smooth				j æu ŋ ⁴		l j a ɲ	ɹ a ³
556_389_fast	n j a p ⁴²		m j æ p ³				
557 558_390_slow		t a ⁵² + j e ³	d z ɔ ⁴⁵ + ɹ ɛ ⁵³				
557_390_slow	d z ɔ ⁵					tsʰ eː	
559 560_391_strong	j ɔ m ³ + b ɔ ³¹		j ɛ m ²³ + b ɔ ⁵¹	ɣ a m ³ + b o ³			v u m ³ + b ɔ ³¹
55_35_mountain	b u/w ɔ m ³¹	p a m ²³	b ɛ m ⁵¹	b a m ³¹			b u m ³¹
56 57_36_cave	l u k ³² + kʰ j u ŋ ³²						l ʊ p ³ + kʰ j u ŋ ⁵³
56 58_36_cave			l o ʔ ³⁴ + ʔ o ʔ ⁵³	l au k ³² + ʔ a̰u k ⁵			
561_392_weak	n ṵ k ⁵³		n ə ŋ ²	n e ⁵		n a nː/n	n j ɔ̰ m ⁵³
562_393_tired	n j u ŋ ³		m j o ŋ ³	m j æu ŋ ⁴⁵	ŋ ɔ ³¹	m r a ŋ	m j u ŋ ⁵³
563_394_blind	dʒ ɛ t ³¹		dʒ e ⁴⁵	dʒ i t ⁵³	sʰ i ³¹		dʒ ɪ t ³²
564_396_bald	l a ³					p r au ŋ	
567_397_naked	tʃʰ j ɛ n ³		tʃʰ e n ³²	dʒ ɛ̰ t ⁵			tʃʰ ɪ n ⁵³
568_399_good	g i ³¹		g e ³¹	g ai ²	k ɔ ŋ ³¹	k au ŋː/ŋ	g e ³¹
569 570_402_when	kʰ a ⁴ + n a̰ m p ⁵²		kʰ a ²⁴ + n æ̰ p ⁴²				kʰ ə t ⁴³ + n a̰ m ³²
569_402_when				kʰ ö/ø ⁵		k aˀ	
571_403_where			m ɔ ²¹			h m a	
572_403_where	d j e ³			d au ⁵¹			
573_404_who	h a ŋ k ⁵⁴	kʰ a k ³					
575_405_what	tʃʰ a ³		tʃʰ ɛ ⁵³				
577_406_howmany	n j ɔ̰ ʔ ⁵³					h n aˀ	
62 63_38_tree		s a k ⁵² + kʰ i ³	s ə k ⁵⁴ + g a m ³¹	s a k ⁵ + g e ⁴¹			s ɪ k ⁵ + g a m ⁵³
62_38_tree	s ai ʔ ⁵				ʃ ai ʔ ³¹	s a ts	
64_39_branch	k ɔ̰ ³¹		g o ŋ ³	g ɔ ŋ ³¹	kʰ o ³¹	k u/w i ŋː/ŋ	k ɔ ʔ ⁵⁴
65_40_bark	k ṵ k ⁵⁴		g o k ⁵³	k a̰u ʔ ⁵⁴	kʰ u/w e ⁵⁵	kʰ au k	k ṵ ʔ ⁵
66_41_thorn	d z u ³⁴		d z u ⁴	d z au ⁴	sʰ u ³¹	tsʰ uː	d z u ³¹
67_42_root	n j ɛ t ³²				m j ai ʔ ³¹	m r a ts	m ɪ t ⁴³
68_42_root		k i ⁵²	g i ²	g i ²			
69_43_leaf	h u ʔ ⁵	f a ʔ ⁵²	f o ʔ ⁵³	f o ʔ ⁵			h a ʔ ⁵
6_4_star	g i ²	k ḭ ³	k ḭ ⁵³	g i ⁵²		k r ai	k ḭ ⁵³
70_44_flower	p a n ³⁴	p j e ⁵²	b ai n ⁴	p ḛ n ⁴	p ɛ ³¹	p a nː/n	b a n ³²
71_45_fruit	ʃ i ⁵		ʃ i ⁴	ʃ i ⁴³	ʃ i ³¹	s iː	ʃ i ³¹
72 73_46_seed	ʔ a ³² + dʒ ei ⁵⁴			ʔ a ³ + dʒ i t ⁴⁵		ʔ ə + ts eˀ	
72 74_46_seed			ʔ a ³ + ʃ i ⁵		ʔ a + s i ³¹		
75_47_grass	m a̰ n ²⁵	m ḛ ²³	m j ɔ ʔ ²	m j o ʔ ²⁴	m j o ʔ ³¹	m r a k	m j ɔ ʔ ³¹
76_48_bamboo	w u ³⁴		w ɔ ³	v o ⁴	w a ³¹	w aː	w a ³¹
77_49_bambooshoot	n j i ʔ ⁴		m j u k ³	m a̰ k ⁴²	m ai ʔ ³¹	m r a ts	n i k ³²
78_50_mushroom	m au ³¹		m au ³¹	m o k ⁴³	m u ⁵⁵	h m u/w i	m ai ³
79_51_rattan	g j ɛ n ⁴²		g j ɛ m ⁵¹	ɣ a m ⁵¹		k r i m	g a m ⁵³
7_5_cloud	dʒ ə ³²	ts a̰ m ³	dʒ ɛ ⁵³	dʒ a̰ m ³¹		t i m	d u m ⁴²
80 81_52_kapok			l a ³² + b æ m ³¹	l ə ² + p ḛ ⁴²		l a k + p a m	l ə ² + b a n ⁵³
82 83_53_sugarcane	pʰ ɨ ŋ ⁵ + tʃʰ au ³		pʰ ə ŋ ⁴⁵ + tʃʰ au ³¹	pʰ au ŋ ⁴ + tʃʰ u k ⁵⁴	p j o + ʃ u ⁵⁵		pʰ u ŋ ³ + tʃʰ u/w i ⁵³
84_54_betelnut	tʃʰ a ³		tʃʰ a ⁵⁴				
85_55_opium						h b i nː/n	pʰ ɛ n ³
86_56_liquor	j ei ³		j eː ŋ ⁴	ʔ ḭ ʔ ⁵⁴		r a k	ʔ i ⁵
87 88_57_banana	ŋ ɔ ʔ ³ + n j ṵ k ³⁵		ŋ ɔ ³ + m j o k ⁵⁴	ŋ o ʔ ³ + m j æu ʔ ³²			ŋ ɔ ⁴⁵ + m j u ʔ ⁵³
87_57_banana					ŋ u ʔ ³¹	h ŋ a k	
89 90_58_papaya	s a ŋ ³ + pʰ ɔ ³		s a ŋ ⁵⁴ + pʰ ɔ ʔ ³	s a ŋ ⁵² + pʰ ɔ ⁵²		s a ŋ + h b aːu	s e ŋ ⁴ + pʰ ɔ ⁵⁴
8_6_mist			ŋ ãɪ ³			h n a ŋː/ŋ	ŋ a̰ n ⁵³
91_61_coconut	ʔ u n ³¹			ʔ ʊ n ⁴²	ʔ ʊ n ³¹	ʔ u nː/n	ʔ ʊ n ⁵³
92 93_62_eggplant	kʰ ə ³ + l a̰ m ⁵		kʰ ə ⁵ + l æ m ⁵	kʰ ə t ³ + l e ⁴		kʰ a + r a mː/m	kʰ ə t ⁵ + l a m ⁵⁴
94 95_63_peanut	m j ɛ ³ + b ɛ ⁵					m r e + p a	
94 96_63_peanut		m e ³ + n a k ⁵²	m j e ŋ ³² + n o k ³²				m i ³ + n u ʔ ³⁵
97 98_64_ginger			tʃʰ a ŋ ⁵⁴ + g ɔ ʔ ⁵²	tʃʰ a ³ + k o̰ ʔ ⁵⁴	ʃ o ³¹ + k ə		
97_64_ginger	tʃʰ a ŋ ⁵	tʃʰ a ŋ ²³				kʰ j a ŋː/ŋ	tʃʰ a ŋ ³¹
99 100 101_65_garlic			h ø ⁵ + s oi n ⁴² + pʰ j u ²¹				h u ³ + s ʊ n ⁵⁴ + pʰ j u ⁵¹
