Cognate_ID,Batek_Deq_Koh,Batek_Deq_Terengganu,Batek_Teh_Lebir,Batek_Teh_Taku,Batek_Teq,Ceq_Wong,Jah_Hut,Jahai_Banun,Jahai_Rual,Kammu,Kensiw_Kedah,Kensiw_Perak,Khmer_Siem_Reap,Khmer_Surin,Kintaq,Lanoh_Kertei,Mah_Meri,Maniq,Menriq_Lah,Menriq_Rual,Mon,Semai_Kampar,Semai_Ringlet,Semaq_Beri_Berua,Semaq_Beri_Jaboy,Semelai,Semnam_Bal,Semnam_Malau,Temiar_Kelantan,Temiar_Perak,Tenen_Paborn,Tenen_Palian
100_skin,k ə t ɘ ʔ,k ə t ə ʔ,k t ɨ ʔ,k ə t ɘ ʔ,k t ə ʔ,h o ʔ,k t u ʔ,k t ɨ ʔ,k t ɨ ʔ,h m p ú/u u r,k t ə ʔ,k t ɘ ʔ,s ə b a ɛ c,s ə b ɛː ʔ,k t ə ʔ,s m p o ʔ,k u l i t,k a t ɨ ʔ,k t ɨ ʔ,k t ɨ ʔ,n̥ a m,g t ɨː ʔ,g ə t əː ʔ,g t u,k u l e t,k u l i t,k a t ɛ̃ː k,s m p oː ʔ,s ɛ m p oː ʔ,s m p o ʔ,,k t ɨ ʔ
101_sky,g ə l a ʟ + k ə t ɔ ʔ,k l i ŋ,l a ŋ i t,l a ŋ i t,,l a ŋ ĩ t,l a ŋ i t,k t ɔ ʔ,m i t + k t ɔ ʔ,l w à/a a ŋ,m ɛ t + k t ɔ ʔ,m ɛ t + k t ɔ ʔ,m eː c,m ɪː ʔ,m ɛ t + k t ɔ ʔ,j i s,l a ŋ i t,k a ʔ e j,k t ɔ ʔ,m ɛ t + k t ɔ ʔ,t ə k a h,sʷ eː k,m a t + ʔ a r i ʔ,k l i ŋ,l a ŋ i t,m a l e ŋ,,j i s,b a l iː k,b a l iː k,,k a ʔ ɛ j
102_sleep,t ɪ k,t e k,p a j ɨ ʔ,t e k,t e k,ʔ ɑ m,c j ɛ k,t e k,p ʔ j ɨ ʔ,s í/i s,t e k,t ɛ k,d eː c,d eː ʔ,t e k,t ɛ k,g ə t e k,t i e k,t e k,t i k,t ɔ i k,b ɛː t,b ɛː t,j t ɛ k,j t ɛ k,j t ɛ k,t ɛː k,t ɛː g,s ə l ɔ g,s l ɔ k,,t i e k
103_small,k a n ɛ t,k a n ɛ t,w ɔ ŋ,b l ɛ̃ p,w ɔ ŋ,h i ʔ ɔ̃ j,kʷ ɛ̃ ʔ,ʔ h ə j,ʔ h ə j,n ʔ ɛ,k a n ɔ t,,t o u c,t uː c,ʔ a j ɔ ʔ,ʔ a m ɛ s,h ɛ d ɛ̃ t,w ɔ ŋ + ʔ ə h ɔ ʔ,b l ɛ̃ p,ʔ a j ɔ ʔ,s o a,l a l ɛ ʔ,m a c ɔ n,k a n ɛ t,k a n ɛ ʔ,k ɛ̃ t,ʔ a h uː ʔ,ʔ a h u ʔ,ʔ a m ɛ s,ʔ a m ɛ s,ʔ o h ɔ̃ ʔ,w ɔ ŋ
104_smell,ʔ ɔ̃ ɲ,ʔ ɔ̃ ɲ,ʔ ɔ̃ ɲ,ʔ ɔ̃ ɲ,ʔ ɔ̃ ɲ,ʔ ɔ̃ ɲ,ʔ ɔ̃ ɲ,ʔ ɔ̃ ɲ,h o p m u p,h m ʔ ʔ ɨ r,ʔ ɔ̃ ɲ,ʔ ɔ̃ ɲ,tʰ a ʌ p,tʰ ʌː p,ʔ ɔ̃ ɲ,ʔ ũ ɲ,h ɔ n,ʔ ɔ̃ ɲ,ʔ ɔ̃ ɲ,ʔ ɔ̃ ɲ,h ə m a o,k r ŋ oː j,ŋ uː j,ʔ u ɲ,ʔ u n,j ɔ h ɔ n,ʔ ɔ̃ː ɲ,ʔ ɔ̃ː ɲ,ʔ uː ɲ,ʔ ũː ɲ,,h a ʔ ĩ t
105_smoke,ʔ a s ɛ p,ʔ a s ɛ p,ʔ a s ɛ p,ʔ a s ɛ p,ʔ a s ɛ p,s j a j,ʔ a s a p,ʔ j ʔ e j,ʔ j ʔ e j,p tʼ ə,ʔ i j ɛ j,ʔ i j ɛ j,pʰ s a ɛ ɲ,p ə s ɛː ɲ,ʔ i ʔ i j,ʔ j ʔ e j,j ə l ə k,ʔ i j ɛ j,ʔ a s ɛ p,ʔ a s ɛ p,j ɛ̤ ʔ a k,c a s,ʔ a s a p,n j g u j + ʔ u s,ʔ j ʔ ɔ j,j l ə k,g ɘː j + ʔ oː s,j ʔ e m,c a s,ʔ j ʔ eː j,,
106_smooth,b l a c,,b l a c,b l a c,,b l ɑ c,b l a c,b c l a c,b l a c,l m ʔ ɛː t,g h ɛ ʔ,g h ɛ h,l ə l ɔ o ŋ,l ə l iː ɲ,g h ɛ ʔ,s l e c,s l i w,g a h ɛ,b l a c,b l a c,k ə l e + k ə l o t,s l ɛ c,s l ɛ c,b l a c,b l a t,s l e w,s l ĕ c,s l e j,s ə l e j,s l e c,,h a d ɘ j
107_snake,ʔ o l a ʟ,ʔ u l a r,j k ɔ p,j k ɔ p,ʔ u l a r,t a l o n,t a l o n,t a j u ʔ,t a j u ʔ,m à/a r,ʔ i k ɔ p,ʔ i k ɔ p,p ŏ ɔ h,p ŏ a h,t a j u ʔ,t a j u ʔ,t i j a w,j ə k ɔ p,j k ɔ p,j k ɔ p,s ṳ m,t i j iː ʔ,t a j u ʔ,t i j ɔ,t i j ɔ h,t i j ɔ,t a j uː ʔ,t a j u ʔ,t a j uː ʔ,t a j uː ʔ,j k ɔ p,j a k ɔ p
108_spear,b u l u s,b u l u s,b u l u s,m a t a ʔ,b u l u s,ʔ ɑ t,l e m b e ŋ,m a t a ʔ,m a t a ʔ,p l ì/i a s,b u l u s,l m e ŋ,,,b u l u s,,t o h o k,ʔ a t,m a t a ʔ,m a t a ʔ,m ɔ i ŋ,t a r ɔ k,m a t a ʔ,l ə m b i ŋ,t o h o ŋ,l m e ŋ,b u l uː s,,t a r ɔ g,t a r ɔ g,,b j ɔ̃ h
109_spit,k ə t ɔ ɸ,k ə t ɔ h,k t ɔ h,k b ɛ c,k ə t ɔ ɸ,k b a c,t ə h u j ɛ̃ ŋ,k b ɛ c,k b ɛ c,k c ú/u h,t i ɸ,t i ɸ,s d ɒ h,s d ɒ h,b e c,k b ɛ c,b a tʰ ɔ j,t i ɸ,k b ɛ c,k b ɛ c,cʰ ɔ h,g t ɔ h,t ɔ h,tʰ ɔ h,tʰ ɔ h,tʰ ɔ h,k b ɛː c,k b ɛː c,g ə t ɔ h,g t ɔ h,p a l ũ ɸ,t i ɸ
10_bone,t u l a ŋ,t u l a ŋ,j ʔ i ŋ,j ʔ i ŋ,t u l a ŋ,j ʔ e ŋ,j ə ʔ a ŋ,j ʔ e ŋ,j ʔ e ŋ,c ʔ á/a a ŋ,ʔ i ʔ e ŋ,ʔ i j e ŋ,c ə ʔ ʌ ŋ,c ə ʔ ʌ ŋ,ʔ i ʔ e ŋ,j ʔ a ŋ,j ə ʔ a̤ k,ʔ i j e ŋ,j ʔ i ŋ,j ʔ i ŋ,cʰ ṳ t,j ʔ ɒː k,j ʔ aː k,j ə ʔ a ŋ,j ʔ a ŋ,j ʔ a ŋ,j ʔ aː ŋ,j ʔ aː ŋ,j ə ʔ aː k,j ʔ ɛ̃ː ŋ,ʔ i j e ŋ,ʔ i j e ŋ
110_squeeze,c ə p ĩ t,,c p ɛ̃ t,c p ɛ̃ t,p u l ɛ̃ s,c p i t,r ɨ t,c p ĩ t,c p ɛ̃ t,pʼ ɨ a t,l a m,l a m,c ə b a c,c ə b a c,c p ĩ t,c p ɛ̃ t,p r a h,,c p ɛ̃ t,c p ɛ̃ t,p ɔ t,r ɛ t,p ĩ t,r e t,ʁ ɛ t,p r a h,c p ɛ̃ː t,c p ɛ̃ː d,r ə j ɛ d,r j ɛ d,,ɲ p ɲ ɛ p
111_stab,c ɪ k,c e k,c i k,c i k,c ɔ k,c ə k,c ɔ k,c e k,c e k,k é/e ɲ,c e k,c e k,c a ʔ,c a ʔ,t i k a m,c l ɨ k,t i k a̤ p,c ã g ɛ̃,c e k,c i k,h a p a ʔ,c ɔ k,c u c o ʔ,cʰ ə k,c ə k,t i k a m,c ɔ̆ k,c l ɨ g,c ə l ə g,c l ɘ k,k a p,c ŋ ɛ h
112_stand,h i ɲ a ɲ,k i j e w,h ɲ j a ɲ,h ɲ j a ɲ,h ɲ a ɲ,h ɲ a ɲ,n i ʔ j u w ɔ ŋ,h ɲ j a ɲ,h ɲ j a ɲ,t ʔ ɨ n,h ɲ j a ɲ,h j ɔ l,cʰ ɔ o,cʰ u a r,h ɲ j a ɲ,t ɨ t,j ɯ̤ k,h ə ɲ j a ɲ,h ɲ j a ɲ,h ɲ j a ɲ,k ə t ɒ,j i ɲ j əː k,j i ɲ j ə k,ʔ a w,ʔ a w,ʔʷ ʔ a w,t ə̆ t,t ə d,t ə d,t ɘ t,h n j a ɲ,h n j a ɲ
113_stick,ʔ a t,,ʔ a t,ʔ a t,k a j u ʔ,t k ə h,k ə r ə ŋ,ʔ a t,ʔ a t,s n á/a r,ʔ a m a ŋ,ʔ a t,t ə b ɔː ŋ,t ə m ɒː ŋ,ʔ a t,j h ũ ʔ,l ɔ̤ k,ɲ a h u ʔ,ʔ a t,ʔ a t,l e̤ ʔ,k n iː ŋ,j h u ʔ + t u ŋ k a t,d l ɔ ŋ,d l ɔ ŋ,d l ɔ ŋ,t u ŋ k ă t,ʔ aː d,ʔ aː d,ʔ aː d,c a ʔ ɔ k,c a ʔ ɔ k
114_stone,b a t u ʔ,b a t u ʔ,b a t u ʔ,b a t u ʔ,b a t u ʔ,t m ɔ̃ ʔ,t ə m ɔ ʔ,b a t u ʔ,b a t u ʔ,k l à/a a ŋ,b a t u ʔ,b a t u ʔ,tʰ m ɔː,tʰ m ɒː,b a t u ʔ,b a t u ʔ,b a t u ʔ,b a t u ʔ,b a t u ʔ,b a t u ʔ,m ɔ ʔ,b a t uː ʔ,b a t u h,b a t u ʔ,t m o h,b a t u ʔ,b a t uː ʔ,b a t u ʔ,b a t uː ʔ,b a t u ʔ,b t u ʔ,b t u ʔ
115_straight,b ə t u l,l u r o s,b t u l,b t u l,ʔ a j ɔ l,d ŋ ũ k,d ə ŋ ɔ j,b t o l,b t u l,s k á/a r,b t u l,,t r ɒ ŋ,t r ɒ ŋ,b t u l,s j ɛ k,r u l o s,p a l ɛ ɲ,b t u l,b t u l,t ɔ p,t r ɔ s,s t r e p,s b l ɛ̃ k,l s o h,r u l u s,p l uː ɲ,t j oː s,s i j ɛ k,s j ɛ k,h a j ɔ l,p l ʔ ɛ ɲ
116_suck,p ɘ t,j ɔ t,ʔ i s ə p,j ɔ t,j ɔ t,ɲ ɔ̃ k,s d o t,j h ɨ t,tʰ o l,tʼ ɨ a t,,k b a m,b a ɨ̯,m e m,j ɔ t,j h ɨ t,ʔ i s a p,m a m,j ɔ t,k o l u m,s o̤ t,l oː t,ɲ o ʔ,m b ɔ t,s ɔ̃ k,ʔ ɲ u k,s oː ʔ,j h ɨː d,j ɔ d,j o d,m a m,j ɔ t
117_swell,k ə m a ŋ,ʔ ɔ s,k m a ŋ,k m a ŋ,k m a ŋ,sʷ a h,b k a k,k m a ŋ,k m a ŋ,è/e s,k m a ŋ,k m a ŋ,h a ʌ m,h ʌː m,k m ɛ ŋ,k m a k,b ə ŋ k a ʔ,h ɨ h r ɔ h,k ɘ n,k m a ŋ,k ṳ h,ʔ a s,k m b a ŋ,ʔ ɑ s,ʔ a s,ʔ ɒ s,k m ă k,k m a k,h ĩ s,p u k,t ʁ ɔ ʔ,
118_tail,h a c ɛ̃ ʔ,h a c ɛ̃ ʔ,h a t ɛ̃ ʔ,h a t ɛ̃ ʔ,h a c ɛ̃ ʔ,h a t e ʔ,s n t a ʔ,h a t ĩ ʔ,h a t ĩ ʔ,h n t á/a,h t i ʔ,h t ĩ ʔ,k ə t ʊ j,k ə n t u j,h t i ʔ,s n t a ʔ,,h a t i ʔ,h a t ɛ̃ ʔ,h a t ɛ̃ ʔ,h ə t a ʔ,s n t aː ʔ,s n t a ʔ,h a t e ʔ,h a t e ʔ,p ɒ s,s n t aː ʔ,s n t aː ʔ,s ɛ n t aː ʔ,s n t a ʔ,h a t i ʔ,h a t ĩ ʔ
119_thin,j a ŋ k ɛ̃ c,h ə t ɛ l,j r a ŋ k ɛ̃ c,k u r u s,,s t a l,n i p i s,l i p i s,k o r o s,h n t à/a,k m u j o ʔ,k m u ʔ j o ʔ,s ə d a ə ŋ,s d ʌː ŋ,k m u j o ʔ,k u r u s,s e j,l a k ĩ ẽ n,r a ŋ k ɨ ɲ,n i p i s,k r ɔ j,ŋ s ɛ j,ŋ s ɛ j,ʔ i ɲ s ɛ̃ j,m i p i s,s e j,k b eː t,k b eː d,p ə h e ɲ,pʰ ẽ ŋ,j ʁ i s,j ʁ i s
11_breast,ʔ ã m,ʔ ã m,ʔ ã m,ʔ ã m,ʔ ã m,b u ʔ,b u ʔ,ʔ ɛ̃ m,ʔ ɛ̃ m,p ù/u,ʔ ã m,ʔ ã m,d ɒ h,d ɒ h,ʔ ã m,,t u h,m a m,ʔ ã m,ʔ ã m,t ɔ h,m ɛː m,m ɛː m,t u h,t u h,t u h,m ɛː m,,b ɔ t,b ɔ t,m a m,m a m
120_this,d ɛ ʔ,d e ʔ,t ɘ h,t ɘ h,t ɛ̃ ʔ,d a ʔ,d ɔ h,t ə̃ h,t ə̃ h,k ì/i i,ʔ ɨ̃ h,ʔ ɨ̃ h,n i h,n i h,ʔ ɨ̃ h,n ɔ o h,n ɔ h ɔ̃ ʔ,ʔ m,t ɘ h,ʔ ũ h,n ɔ ʔ,d ɛ h,d ɛ h,n ɔ ʔ,n a ʔ,ʔ n ɔ ʔ n ɔ ʔ,n ɔ h,n ɔ h,d o h,d o h,,t d ɛ h
121_thou,m ɔ h,m ɔ h,b ɛ ʔ,m ɔ h,m ɔ h,m ɨ̃ ʔ,ʔ i m a h,p a j,m ɔ h,m è/e e,b ɔ ʔ,b ɔ ʔ,n ĕ a ʔ,ʔ ɛː ɲ,m u h,m i h,h i ʔ,m ɔ h,b ɛ ʔ,m ɔ h,ɗ e h,h ɛː ʔ,h ɛː ʔ,h e ʔ,h e ʔ,j i,m ĭ h,m i h,h ãː ʔ,h ãː ʔ,,
122_three,t i g a ʔ,t i g a ʔ,t i g a ʔ,t i g a ʔ,t i g a ʔ,p ɛ t,t i g a ʔ,t i g a ʔ,t i g a ʔ,p é/e,t i g a ʔ,t i g a ʔ,b ʌ j,b ɛ j,t i g a ʔ,t i g a ʔ,m̥ p e ʔ,t i g a ʔ,t i g a ʔ,t i g a ʔ,p o e ʔ,n iː ʔ,n i ʔ,m p ɛ ʔ,h m p ɛ ʔ,h m p ɛ ʔ,t i g aː ʔ,t i g a ʔ,n ɛ ʔ,t i g a ʔ,t i g a ʔ,t i g a ʔ
123_throw,p ə n t ɔ ŋ,,p n t ɔ ŋ,p a ŋ k a ʔ,,k a l o ŋ,l i m p a r,h a k ɔ k,h a k ɔ k,w á/a t,c e k,hʷ i t,c a ɔ l,c ɔː l,c e k,b d a l,w e̤ t,h a m a t,t u k u l,p a ŋ k a ʔ,k l ɔ h,p ɛ c,p ɛ c,p a ŋ k a h,w ɛ n,w e n,b d aː l,b d aː l,b ə d a l,b ɘ s,h a m a t,h m a t
124_tie,ʔ i k ɛ t,ʔ i k ɛ t,t a m ɛ t,ʔ i k ɛ t,,s i a t,j k ə t,r b ɛ t,ʔ i k ɛ t,k m h ó/o t,ʔ i k ɛ t,ʔ i k ɛ t,c ɔː ŋ,c ɒː ŋ,ʔ i k ɛ t,b ɨ k,b ə k,ʔ i k ɛ t,ʔ i k ɛ t,ʔ i k ɛ t,k l e a ŋ,b ə k,b ə k,b ə k,b ə k,b ə k,b əː k,b ə g,b ə g,b ɘ k,,s ɨ h
125_tongue,l ə n t ĩ k,l ə n t i k,l n t i k,l n t i k,l n t i k,l a t e k,l n t a k,l n t e k,l n t e k,h n t á/a a k,l t i k,l n t i k,n d aː t,n aː t,l t i k,l n t a k,,l a t i k,l n t i k,l n t i k,k ə t a i k,l n t aː k,l n t aː k,l p ɛ s,l p ɛ s,l p ɛ s,l n t aː k,l n t a g,l ɛ n t aː g,l n t a k,,l t i k
126_tooth,t u l a ŋ + h ã ɲ,h a ɲ,h ã ɲ,j ʔ i ŋ + h ã ɲ,t u l a ŋ + h ã ɲ,l m ũ ɲ,l m u ɲ,h ɛ̃ ɲ,h ɛ̃ ɲ,r á/a a ŋ,ɲ u s,h ã ɲ,tʰ m e ɲ,tʰ m ɪ ɲ,ɲ u s,m ɔ ɲ,j ə m ɔ j,l a m i ɲ,h ã ɲ,h ã ɲ,ŋ ɛ̤ a k,l m uː ɲ,l m uː ɲ,l m ɔ ɲ,l m ɔ n,l m ɔ ɲ,l m ɔ̆ ɲ,l m ɔː ɲ,m ɔ ɲ,m ɔː ɲ,l m i ɲ,l m i ɲ
127_tree,k a j u ʔ,k a j u ʔ,k a j u ʔ,k a j u ʔ,k a j u ʔ,j h ũ ʔ,n ɔ h ɔ̃ ʔ,j h ũ ʔ,j h ũ ʔ,s ʔ’ ɔː ŋ,t o m + ʔ i h ũ ʔ,ʔ i h ũ ʔ,d a ʌ m + cʰ əː,d ʌː m + cʰ əː,t o m + ʔ i h ũ ʔ,j h ũ ʔ,t ə k ɔ h,ɲ a h u ʔ,k a j u ʔ,pʰ o n + k a j u ʔ,n ɔ m + cʰ u ʔ,k n iː ŋ + j h uː ʔ,l a l ə w,d l ɔ ŋ,d l ɔ ŋ,d l ɔ ŋ,ɲ h ũ̆ ʔ,ɲ h ũː ʔ,j ə h ũ ʔ,j h uː ʔ,ɲ h ũ̆ ʔ,j h ũ ʔ
128_turn,p u s i ŋ,,l i m p ɔ w,p u s i ŋ,,p u s i ŋ,k i s a r,p o s i ŋ,p o s i ŋ,k nʷ è/e r,p o s i ŋ,w l w ɛ l,b a ɛ,k ə m ɛː,ʔ ɲ w ɛ̃ ɲ,p o s i k,p u s e̤ k,,k l i l i ŋ,p o s i ŋ,h ə t a h,w ɛ l,p u s i ŋ,w i c,p u s i ŋ,p u s i ŋ,ʔ i l’ w /ə l,p u s i k,w ɛ l,ʔ a w ãː t,n ʁ a ʔ,tʷ i ɲ
129_two,d u w a ʔ,d u w a ʔ,dʷ a ʔ,dʷ a ʔ,d u w a ʔ,b e r,n a r,dʷ a ʔ,dʷ a ʔ,p à/a a r,dʷ a ʔ,d u w a ʔ,p ɪː,p iː r,b i,n a r,m̥ b a,k ə m a m,dʷ a ʔ,dʷ a ʔ,ɓ a,n aː r,n aː r,m a r,h m a,dʷ a ʔ,n aː j,n aː j,n aː r,n aː r,k m a m,k m a m
12_breathe,b ə h i d a p,,t a r i k + k l a ŋ ɛ s,t a r i k + n a p ə s,h ɔ̃ k,h n j ɨ k,t a r e k + n ə h ɔ m,j k j ɨ k,n k j ɨ k,t ó/o h + h r ɲ ʔ ɨ a m,j k j ɨ k,n k j ɨ k,t ə h a ʌː m,d ɒː ʔ + t ə ŋ h ʌː m,j k j ɨ k,h u m h ũ m,t r e k + n a p a s,ɲ k ɲ ɛ k,t a r i k + n a p ə s,n k j ɨ k,j ɐ̤ m,b r l h ɨ m,t a r e ʔ + n a p a s,n ə h ɔ m,t a r e k + ʔ a h ɔ m,ʔ a m h ɔ m,h kʰ ɛ̃ː k,j g j ɨː g,h ə n u m,h m h ũː m,k l a ŋ i ɛ s,j k j ɨ k
130_vomit,k ɘ ʔ,k ə ʔ,k ɘ ʔ,k ɘ ʔ,k ɘ ʔ,k ə ʔ,k ʔ k u ʔ,k ɨ ʔ,k ɨ ʔ,h’ ɨ a l,k ə ʔ,k ɘ ʔ,k ə ʔ u o t,k ə ʔ ʊː t,k ə ʔ,k ɔ o ʔ,k u ʔ,k ɨ ʔ,k ɘ ʔ,k ɨ ʔ,h ə ʔ ɒ ʔ,k ɨː ʔ,k əː ʔ,k u ʔ,k u ʔ,kʰ u ʔ,k ŏ ʔ,k o ʔ,k o ʔ,k oː ʔ,b k a h,k m ɨ ʔ
131_walk,c ɨ p,c ɨ p,c i p,c ɨ p,c ɨ p,c ɨ p,c i p,c ɨ p,c ɨ p,j ʔ ɔ h,c ɨ p,c ɨ p,d a ʌ,d ʌː r,c ɨ p,c i p,c ɔ ʔ,w a,c ɨ p,c ɨ p,kʷ a i k,c iː p,c iː p,sʷ a k,sʷ a k,sʷ a k,c iː p,c iː b,c iː b,c iː p,w a h,w a h
132_washbathe,ʔ n a j,ʔ n a j,ʔ i l a j,ʔ i l a j,ʔ n l a j,m a m ũ h,m a ʔ m u h,ʔ n a j,ʔ n a j,m ù/u u m,ʔ n l a j,ʔ n a j,m ɔː c + t ə k,ŋ uː t + t ɨ ʔ,ʔ n l a j,m a m u h,h u m,k ɔ p,ʔ i l a j,ʔ n a j,k r a t,m a m u h,m u h,m ɔ c,m ɛ̃ h,h ũ m,m a m uː h,j ə p,m u h,m a m u h,g a ʔ i t,g a ʔ e t
133_water,t ɔ m,t ɔ m,t ɔ m,t ɔ m,t ɔ m,t ɑ m,t o w,t ɔ m,ʔ ɔ̃ ŋ,ò/o m,b t e w,b t e w,t ə k,t ɨ ʔ,b t e w,ʔ ɔ̃ ŋ,d o,b a t e w,t ɔ m,t ɔ m,ɗ a i k,t eː w,t eː w,t ɔ m,t ɔ m,d a k,ʔ ɔ̃̆ ŋ,ʔ ɔ̃ː ŋ,ʔ ɔː k,ʔ ɔ̃ː ŋ,b t e w,b t e w
134_weplincl,h e ʔ,h e ʔ,ʔ i p ã h,h i ʔ,ʔ i p a h,h ɛ ʔ,ʔ i h ɛ ʔ,h e ʔ,h e ʔ,ì/i,h e ʔ,j a m,j əː ŋ,j ɨː ŋ,h e ʔ,ʔ ɛ ʔ,h ɛ,ʔ i ɲ,h i ʔ,h i ʔ,p o i + t ɔ ʔ,h eː ʔ,j iː ʔ,h ɛ,h ɛ h,h ɛ,ʔ ɛː ʔ,ʔ ɛː ʔ,ʔ ɛː ʔ,ʔ ɛː ʔ,,
135_wet,p ə c ã ʔ,p ə c ã ʔ,p c ã ʔ,p c ã ʔ,,m ʔ ɑ̃ c,g s ɛ ʔ,p c ɛ̃ ʔ,,s kʼ ɔ,p c u ʔ,p c u ʔ,s a ʌ m,s ʌː m,p c u ʔ,k ʔ ã c,c ɛ c ɛ̃ ʔ,p ã c ẽ ʔ,p c ã ʔ,p c ã ʔ,ɗ ɐ k,k a ʔ ãː ɲ,k ʔ aː c,m ə ʔ ɔ̃ c,s ʔ ĩ h,t k ɔ h,m ʔ ãː c,m ʔ ã c,k ə ʔ ãː j,k ʔ ãː c,p j ɛ̃ ʔ,p j ɛ̃ ʔ
136_what,ʔ a j + l ɘ w,ʔ a j + l ə w,l ə w + ʔ a j,ʔ a l ɘ w,ʔ a j + l ə w,c o ʔ,m n ə,m a m ɛ j,m a m ɛ j,m’ ə h,m ɛ g a ʔ,l ə w,ʔ a v ʌ j,s d e j,m ɛ g a ʔ,,m a s ə,k a l ɨ w,ʔ a l ə w,c a j + b a p,m o̤ ʔ + r a o,m aː h,m aː h,m a ʔ a j,m a h,h m ɔ h,l o ʔ,,l o ʔ,l oː ʔ,k a l ɘ w,k l ə w
137_when,b i l a ʔ + ʔ a j + l ɘ w,m a s a ʔ + ʔ a j + l ə w,b i l a ʔ,b i l a ʔ,b i l a ʔ,p o n,p ə ʔ + n ɔ n,m a p u ʔ,m a p u ʔ,j è/e m + m ʔ ə,j ɛ n h a h,b i l a ʔ,p eː l + n aː,k ɔ l + l aː,j ɛ n h a h,,b i l a ʔ,ʔ a ʔ + c e,b i l a ʔ,b i l a ʔ,c ə l ɔ ʔ + r a o,m p ɛ l,b i l ə h,b i l a ʔ,b i l a ʔ,m r e ʔ,b eː l,b eː l,b eː l,b eː l,,t i g a w
138_white,p ə l t a w,p u t e h,b k ɔ ɲ,b k ɔ ɲ,p l t a w,p u t i h,p u t i h,p u t e h,b k ɔ ɲ,k l’ ɔː k,p l t a w,pʰ ɛ̃ ŋ,s ɔː,s ɒː,p l t a w,b j u k,p u t i h,p a l i e k,b k ɔ ɲ,p l t a w,s a i k + p ṳ ʔ,b j ɛː k,b j ɛː k,p o n h ə l,s u l o k,p u t i h,p l t aː w,p l t aː w,b ə j uː g,b j u k,m a l ũ k,p l j ɛ k
139_who,ʔ o ʔ + l ɘ w,ʔ o l ə w,n a k ɛ n,ʔ a l ɘ w,b a t ɛ k + l ə w,b i ʔ + ʔ a j,ɲ a h,m a k ɛ n,m a k ɛ n,m ʔ ə,t o m + m n i ʔ,t o m + m n i ʔ,n o n aː,ʔ a r aː,t o m + m n i ʔ,,h u m a ʔ,k u ʔ + c ɔ ʔ,m a k ɛ n,m a k ɛ n,ɲ ɛ̤ h + k o̤ h + r a o,b ɔː ʔ,b oː ʔ,ʔ i ŋ k ɔ ʔ,ʔ ŋ k ɔ ʔ,k a d e h,d iː ʔ,d iː ʔ,c ɔː ʔ,c ɔː ʔ,,ʔ e ʔ + k l ɨ ɲ
13_child,ʔ a w ã ʔ,,k ɛ n,ʔ a n a k,ʔ a w ã ʔ,w ɔ ŋ,ʔ i w ã ʔ,w ɔ ŋ,k ɛ n,kʼ ɔː n + n ʔ ɛ,ʔ a n ɛ k,ʔ a n ɛ k,k ɔ o n,k oː n,ʔ a n ɛ k,k ɔ n,k ə n ɔ n,w ɔ ŋ,k ɛ n,k ɛ n,k o n + ŋ a̤ i c,s a ŋ ẽː t,s a ŋ ɛ t,ʔ i w ã ʔ,k n k ɔ n,k n ɔ n,k u oː n,k u oː n,k ə w ɔ t,kʷ ɔː t,w ɔ ŋ,w ɔ ŋ
140_wind,ʔ a ŋ i n,ʔ a ŋ e n,ʔ a ŋ i n,ʔ a ŋ i n,,h ɔ ŋ,m h ɔ ŋ,b g i w,b g i w,h ŋ k ú/u u r,b ɛ w a ʔ,b ɛ w a ʔ,kʰ j ɒ l,kʰ j ɒ l,b ɛ w a ʔ,p a r ɨ k,b u w a ʔ,b u w a ʔ,h pʰ i p,ʔ a ŋ i n,c a,p i n oː j,p i n oː j,t a h o r,cʰ o ŋ,r i b u t,s j aː k,p a j ə k,h ɛ l n ũː l,p a r ɘ k,bʷ a ʔ,bʷ a ʔ
141_wife,k ə n e h,k ə n e h,k n i h,k n e h,k n e h,j ə ʔ,k ə n a h,k n e h,k n e h,k m p r à/a,m a b ɛ h,m a b ɛ h,p ə p ŏ ʌ n,p ə p ŏ a n,m a b ɛ h,l ɛ h,k ə d o,b ɛ d ɔ n,k n e h,k n i h,p r ɛ̤ a,k n a h,k n a h,k m p ə n,g a d ə ʔ,k m p ə n,k d ɔː j,k d ɔ j,l ɛ h,l ɛ h,,b d ɔ n
142_wing,s a j a p,c ə ŋ,s a j ə p,s a j a p,s a j a p,p r a c,k p a ʔ,k l a p ə h,s a j a p,p n’ ɨː r,s a j a p,s a j a p,s l aː p,s l aː p,s a j a p,k ɲ ɛ ŋ,k ə m p ɛ̤ k,p a ʔ e c,s a j a p,s a j a p,n̥ ɛ a ŋ,k ɲ ɛː k,k ɲ ɛː k,p r ə c,k p a ʔ,p r ə c,p j ɛ̆ c,k l a p u oː h,k ɛ n j ɛː k,k ɲ j ɛ k,p a ʔ i c,p a ʔ e c
143_wipe,s a p u h,,s a p u h,s a p u h,,b ɨ l,kʷ a k,p ɨ s,p ɨ s,ʔ ɔː t,,p ɨ s,c uː t,c uː t,s a p u h,s a p u h,t a m p ɔ s,c e t,s a p u h,p ɨ s,c ɜ̤ t,g i t,s a p u h,g ɔ s ɔ k,g ɔ s ɔ k,s a p u ʔ,p ɔː s,s a p uː h,g iː d,g iː d,ʔ i s i ʔ,l j ɛ c
144_woman,j a l ɘ w,j a l ɨ w,b a b o ʔ,b a b o ʔ,j a l ɨ w,k o ŋ,k a ʔ k ə ŋ,b a b o ʔ,b ɘ ʔ,c m kʼ ɨ n,m a b ɛ h,m a b ɛ h,s r ʌ j,s r ɛ j,m a b ɛ h,b a b o ʔ,k ə d o,b ɛ d ɔ n,b a b o ʔ,b a b o ʔ,ɲ ɛ̤ h + p r ɛ̤ a,k r d oː r,k ə r d oː r,g a d ə ʔ,g a d ə ʔ,k r d o r,b a b oː ʔ,b a b o ʔ,b a b oː ʔ,b a b o ʔ,b d ɔ n,b d ɔ n
145_woods,h ɘ p,h ə p,h ɘ p,h ɘ p,h ə p,b r t ɛ ʔ,b r e ʔ,h ɨ p,h ɨ p,p r ì/i,k a h ɨ p,k a h ɨ p,p r e j,p r ɪː,k a h ɨ p,h ɨ p,m ə r i,k a h ɨ p,h ɘ p,h ɨ p,k r o̤ p,s r a k,s r a k,b r i,b r i h,b r i,b j iː ʔ,b j i ʔ,s ə r ɔ k,s r ɔ k,,
146_youpl,g ɨ n,,g ɨ n + ʔ a m a l,j m p ã h,j ə m + p a h,j i n,j ɔ n,g i n,g i n,p ʔ ɔː,,,p u o ʔ + n ĕ a ʔ,pʰ ʊː ŋ + ʔ ɛː ɲ,,,,m ɔ h,g ɨ n,j m p a j,,ŋ k eː ʔ,,,,j e + ʔ e n,j uː h,,ɲ ɔ b,ɲ ɔ b,,
14_clawnail,k a l k ɔ ʔ,k a l k ɔ ʔ,k l k ɔ ʔ,k l k ɔ ʔ,k a l k ɔ ʔ,s k ɔ ʔ,c u w e s,k l k ɔ ʔ,k l k ɔ ʔ,t m’ ɔː ŋ,k l k ɔ ʔ,k l k ɔ ʔ,k ə c ɔː ʔ,k ə c ɒː ʔ,k l k ɔ ʔ,,k ɔ k ɔ̃ t,k u k ɔ ʔ,c n r ɔ s,k l k ɔ ʔ,n̥ i m + t o a,c ŋ r oː s,c n r oː s,t l k ɔ ʔ,t l k ɔ ʔ,c r o s,c n j ɔː s,,c ɛ n r ɔː s,c n r ɔː s,k u ʁ ɔ ʔ,k ɔ k ɔ ʔ
15_cloud,k a b u t,k a b u t,k a b u t,k a b u t,k a b u t,ʔ ɑ l,k a b u t,s a g u p,s a g u p,p ú/u u t,ʔ a l,ʔ a l,p ə p ɔ o k,p ə p u a ʔ,ʔ a l,s a g u p,k a b u t,ʔ a l,k a b u t,s a g u p,m o̤ t + p r o̤ a,s a g ɔ p,s a g u p,s a m o ʔ,l a ŋ i t,k a b u t,s a g ŭ p,s a g u p,s a g u b,s a g u p,ŋ a ʔ,bʷ a ʔ
16_cut,g ɘ t,g ə t,k ɛ c,g i t,t u t o h,k a c,k ɛ c,g e t,g e t,p á/a a t,g e t,c a h,k a t,k a t,g e t,g ɨ t,t ə c,c a h,g e t,k ɛ c,h ə p o̤ t,k o h,k o h,k ɔ c,t ə p,t k ə l,g əː t,g ə d,g ə d,g ɘ t,ʁ o s,c a h
17_dance,k ə ŋ s i ŋ,j ɔ g e t,k ŋ s i ŋ,k ŋ s i ŋ,,l e ŋ s e ŋ,ɲ ɔ ʔ g e t,s i s ɛ ʔ,k ŋ s i ŋ,tʼ ɛ,k ɛ j ɛ h,k j ɛ h,r ə̆ a m,r ɨ̆ a m,k ɛ j ɛ h,,l o ŋ g e̤ k,k a j ɛ,k r j ɛ r,k ŋ s i ŋ,l e̤ h,g ŋ s aː k,m n a r i ʔ,ʔ a r a j,j ɔ g e t,j ɔ g e t,k ɛː k,,s i s ɛ ʔ,s i s ɛ ʔ,k a j ɛː,k a j ɛː
18_day,h a ʁ i ʔ,h a ɣ e ʔ,k t ɔ ʔ,k t ɔ ʔ,k t ɔ ʔ,k t ɔ ʔ,k t ɔ ʔ,k t ɔ ʔ,k t ɔ ʔ,m ʔ ɨː,k t ɔ ʔ,k t ɔ ʔ,ŋ a j,ŋ a j,pː j ã p,j i s,c o h o j,k a t ɔ ʔ,k t ɔ ʔ,k t ɔ ʔ,ŋ o a,j iː s,h a r i ʔ,t ŋ i,t ŋ i,t ɲ ɪ,h a j iː ʔ,j i s,ʔ i s,ʔ s ʔ i s,k t ɔ ʔ,k t ɔ ʔ
19_die,h a l ɔ t,h a l ɔ t,h a l ɔ t,ʔ n s ɔ ʔ,h a l ɔ t,k b ɨ s,k b ɨ s,k b i s,k b i s,h á/a a n,k b i s,k b i s,ŋ ə̆ a p,ŋ ɨ̆ a p,k b i s,k b ɨ s,k ə b ə s,s ɔ ʔ,ʔ n s ɔ ʔ,k m ɔ c,cʰ ɒ t,d a t,n d a t,k b ə s,k b ə s,kʰ b ə s,k b ə̆ s,k b ə s,k ə b ə s,k b ɘ s,s ɔ ʔ,s ɔ ʔ
1_animal,ʔ a j,,ʔ a j,ʔ a j,,n a t a ŋ,n a t a ŋ,ʔ a j,p a ŋ e n,t ó/o o + s é/e t,ʔ a j,h a p ɔ ʔ,s a t,s a t,ʔ a j,ʔ a j,n ɛ t ɛ ŋ,ʔ a j,ʔ a j,ʔ a j,t ə r o ʔ + c a n,b i n a t a k,m r g a s,b i n a t a ŋ,b n a t a ŋ,p ʔ l a ʔ,ʔ n t ĕ ʔ,ʔ aː j,ɲ a m,ɲ aː m,b s i ŋ,ʔ a j
20_dig,b a j,b a j,b a j,b a j,b a j,b ɑ j,cʷ ɔ m,b a j,b a j,k’ʰ ɨ a ŋ,b a j,b a j,c i c,c iː ʔ,b a j,b a j,k o k o c,c e,b a j,b a j,ɓ ɔ k,c oː p,c oː p,b ɑ j,b ɑ j,b ɒ j,b aː j,k ə p,p ə g,p ɘ k,c ɛ t,c ɛ t
21_dirty,k a m a h,k a m a h,k a m a h,j ʔ ɔ m,,k a m a h,g ə ʔ a c,k o t ɔ h,k o t ɔ h,c ʔ ə,k a m a h,k a m a h,k ə ŋʷ ɔ ʔ,d ʌ t,k a m a h,l a ʔ ɨ s,k o t o,b a t ĩ k,j ʔ ɔ m,j ʔ ɔ m,k l ɔ e ʔ,k u t ɔ r,k o t o h,b s e ʔ,b s e ʔ,j ʔ j i ʔ,k a m aː h,k o t ɔ j,l a ʔ ə s,l a ʔ ɘ s,b a t ĩ k,ʁ j ɛ̃ c
22_dog,ʔ a s u ʔ,ʔ a s u ʔ,ʔ a s u ʔ,ʔ a s u ʔ,ʔ a s u ʔ,ʔ ɛ̃ ŋ,cʷ ə ʔ,ʔ ɔ̃ t,ʔ ɔ̃ t,sʼ ɔ,ʔ ɛ ʔ,ʔ ɛ ʔ,c ə k a ɛ,c ə k ɛː,ʔ e ʔ,ʔ a c ɛ̃ ʔ,c a w,ʔ e ʔ,ʔ a s u ʔ,ʔ a s u ʔ,k l ɛ,c oː ʔ,c oː ʔ,c ɔ,c ɔ h,c ɔ,c u oː ʔ,c u oː ʔ,c ə w ɔ ʔ,cʷ ɔː ʔ,ʔ e ʔ,ʔ ɛ ʔ
23_drink,ʔ ã m,ʔ a m,ʔ ã m,ʔ ã m,ʔ ã m,ʔ u h,w ə h,ʔ ɛ̃ m,ʔ ɛ̃ m,ʔ’ʷ ɨ a k,b u ʔ,b u ʔ,pʰ ʌ ʔ,p ɦ ʌ ʔ,b u ʔ,ʔ ɔ̃ ŋ,c a d o,b u ʔ,ʔ ã m,ʔ ã m,s ɐ̤ ŋ,ŋ uː n,ɲ ɔ ʔ,j ə ʔ o h,j ə ʔ ɔ h,j ə ʔ ɔ h,ʔ ɔ̃ ŋ,ʔ ɔ̃ ŋ,ʔ ɔː k,ʔ ɔ̃ː ŋ,,b u ʔ
24_ear,ʔ ə n t ɘ ŋ,ʔ n t ə ŋ,ʔ n t i ŋ,ʔ n t e ŋ,ʔ n t ɘ ŋ,h n t a ŋ,n t a ŋ,ʔ n t e ŋ,ʔ n t e ŋ,h r m ʔ əː j,ʔ n t e ŋ,ʔ n t e ŋ,t ə c i ə ʔ,t ə c ɪː ʔ,ʔ n t e ŋ,g n t ɔ o k,t ə̤ k,ʔ a n t ɛ ŋ,ʔ n t e ŋ,ʔ n t i ŋ,k ə t o,n t a k,n t a k,n t ə ŋ,n t ə ŋ,t ə ŋ,k n t ɔ k,g n t ɔ k,g ɛ n t ɔ k,g n t ɔ k,ʔ n t e ŋ,ʔ n t e ŋ
25_earth,t e ʔ,t e ʔ,t e ʔ,t e ʔ,,t ɛ ʔ,t e ʔ,t e ʔ,t e ʔ,p t é/e,t e ʔ,t ɛ ʔ,d ʌ j,d ɛ j,t e ʔ,t ɛ ʔ,t e ʔ,t i e ʔ,t e ʔ,t e ʔ,t o e ʔ,t eː ʔ,t e ʔ,ʔ a t ɛ,ʔ a t ɛ h,ʔ a t ɛ,t ɛ̆ ʔ,t ɛ ʔ,t ɛ ʔ,t ɛ ʔ,t i e ʔ,t i e ʔ
26_eat,c i ʔ,c i ʔ,c i ʔ,c i ʔ,,c ə ʔ,c a ʔ,g e j,g e j,p ʔ ə,c i ʔ,c i ʔ,ɲ a m,h oː p,c i ʔ,g e j,n a c a,h ã w,c i ʔ,c i ʔ,ʃ i ə ʔ,c ɒː ʔ,c a ʔ,ɲ c a,m ɨ̃ ʔ,c a,g ɛː j,g ɛː j,c aː ʔ,c aː ʔ,h ã w,
27_egg,m a k ɔ ʔ,m a k ɔ ʔ,m a k ɔ ʔ,m a k ɔ ʔ,m a k ɔ ʔ,k t u ə t,p ŋ l o ŋ,k t ɨ t,k t ɨ t,k t ó/o ŋ,m a k ɔ ʔ,m a k ɔ ʔ,p ɔ o ŋ,p ŏ a ŋ,m a k ɔ ʔ,t a p,k ə p ɔ h,m a k ɔ ʔ,m a k ɔ ʔ,m a k ɔ ʔ,h a m a i,p ə ŋ l əː k,k ə t,m ʔ k ʌ ʔ,t ə l o r,k a p ɔ h,t ă p,t aː p,t a b,t aː b,ʔ n t ɛ p,m a k ɔ ʔ
28_eye,m ɛ t,m ɛ t,m ɛ t,m ɛ t,m ɛ t,m ɛ̃ t,m a t,m i t,m i t,m à/a t,m ɛ t,m ɛ t,pʰ n eː c,pʰ n eː ʔ,m ɛ t,m a t,m ɛ t,m ɛ t,m ɛ t,m ɛ t,m o̤ t,m a t,m a t,m ɔ t,m a t,m ɔ t,m ă t,m a d,m a d,m a t,m ɛ t,m ɛ t
29_fall,ʁ ə b a h,p ə p,r ɛ s,r ɛ s,p ɨ p,r a s,c r ə h,r ɛ s,r ɛ s,k r l ʔ ɨ a ŋ,sʷ ɛ t,h ɔ̃ s,tʰ l ĕ a ʔ,tʰ l ĕ a ʔ,sʷ ɛ t,k l ɨ ʔ,gʷ ɔ̤ c,j ə m p ɨ h,r ɛ s,d a h ɛ s,h ə t ɔ m,j ɨː r,l m a h,g r ə k,g ʁ ə k,g r ə k,k əː l,k l ə ʔ,k l ʉ ʔ,k l ɨ ʔ,j m p ɨ h,ʁ ɛ s
2_back,k ʁ ɔ ʔ,k ə ɣ ɔ ʔ,k r ə ʔ,k r ə ʔ,,h ŋ k ɨ ŋ,k ə r ɔ ʔ,k r ɔ ʔ,k r ŋ k ɨ ŋ,k n t r ʔ ɔː ŋ,k j ɔ ʔ,k j ɔ ʔ,kʰ n ɒː ŋ,kʰ n ɒː ŋ,k j ɔ ʔ,k r ɨ ʔ,c ɛ l ɔ̤ t,k a ʔ ɔ ʔ,k r ɔ ʔ,k r ɔ ʔ,c a h,k n õː k,c l oː t,c l ɔ n,c l ɔ n,c l ɔ n,k j ŏ ʔ,k j o ʔ,k ə r ʉ ʔ,k r ɘ ʔ,k a ʁ ɔ ʔ,k a ʁ ɔ ʔ
30_far,m ə ɲ j i ʔ,m ə ɲ j i ʔ,m ɲ j i ʔ,m ɲ j i ʔ,m ɲ j i ʔ,c o n,l a j u ʔ,m ɲ j i ʔ,m ɲ j i ʔ,c à/a,m ɲ j i ʔ,m ɲ j i ʔ,cʰ ŋ aː j,cʰ ŋ aː j,m ɲ j i ʔ,j r e ʔ,l ə p,ʔ a m ɛ t,m ɲ j i ʔ,m ɲ j i ʔ,h o a,ɲ aː ʔ,ɲ aː ʔ,ŋ ɑ j,ŋ a j,ʔ l ə p,l j əː ʔ,l j ə ʔ,j ə r o ʔ,j r o ʔ,ʔ o m ɛ t,ʔ o m ɛ t
31_fat,t ɔ c,t ɔ c,t ɔ c,t ɔ c,t ɔ c,l ʔ o s,g m ɔ k,l n ʔ ə s,g m u ʔ,m ʔ əː j,b ɲ c ɔ ʔ,m ɲ c ɔ ʔ,tʰ ə̆ a t,tʰ ʌ t,b ɲ c ɔ ʔ,l ʔ ɔ s,b ə c u ʔ,l ə p a j,t ɔ c,g m u ʔ,k l ɔ i ŋ,b ɲ c ɔː ʔ,n t oː j,b c u ʔ,b c u ʔ,g m u k,ʔ s iː ʔ,l ʔ ɔ s,l ɛ n ʔ ɔ s,l ʔ ɔ s,l p a j,l p a j
32_father,p a ʔ,p a ʔ,ʔ ɛ j,ʔ ɛ j,ʔ ɛ j,b a p,ʔ i b e ʔ,ʔ ɛ j,ʔ ɛ j,j ò/o ŋ,ʔ ɛ j,ʔ ɛ j,p aː,ʔ ɔ̯ o,ʔ ɛ j,d o ʔ,k ṳ c,ʔ e j,ʔ ɛ j,ʔ ɛ j,ə p a,ʔ a p a ʔ,ʔ a p a ʔ,ʔ i b ɛ ʔ,ʔ i p ə ʔ,b a p a ʔ,d oː ʔ,d oː ʔ,b əː h,d oː ʔ,ʔ e j,ʔ ɛ j
33_fear,ʔ ə n t ɨ ŋ,ʔ n t ɨ ŋ,ɲ a c,ʔ ɲ a c,ʔ n t ɨ ŋ,h n t ɨ ŋ,bʱ ɛ c,h g i k,h g i k,ŋ ʔ ɔ,ʔ n t ɨ ŋ,ʔ n t ɨ ŋ,kʰ l aː c,kʰ l aː c,ʔ n t ɨ ŋ,t u ŋ,g ə l i ʔ,ʔ a n t ɨ ŋ,ʔ ɲ a c,ʔ n t ɨ ŋ,pʰ ɔ i c,s ŋ ɔ h,s ə ŋ ɔ h,b tʰ ɔ ŋ,b tʰ ɔ ŋ,b tʰ ɔ ŋ,t uː ŋ,t u ŋ,t uː k,t u k,ʔ n t ɨ ŋ,m t ɨ ŋ
34_fire,ʔ ɔ s,ʔ ɔ s,ʔ ɔ s,ʔ ɔ s,ʔ ɔ s,ʔ ɔ s,ʔ ɔ s,ʔ ɔ s,ʔ ɔ s,p r l ʔ ɨ a,ʔ ɔ s,ʔ ɔ s,pʰ l əː ŋ,pʰ l ɨː ŋ,ʔ ɔ s,ʔ o s,ʔ u s,ʔ ɔ s,ʔ ɔ s,ʔ ɔ s,k ə m o t,ʔ ɒː s,ʔ ɔː s,ʔ u s,ʔ u s,ʔ u s,ʔ oː s,ʔ oː s,ʔ oː s,ʔ oː s,ʔ ɔ s,ʔ ɔ s
35_fish,ʔ i k a n,ʔ i k a n,ʔ i k a n,ʔ i k a n,ʔ i k a n,k i ə ʔ,k a ʔ,ʔ i k ə ʔ,ʔ i k ə ʔ,k á/a,ʔ i k a n,ʔ i k a n,t r ʌ j,t r ɛ i̯,k a ʔ,k a ʔ,k a,ʔ i k a n,ʔ i k a n,ʔ i k a n,k ɒ ʔ,k ɒː ʔ,k aː ʔ,ʔ i k a n,k a h,c r ɛ h,k aː ʔ,k a ʔ,k aː ʔ,k a ʔ,ʔ i k a n,ʔ i k a n
36_flow,w ɘ t,s i m ɔ̃ r,ʔ a j ũ t,ʔ a j ũ t,w ə t,w ə t,ʔ a l e r,w e t,w i t,h r l ò/o o j,w e t,w e t,h ɔ o,h oː r,w e t,w i t,ʔ a ɰ u s,l ɛ j,ʔ a j ũ t,ʔ a j ũ t,ʍ o̤,g ə l,g ə l,j r ə m,m ŋ a l e,g ə l,w iː t,w i t,w i d,w i t,h a w ɨ t,h l ɛ j
37_flower,b u ŋ a ʔ,b u ŋ a ʔ,b u ŋ a ʔ,b u ŋ a ʔ,b o ŋ a ʔ,b k ɑ w,b k a w,b u ŋ ɛ ʔ,b u ŋ ɛ ʔ,r à/a a ŋ,b u ŋ a ʔ,b u ŋ a ʔ,pʰ k aː,p ə k aː,b u ŋ a ʔ,b u ŋ a ʔ,b o ŋ a ʔ,h a p ɔ ŋ,b u ŋ a ʔ,b u ŋ a ʔ,k a o,b u ŋ aː ʔ,b u ŋ ə h,b u ŋ ɔ ʔ,b o ŋ a ʔ,b k a w,b u ŋ aː ʔ,b u ŋ a ʔ,b o ŋ aː ʔ,b k aː w,h p ɔ ŋ,h p ɔ k
38_foot,c a n,c a n,c a n,c a n,c a n,c ɑ n,j ɔ ŋ,c a n,c a n,c ʔ ɨ a ŋ,c a n,c a n,c əː ŋ,c ɨː ŋ,c a n,j u k,j ɔ̤ k,c a n,c a n,c a n,c a̤ ŋ,j u k,j u k,j ɔ ŋ,j ʁ ɔ ŋ,j ɔ ŋ,j ŭ k,j u k,j u k,j u k,c a n,c a n
39_fruit,k ə b ɘ ʔ + p l o ʔ,k ə b ɘ ʔ,k b ɘ ʔ,k b ɨ ʔ,k b ə ʔ,p l o ʔ,p l ə ʔ,k m ɔ ʔ,k m ɔ ʔ,p l é/e,k b ə ʔ,k b ɘ ʔ,pʰ l a ɛ,pʰ l ɛː,k b ə ʔ,k m ɔ ʔ,p l e,k a b ɨ ʔ,k ə b ɘ ʔ,k b ɨ ʔ,s ɔ t + cʰ u ʔ,p l ɛː ʔ,p l ɛː ʔ,k b ə ʔ,b u w a h,p l e,k m ɔː ʔ,k m ɔ ʔ,k ə b ə ʔ,k b ɘ ʔ,k b ɘ ʔ,k b ə ʔ
3_bad,j a h a t,j a b e c,j b i c,j a h a t,j b e c,j a b u c,h ə t + ʔ a g a n,l a ʔ ɨ s,j a h a t,s ú/u a,j a h a t,m ə n k e c,m ə n + l ʔ ɒː,m ə n + l ʔ ɒː,j a h a t,j h a t,b a j ã w,g ə b a ʔ,j b e c,j a h a t,p ə r ɛ ʔ,n i c,j a h a t,j a ʔ b ɛ c,b e h + ʔ e l ɔ ʔ,d a ʔ + ʔ i l ɔ k,p a p aː ʔ,j a h a d,l a ʔ ə s,l a ʔ ɘ s,b a ʔ,g b a ʔ
40_full,p ə n u h,p ə n u h,s b i m,s b e m,p n o h,b ə k,p n o h,s b e m,s b e m,k í/i ɲ,h b u ɲ,p ɘ h,p e ɲ,p e ɲ,p ə h,,m̥ b ə̤ c,h a b u ɲ,s b e m,s b i m,p ɔ i ɲ,t b eː k,t b eː k,t b i ŋ,t b i ŋ,s b ə ɲ,t b ĭ k,,t ə b i k,t b i k,b ɛ m,h b u ɲ
41_give,ʔ ɛ k,ʔ ɛ k,ʔ ɛ k,b a g iː,ʔ ɛ k,ʔ a k,ʔ ɔ k,ʔ ɛ k,ʔ ɛ k,ù/u u n,ʔ ɛ k,ʔ ɛ k,ʔ a ɔ j,ʔ ɔː j,ʔ ɛ k,ʔ ɔ o k,j ə̤ t,ʔ ɛ k,ʔ ɛ k,ʔ ɛ k,k ɔ,ʔ ɒː k,ʔ ɔː k,j o n,j o n,j o n,ʔ oː k,ʔ o g,ʔ o g,ʔ oː k,ʔ ɛ k,ʔ ɛ k
42_good,b ə t ʔ ɛ t,b ə t ʔ ɛ t,ʔ a b ə n,ʔ a b ə n,b ə t ʔ ɛ t,b a j e k,ʔ a g a n,b t ʔ ɛ t,b t ʔ ɛ t,l ʔ ə,b t ʔ ɛ t,b t ʔ ɛ t,l ə ʔ ɔː,l ə ʔ ɒː,b ʔ ə t,b ʔ ɛ t,ʔ e l ɔ ʔ,b a ʔ ɛ t,ʔ a b ə n,ʔ a b ə n,kʰ ɒ h,b ɒː r,b ɔː r,b a j e k,b a j e k,ʔ i l ɔ k,b ʔ ɛ̆ t,b ʔ ɛ t,m ɛ j,m ɛ c,b ʔ ɛ t,b ʔ ɛ t
43_hair,s ɔ k,s ɔ k,s ɔ k,s ɔ k,s ɔ k,s ɔ k,s ɔ k,s ɔ k,s ɔ k,k l ʔ ə,s ɔ k,s ɔ k,s ɔ ʔ,s ɒ ʔ,s ɔ k,s ɔ o k,s u p,s ɔ k,s ɔ k,s ɔ k,s o k,s ɒː k,s ɔː k,s u k,s u k,s u k,s n t ɔː l,s n t ɔ l,s oː g,s oː k,s ɔ k,s ɔ k
44_hand,c a s,c a s,c a s,c a s,c a s,c ɑ s,t i ŋ,c j a s,c j a s,t í/i,c a s,c a s,d a j,d a j,c a s,t i ŋ,tʰ i,c a s,c a s,c j a s,t o a,t ə k,t ə k,tʰ i,tʰ ɪ,tʰ i,t iː ŋ,t iː ŋ,t iː k,t iː k,c a s,c a s
45_he,ʔ o ʔ,ʔ o ʔ,b ɛ ʔ,b ɛ ʔ,ʔ o ʔ,ʔ u h,j ə h,ʔ o ʔ,ʔ o ʔ,k ʔ əː,ʔ u ʔ,ʔ a w,k ə̆ a t,k ɨ̆ a t,ʔ u ʔ,,ŋ̊ k i ʔ,ʔ u ʔ,ʔ u ʔ,b ɛ ʔ,ɗ e h,k əː ʔ,k i,k ɛ,k ɛ h,k ə h,ʔ ɔ̆ h,ʔ a ʔ ɔ h,n a,n a,,m ɔ h
46_head,k u j,k u j,k u j,k u j,k u j,k u j,k ɔ j,k u j,k u j,k m p ó/o ŋ,k u j,k u j,k ə b aː l,k ə b aː l,k u j,k u j,k o j,k u j,k u j,k u j,ɗ ɒ p,k uː j,k uː j,kʰ o j,kʰ ɔ j,kʰ o j,k uː j,k uː j,k u j,k uː j,k u j,k u j
47_hear,k ə j ɪ ŋ,k ə j e ŋ,k j i ŋ,k j i ŋ,k j e ŋ,k j ə ŋ,t i ŋ ɔ j,k j e ŋ,k j e ŋ,m è/e c,k j e ŋ,k j e ŋ,s d a p,l ɨː,k j e ŋ,k j ɔ k,k a j ə̤ k,k a j e ŋ,k j e ŋ,k j e ŋ,m o i ɲ,g r t eː k,g r t eː k,d a ʔ j ə ŋ,ʔ j ə ŋ,ʔ j ə ŋ,j ɔ̆ k,j ɔ k,k ə j ɔ k,k j ɔ k,,k j e ŋ
48_heavy,ʔ ɲ c ã h,h ɲ j u t,ʔ ɲ c ã h,ʔ ɲ c ã h,,h ɲ u t,h l ɨ k,h ɲ j u t,h ɲ j u t,k t á/a m,ʔ ɛ w a h,ʔ ɛ w a h,tʰ ə ŋ ŭ a n,tʰ ə ŋ ŭ a n,ʔ ɛ w a h,ʔ ɲ e h,ɲ̊ j ə h,h a ɲ u t,h ɲ j u t,h ɲ j u t,s a̤ ŋ,ɲ ə h,ɲ ə h,ʔ ɲ j ɔ t,k j ɨ h,k j ə h,ʔ ɲ ĕ h,ʔ ɲ e h,ʔ ə ɲ u h,ʔ ɲ u h,,b l j u t
49_here,k a w,k a w,ʔ ɘ h,d ɛ j,t ɛ̃ ʔ,k ɑ + d a ʔ,d o h,ʔ ə̃ h,ʔ ə̃ h,k ì/i i,ʔ ɨ̃ h,ʔ ɨ̃ h,t iː + n i h,ʔ ɪː + n i h,ʔ ɨ̃ h,n ɔ o h,t ɔ h ɔ ʔ,k i + ʔ ɛ n,t ɘ h,ʔ ũ h,n ɛ n ɔ ʔ,d ɛ h,d e h,h a ʔ + n ɔ ʔ,h a n a ʔ,h a ʔ + n ɔ ʔ,n ɔː h,n ɔː h,d o h,d oː h,j ɨ h,k ə p + ʔ ɛ t
4_belly,c ɨ ŋ,c ə ŋ,k ɨ t,k ɨ t,c ə ŋ,ʔ a c,l ə p ɛ c,ʔ ɛ c,ʔ ɛ c,l ù/u u j,c ɨ ŋ,c ɘ ŋ,p ŏ ɔ h,p ŏ a h,c ɨ ŋ,ʔ e c,ʔ o ʔ o c,c ɨ ŋ,k ɨ t,c ɨ ŋ,p ɐ̤ ŋ,k ə t,ʔ ɛ c,l p ə c,l p ə t,l p ə c,k ə̆ t,ʔ e c,ʔ e j,ʔ e c,ʔ e c,ʔ ɛ c
50_hold,c ɛ p,c ɛ p,p g ɛ ŋ,p g ɛ ŋ,c ɛ p,g ɔ j,c ɛ p,p g ɛ ŋ,p g ɛ ŋ,k ó/o o p,c ɛ p,c ɛ p,k a n,k a n,c ɛ p,p g a k,p ə g ə̤ k,j ɨ j,p g ɛ ŋ,p g ɛ ŋ,r o̤ p,c a p,c ɑ p,ʔ ɛ m,k ɨ m,t l o ŋ,p g ă k,p g a k,k ə w ɔ p,kʷ ɔ p,d i ʔ,yː ə j
51_husband,k ə s ɨ j,k ə s ɨ j,k s ɨ j,k s ɘ j,,t e ʔ,k ə s i l,k s ɨ j,t m k a l,k l è/e,t m k a l,t m k a l,p d ʌ j,p ə d ɛ j,t m k a l,t e ʔ,l ə m ɔ l,t ə m k a l,k s ɨ j,t m k a l,k r a o h,g ŋ s iː r,k r ɐː l,k n l ə k,ʔ i p ə ʔ,k n l ə k,t eː ʔ,t eː ʔ,t ɔ w,t ɔ w,t u ŋ k a l,t m k a l
52_i,j ɛ ʔ,j ɛ ʔ,j ɛ ʔ,j ɛ ʔ,j ɛ ʔ,ʔ i ŋ,ʔ i h ã ʔ,j ɛ ʔ,j ɛ ʔ,ò/o,j ɛ ʔ,j ɛ ʔ,kʰ ɲ ɔ m,ɲ ɔ m,j ɛ ʔ,ʔ i c,ʔ ə ʔ ə̤ t,ʔ i ɲ,j ɛ ʔ,ʔ i ɲ,ʔ o a,ʔ e n,ʔ ɛ n,ʔ ə ɲ,ʔ ə n,ʔ ə ɲ,ʔ ĩː ɲ,ʔ ĩː ɲ,j eː ʔ,j eː ʔ,ʔ i ɲ,ʔ i ɲ
53_knee,k a l t o ŋ,k a l t o ŋ,k a l t o ŋ,k a l t o ŋ,h o ʔ,k t o ŋ,k ɔ j + k u w a l,k a l t o ŋ,k a l t o ŋ,k n ú/u u n,k a l t o ŋ,k a l t ɔ ŋ,c ə k ŏ ɔ ŋ,c ə ŋ k ŏ a ŋ,k a l t o ŋ,k a r ɔ l,l u t u t,k a t o ŋ,k a l t o ŋ,k a l t o ŋ,ɓ ɔ ŋ,k u r oː l,k u r oː l,k l t u ŋ,k n t o ŋ,k a l t u ŋ,k a j ɔː l,k a j ɔ l,k a r ɔː l,k a r ɔː l,k a t o ŋ,k t o ŋ
54_knife,w ɛ ɲ,w ɛ ɲ,w ɛ̃ s,w ɛ̃ s,w ɛ̃ s,w a ɲ,ɲ ɛ m,t a j i ʔ,t a j i ʔ,m ì/i i t,h a c,h a c,k ə b ə t,k ə m e t,h a c,,h a w,m a n ɛ t,w ɛ̃ s,w ɛ̃ s,ɓ u n,j uː c,p i s oː w,w ɑ j,w a j,w ɒ j,t u ŋ k əː j,,ʔ ə w ɔ j,c n ɛː r,m n ɛ t,h ʁ ɔ t
55_know,t a h o ʔ,t a h u ʔ,l t ʔ i t,l t ʔ i t,t a h o ʔ,h a r ə n,s ə r ə ʔ,ʔ t ʔ e t,l t ʔ e t,n ʔ əː ŋ,h j ɨ p,h j ɘ p,d ʌ ŋ,d e ɲ,h j ɨ p,l i p,s ə r ə ʔ,h a ʔ ɨ p,l t ʔ e t,ʔ t ʔ e t,t ɛ m,p a n iː ʔ,p a n e j,kʰ ɛ ʔ,kʰ ɛ ʔ,kʰ ɛ ʔ,l iː p,l iː p,l ɛ k,l ɛ k,,h ʔ ɨ p
56_laugh,p i ʟ ŋ a ʟ,p i l ɲ a l,l k l u k,l k l u k,l k l ɨ k,gː l ɨ k,l ə ʔ l ɔ k,l k l u k,s i t k ə t,k r á/a a s,l k l u k,n k l u k,s a ʌ c,s ʌː c,l k l u k,l k l u k,g l ɔ k,p i k l u k,l k l u k,l k l u k,,l u k,l u k,g l ɔ k,g l ɔ k,g l ɔ k,l k l uː k,l g l u g,l u g,l g l u g,l i k l u k,l i k l u k
57_leaf,h a l i ʔ,h a l i ʔ,h a l i ʔ,h a l i ʔ,h a l i ʔ,h a l i ʔ,h l a ʔ,h a l i ʔ,s l a ʔ,l á/a,h l i ʔ,h l i ʔ,s l ʌ k,s l ʌ ʔ,h l i ʔ,s l a ʔ,d a w o̤ t,h a l i ʔ,h a l i ʔ,h a l i ʔ,k ə n a h,s l ɒː ʔ,s l aː ʔ,s a l a,s a l a h,d a w u n,s l aː ʔ,s l aː ʔ,s ə l aː ʔ,s l aː ʔ,h l i ʔ,s ɛ m
58_leftside,k i ʁ i ʔ,,k i r i ʔ,w ɛ̃ ʔ,k i r i ʔ,j a l,k i r i ʔ,w ĩ ʔ,w ĩ ʔ,w è/e,ɲ ɛ̃ ʔ,ɲ ɛ̃ ʔ,cʰ v ɛ eː ɲ,cʰ v eː ɲ,w ĩ ʔ,j ɛ l,k i r i ʔ,ɲ ɛ ʔ,w ɛ̃ ʔ,w ɛ̃ ʔ,p a i,k ŋʷ iː l,w iː l,k i r i ʔ,m a l a ŋ,s a w ɛ l,w ɛː l,j ɛː l,j ɛ l,j ɛ l,k ɔ ʔ,ʔ i ɲ ɛ ʔ
59_live,g ɔ s,g ɔ s,g ɔ s,g ɔ s,g ɔ s,g ɔ s,r e s,g ɔ s,g ɔ s,p r ʔ ɨ a l,g ɔ s,g ɔ s,r ŏ ɔ h,r ŏ a h,g ɔ s,g ɔ s,ɰ i s,g a m ɔ s,g ɔ s,g ɔ s,m ɔ̤ ŋ,r e s,s uː j,l ɔ h,d l o h,ʔ r i s,g ɔː s,g u oː s,g ɔː s,g ɔː s,,g a m ɔ s
5_big,b ɘ w,b ə w,m n a ʔ,b ə w,b ɘ w,m n ɨ ʔ,m ə n a ʔ,b ə w,b ə w,n á/a m,t b ɨ ʔ,t b ɘ ʔ,tʰ ɔ m,tʰ o m,t b ɨ ʔ,c k ɛ j,k a d a m,ʔ ə h a w,b ə w,b ə w,n̥ o̤ k,n t uː j,n t oː j,p a g ɑ h,p a ʁ a h,tʰ ə j,ʔ i b uː ʔ,ʔ i b uː ʔ,m ə n uː ʔ,r a j a ʔ,ʔ a h a w,c a w
60_liver,ʁ o s,z o s,r o s,r o s,r o s,r o s,r ə s,r o s,k l a p,t l’ ɔː m,k l a p,k l a p,tʰ l a ə m,tʰ l ʌː m,k l a p,ʔ n r ɨ s,g r e h,r u s,r o s,,k r ɐ̤ h,r iː s,,g r e s,g ʁ ɛ s,g r e s,j iː s,j iː s,h u p,,ʁ o s,ʁ o s
61_long,b ə t ɪ c,b ə t e c,b t i c,b t i c,,j /ə s ɨ ŋ,c r ɨ ŋ,b t e c,b t e c,w à/a a ŋ,b t u c,b t u c,v ɛ e ɲ,w eː ɲ,b t u c,j r e ʔ,j ə l ə̤ k,h a t i e k,b t e c,b t i c,k l o̤ i ŋ,c ə r ɨ k,c ə r ɨ k,j l a ŋ,j l ɨ ŋ,j l ə ŋ,j j eː ʔ,j j e ʔ,j ə r o ʔ,j r o ʔ,,h t i ɛ c
62_louse,c e ʔ,c e ʔ,t u m a ʔ,t o m a ʔ,t u m a ʔ,c ɛ ʔ,c ɛ ʔ,c i ʔ,t o m ɛ ʔ,s é/e,c e ʔ,m n e ɲ,c a j,c a j,c e ʔ,c ɛ ʔ,c i,,c e ʔ,t o m a ʔ,t o ə,c ɛː ʔ,c ɛː ʔ,c i,c i h,c i,c ĕ ʔ,c e ʔ,c ɛ ʔ,c ɛː ʔ,h a ŋ uː,h ɔ w
63_male,t ə m k a l,t ə m k a l,t m k a l,t m k a l,t m k a l,t u ŋ k a l,k a ʔ k ɔ ɲ,t m k a l,t m k a l,c m p r ʔ ɔ,t m k a l,t m k a l,p r ɒ h,p r ɔ h,t m k a l,t e ʔ,l ə m ɔ l,t ə m k a l,t m k a l,t m k a l,ɲ ɛ̤ h + k r a o h,k r aː l,k r ɐː l,ʔ i p ə ʔ,ʔ i p ə ʔ,r l m ɔ l,ʔ ŋ k oː ɲ,ʔ ŋ k oː ɲ,b a b əː h,b a b ɘː h,t u ŋ k a l,t m k a l
64_many,k ɔ m,k ɔ m,k ɔ m,k ɔ m,k ɔ m,b s o ʔ,b a ʔ l ɨ ʔ,k ɔ m,k ɔ m,w ò/o h,j n u h,b a l ɘ ʔ,c r a ʌ n,c r ʌː n,j n u h,l b ɛ h,n̥ ɔ m,b ɛ m,k ɔ m,k ɔ m,k l a̤ ŋ,j ʔ oː j,j ʔ ɔː j,b a l ɑ ʔ,p a ʁ a h,ʔ r ə j,l b ɛ̆ h,j n u h,l ə b e h,l b e h,,b ɛ m
65_meat,s ɛ c,ʔ a j,s ɛ c,s ɛ c,s ɛ c,ʔ ɑ j,s ɛ c,s ɛ c,s ɛ c,à/a h,s e c,s ɛ c,s a c,s a c,s e c,s e c,d a g e̤ k,s e c,s ɛ c,s ɛ c,p j o̤ n,s ɛ c,d a g i ŋ,ɲ s ə c,n s ə t,s ə c,s ĕ c,s e j,s e j,s e c,s e c,s ɛ c
66_moon,b u l a n,b o l a n,b u l a n,b o l a n,b o l a n,k c ɛ ʔ,b u l a n,b u l a n,b o l a n,m ò/o ŋ,k c e ʔ,g c ɛ ʔ,kʰ a ɛ,kʰ ɛː,k c e ʔ,b o l a n,b u l a̤ t,k a c e ʔ,b u l a n,b o l a n,h ə t a o ʔ,g c ɛː ʔ,g c ɛː ʔ,b o l a n,b o l a n,b u l a n,b u l aː n,b o l aː n,g ə c ɛ ʔ,g c ɛ ʔ,k a c e ʔ,k c e ʔ
67_mother,n a ʔ,n a ʔ,b ɘ ʔ,n a ʔ,n a ʔ,m o j,ʔ i d ə ʔ,b ɨ ʔ,b ɨ ʔ,m à/a,n a ʔ,n a ʔ,m a ɛ,m ɛː,n a ʔ,ɲ ɔ ʔ,g ə n d e ʔ,n a ʔ,b ɘ ʔ,n a ʔ,ʔ ə m ɛ̤ ʔ,ʔ a m ɛː ʔ,ʔ a m ɛː ʔ,m ə j,m ə j,ʔ m a ʔ,n aː ʔ,n aː ʔ,b oː ʔ,ɲ ɔː ʔ,j ɛ s,n a ʔ
68_mountain,c ə b a ʔ,g o n o ŋ,c b a ʔ,c b a ʔ,c b a ʔ,m n ĩ m,b n ɨ m,j l m ɔ l,g u n u ŋ,m ò/o k,c b a ʔ,c b a ʔ,pʰ n o m,pʰ n ʊ m,c b a ʔ,j l m ɔ l,s ɔ̤ k,b a t u ʔ,c b a ʔ,g u n u ŋ,t ɛ̤ j,l ɔː t,l oː t,m n ə m,m n ə m,b ə n ʉ m,p ɔː ʔ,p ɔː ʔ,j ɛ l m ɔ l,j l m ɔ l,b t u ʔ,b t u ʔ
69_mouth,t ə n ɨ t,t ə n ɨ t,h ã ɲ,h ã ɲ,h ã ɲ,h ɑ ɲ,m u l o t,h ɛ̃ ɲ,h ɛ̃ ɲ,t n’ ɔ h,h ã ɲ,h ã ɲ,m ə̆ a t,m ɨ̆ a t,h ã ɲ,ɲ a k,p a̤ k,h a ɲ,h ã ɲ,t n ɨ t,p a i ŋ,m p ɒː k,ɲ j ɲ ɔː j,tʰ n u t,k n o t,m ɔ l ɔ t,ɲ aː k,ɲ aː g,ɲ aː g,ɲ aː k,h a h,h ã ɲ
6_bird,k a w a w,k a w a w,k a w a w,k a w a w,k a w a w,k a w a w,c ɛ m,k a w ɔ̃ t,k a w ɔ̃ t,s í/i i m,k a w a w,k a w a w,s a t + s l aː p,s a t + s l aː p,k a w a w,c ɛ p,c i̤ p,k a w a w,k a w a w,k a w a w,h ə c e m,c ɛː p,c ɛː p,k a w ɑ w,k a w a w,c i m,c eː m,c eː m,c ɛ p,c ɛ p,k a w a w,k a w a w
70_name,k ə n m ɔ h,k ə n m ɔ h,k n m ɔ h,k n m ɔ h,,c o ʔ,ʔ a m ə h,k n m ɔ h,k n m ɔ h,c ʔ ɨː,c ɔ ʔ,c ɔ ʔ,cʰ m ŏ ə h,cʰ m ŏ a h,c ɔ ʔ,k n m ɔ o h,g ə l a,c ɔ ʔ,k n m ɔ h,k n m ɔ h,j ə m ɨ̤ ʔ,m o h,m o h,j n m ɔ h,n a m a ʔ,g l a r,k n m ɔ̆ h,k n m ɔ h,k ə n ʉː h,k n ɘ h,,c ɔ ʔ
71_near,p ə d ə h,p ə d ə h,p d ɛ̃ h,p d ə h,,dʷ a h,ɲ c ɛ m,p d ə h,p n h d ə h,l è/e s,t d ɛ h,t d ɛ h,c e t,b ɪː t,d p a ʔ,p l n d ɔ h,m i ŋ,t ɛ d ɛ h,p d ə h,p d ə h,k r o p,r əː ʔ,ɲ ɔː n,k l o ʔ,k l ɛ̃ ʔ,d d ɛ s,t d aː j,t d a j,ʔ ə ɲ ɔː n,t i l ɔː ʔ,,t d ɛ h
72_neck,ʔ ŋ u t,ŋ u t,ʔ ŋ u t,ʔ ŋ u t,,l ŋ ɛ̃ ʔ,l ŋ ɛ ʔ,t ŋ k ɔ k,t ŋ k ɔ k,k n tʼ ɨ a r,c n ɔ t,c n ɔ t,k ɔː,k ɒː,c n ɔ t,s a g u k,l e h e,h o h,ʔ ŋ u t,t ŋ k ɔ k,k o ʔ,t a ŋ ɛ n,t ŋ k o ʔ,l ŋ ɛ ʔ,l ŋ ɛ ʔ,l ŋ ɛ ʔ,s a g oː k,t ŋ k ɔ g,t a ŋ ə n,t a ŋ ɨː n,d k d o k,h o h
73_new,ʁ e ʔ,z e ʔ,b a r o ʔ,b a r u ʔ,r e ʔ,r ɛ ʔ,p a j,b a r u ʔ,b a r u h,h mː è/e,b a j u ʔ,b a j u ʔ,tʰ m ʌ j,tʰ m ɛ j,b a j u ʔ,b a r u ʔ,m̥ p a j,k a b i,b a r o ʔ,b a r o ʔ,k ə m o e ʔ,p a j,p aː j,s p a j,s p a j,ʔ a r ɛ h,b a j uː ʔ,b a j uː ʔ,p aː j,b a r u ʔ,,k c e ŋ
74_night,h a ŋ ɛ p,h a ŋ ɛ t,g j ə̃ m,t ə w ɔ̃ j,h a ŋ ɛ p,b t o m,s ŋ a t,h r k ɨ t,h r k ɨ t,p sʼ ɨ a m,h ɛ k u t,h ɛ k u t,j ʊ p,j ʊ p,h ɛ k u t,h ŋ ɔ t,d ə j,h a k ɔ t,t ə w ɔ̃ j,g j ə̃ m,h ə t ɔ m,k l ɛ m,s ŋ ə p,p l i t,p l i t,p t ɔ m,h ŋ ɔː t,h ŋ ɔ d,l a j ɛ g,l a j ɛ k,h k ɔ t,ʔ ɔ w a ʔ + k t ɔ ʔ
75_nose,m ɔ h,m ɔ h,m ɔ h,m ɔ h,m ɔ h,m ɔ̃ h,h i d u ŋ,m ɔ h,m ɔ h,m ù/u h,m ɔ h,m ɔ h,c ə m ɔ h,c ə m ɔ h,m ɔ h,m u h,m u h,m ɔ h,m ɔ h,m ɔ h,m ṳ h,m ɔ h,m ɔ h,m u h,m u h,m u h,m ŭ h,m u h,m əː h,m ɨː h,m ɔ h,m ɔ h
76_not,n ɛ ŋ,n ɛ ŋ,b r a ʔ,b r a ʔ,b r a ʔ,h ə ʔ,h ə t,b r a ʔ,b r a ʔ,pʼ əː,b j a ʔ,b j a ʔ,m ə n,m ʌ n + t eː,b j a ʔ,t ɔ ʔ,ŋ ɔ t,h ɨ c,b r a ʔ,b l a p,h ɛ̤,t ɔ ʔ,w a l a h,b e h,b e h,d a ʔ,t ɔ̆ ʔ,t ɔ ʔ,t ɔ ʔ,h ɔ̃ j,,h ə t
77_old,m a n a h,m a n a h,b a k ɛ s,m a n a h,,m a n ɨ̃ h,n ɨ g ŋ,m a n ɛ h,m a n ɛ h,tʰ á/a w,sʷ a h,sʷ a h,c a h,c a h,l a w ɛ ʔ,m a n a h,l e ʔ,k a s ɛ ɲ,b i d a n,b a k ɛ s,k ə r e m,m a n a h,m a n a h,ʔ a l e ʔ,ʔ a j ɔ n,ʔ l e ʔ,b i d oː k,p a d i j,m a n a h,m a n a h,t j ɛ s,m a ʔ e l
78_one,s a ʔ,s a ʔ,n a j,n a j,s a ʔ,n ɑ̃ j,n i w ɛ j,n ɛ j,n ɛ j,m ò/o o j,n a j,n a j,m u o j,m ʊː j,n a j,n i j,m u j,n a j,n a j,n a j,m o̤ a,n a n ə ʔ,n a n ə ʔ,m u j,m u j,m u j,n iː j,n iː j,n e j,n e j,,n a j
79_person,b a t ɛ k,b a t ɛ k,m n r a ʔ,m n r a ʔ,b a t ɛ k,b r i ʔ,j a h,m n r a ʔ,m n r a ʔ,k ò/o n,m n i ʔ,m n i ʔ,n ĕ a ʔ,n ĕ a ʔ,m n i ʔ,s m a ʔ,m̥ a ʔ,m a n i ʔ,m n r a ʔ,m n r a ʔ,m ə n e̤ h,s ŋ ʔ ɔ̃ː j,s n ʔ ɔ̃ː j,s m a ʔ,s m a ʔ,s m a ʔ,s m aː ʔ,s m aː ʔ,s ɛ n ʔ ɔː j,s n ʔ ɔ̃ː j,h a m i ʔ,m n i ʔ
7_bite,k a p,k a p,k a p,k a p,k a p,k a p,r ɛ ɲ,k a p,k a p,p ó/o k,k a p,k a p,kʰ a m,kʰ a m,k a p,k a p,g ɛ̤ k,k a p,k a p,k a p,k i t,k a p,k a p,g ɑ ɲ,g a n,g a ɲ,k ă p,k a p,k a b,k a b,k a p,k a p
80_play,p ə ŋ g o h,,p n g u h,m a j i n,,n i h ɑ ʔ,n i ʔ s ɛ ʔ,m n m i n,m n m i n,t n h’ ɔː j,p n g u h,p n g u h,l eː ɲ,l ɪː ɲ,p n g u h,h i ŋ k a ʔ,m a j i n,p a j ɨ,m a j i n,m a j i n,w o̤ i ŋ,m a n,m n m a n,p a k p ɛ k,p a k p ɛ k,n a k ɑ l,h i ŋ k aː ʔ,h i ŋ k aː ʔ,m a n,h i ŋ k a ʔ,p j ə w,p j ə w
81_quiver,b a n ɨ ʔ,b a n ɨ ʔ,b a n ɨ ʔ,b a n ɨ ʔ,b a n ɨ ʔ,l ɨ k,l ɨ k,b a n ɨ ʔ,b a n ɨ ʔ,t ó/o ŋ + k á/a m,b a n ɨ ʔ,l ɘ k,m p ŏ ɔ ŋ,s r ɔː m,l ɨ k,,t a b o̤ k,m a n ɨ ʔ,b a n ɨ ʔ,b a n ɨ ʔ,,l ə k,l ə k,l ɨ k,t a b o ŋ,l ɨ k,l ə̆ k,,l ə g,l ɘ k,,
82_rain,h ã c,h u j a n,h ɛ̃ c,h ɛ̃ c,ʔ o j a n,s ə m,m i ʔ,h ĩ c,h ĩ c,k m à/a,ʔ u j a n,ʔ u j a n,pʰ l i ə ŋ,pʰ l ɪː ɲ,ʔ u j a n,m i ʔ,g ə m a,ʔ u j a n,h ɛ̃ c,ʔ u j a n,p r o̤ a,m a n iː ʔ,m a n i ʔ,g m a,g m ɑ h,l s ə m,m iː ʔ,m iː ʔ,t əː h,t ɘː h,,ʔ u j a n
83_red,b l a k ã c,b ə r a k ã c,b r a k ã c,b r k ã c,b r a k ã c,s u ə t,r ŋ a p,r h ɨ k,r h ɨ k,j ʔ ɨ m,tʰ ɔ̃ ɲ,tʰ ɔ̃ ɲ,k ə h ɒː m,k ə h ɒː m,tʰ ɔ̃ ɲ,r g ɔ j,m i r a h,b a g ĩ ẽ c,pʰ ə ŋ,b t ɛ h,h ə k i t,cʰ ɛː r,r ŋ aː ɲ,s u r ɔ t,d ŋ a t,m i r a h,tʰ uː ɲ,tʰ uː ɲ,c ə l ə k,c l ɘ k,b g ĩ ɛ̃ c,b g ɛ̃ c
84_rice,p a d i ʔ,p a d i ʔ,p a d i ʔ,p a d i ʔ,p a d i ʔ,b e ʔ,b a ʔ,p a d ɛ j,p a d i ʔ,ŋ’ ɔ,p a d e j,p a d ɛ j,s r ə ɨ,s r o ɔ̯,p a d e j,,b e ʔ,n a s i ʔ,p a d i ʔ,p a d i ʔ,s ɒ ʔ,b ɒː ʔ,c n r ɔː j,p a d i ʔ,b a b a h,b a b a,b aː ʔ,,b aː ʔ,b a ʔ,b l j i k,n a s i ʔ
85_rightside,k a n a n,k a n a n,k a n a n,t e m,k a n a n,t ə m,k a n a n,t e m,t e m,h á/a m,t e m,t e m,s ə d a m,s ə d a m,t e m,t ɨ p,k a n a n,t ɛ m,t e m,t e m,p ɐ ŋ,k ŋ t ɔ p,t ɔ p,k a n a n,k a n a n,s a t ɑ m,t ə̆ p,t ə p,t ə p,t ɘ p,t e m,t e m
86_roadpath,h a ʟ + b ɘ w,h a r + b ə w,h a r,h a r + b ɘ w,h a r + b ə w,b a l ə j,n u w ə̃ ŋ,h a r,g l ɔ ŋ,ŋ ʔ ɔː r,g l ɔ ŋ,c p a n,pʰ l ʌ ɨ̯,pʰ l ɔ o̯,c p a n,n ɔ o ŋ,k ə l ɔ h,h a,h a r + b ə w,h a r,k l o̤ ŋ,n oː ŋ,t i m b ɔ ʔ,c n r ə ŋ,t ʁ o ŋ,t r o ŋ,n uː ŋ,n uː ŋ,n ɔ ŋ,n ɔː ŋ,h a l i w,h ɔ j ɛ w
87_root,j ə ʔ ɪ s,j ə ʔ e s,j ʔ e s,j ʔ i s,j ʔ ɛ s,j ʔ ɛ s,ʔ a k a r,j ʔ e s,j ʔ e s,r ì/i a s,ʔ a k a,ʔ j e s,r ɨ h,r ɨː ɦ,ʔ a k a,r j ɛ s,j a ŋ k ã,s ɔ ŋ k i e,j ʔ e s,j ʔ i s,r ɐ̤ h,r ʔ iː s,r ə ʔ i s,r ɛ s,ʁ ɛ s,r ɛ s,j ʔ ɛː s,j ʔ eː s,c a n t i ŋ,r ʔ ɛ s,j e h + ɲ h ũ ʔ,s ɔ k + k j e h + j h ũ ʔ
88_rotten,m ə n s ɔ ʔ,h a ʔ ã t,s ɔ ʔ,ʔ n s ɔ ʔ,s ɔ ʔ,s o ʔ,s i ʔ ĩ t,ʔ n s ɔ ʔ,ˀn s ɔ ʔ,h ú/u u r,s ɔ ʔ,ʔ n s ɔ ʔ,p ə ʔ ɔ o m,p ə ʔ oː m,ʔ n s ɔ ʔ,s ʔ s ɔ ʔ,s u ʔ ũ t,p u ŋ g õ,b a b u h,ʔ n s ɔ ʔ,ʔ ɒ h,s ɔː ʔ,s ɔː ʔ,s ə ʔ ã t,s ə ʔ ɛ̃ t,s ʔ ĩ t,s a n ŭ ʔ,s a n u ʔ,s ɔː ʔ,s a s ɔ ʔ,k m a j,g ə s
89_salt,g a ʁ ɛ m,g a ɣ ɛ m,g a r ɛ m,g a r ə m,g a r ɛ m,g a r a m,p ɔ l,ʔ m p ɔ c,g a ʔ ə m,m á/a a r,s j a ʔ,ˀm p ɔ c,m b ʌ l,m e l,s j a ʔ,ʔ m p ɔ c,g a r a m,s i j a ʔ,g a r ə m,g a r ə m,ɓ ɛ,m p ɔ c,g a r a m,g a r a m,g a ʁ a m,g ɒ r ɒ m,ʔ m p ɔː c,ʔ m p ɔ c,g a r a m,g a r aː m,s j a ʔ,s j a ʔ
8_blood,ɲ a p,ɲ a p,ɲ a p,ɲ a p,ɲ a p,m h ə̃ m,n ə h i m,d a r a h,d a r a h,m à/a a m,m h ɨ̃ m,m h ɘ̃ m,cʰ i ə m,cʰ i ə m,m h ɨ̃ m,d a r a h,m a h a m,m a h ɨ m,ɲ a p,bʱ ɨ̃ m,cʰ i m,bʱ iː p,bʱ iː p,m a h a m,m a h a m,m h a m,d a j ă h,d a j a h,l ɔː t,l ɔː t,m h ɨ̃ m,m h ɨ̃ m
90_say,w a j a t,,p ŋ s ɛ ŋ,p ŋ s ɛ ŋ,,b ə t,w a j a t,p ŋ s ɛ ŋ,p ŋ s ɛ ŋ,l ʔ ʌː,s ɛ m a ŋ,s ɛ m a ŋ,p r a p,p r a p,c i n ɔ j,c a l,k ə d ɔ,b i j ɔ h,p r i n a h,p ŋ s ɛ ŋ,h ɒ m,ŋ r ɔː ʔ,j a p,j m o h,p a k ɛ ʔ,kʰ l ə ŋ,bʷ aː h,t u h,r oː ʔ,t uː h,b j o h,b j o h
91_scratch,h a k a t,,k a c,h a k a t,k a c,k ɑ c,k a c,k a c,k a c,k ò/o r,b l a k,b ɲ j ã ɲ,kʰ ɲ a ɨ̯,ʔ ɛ h,b l a k,g i s,k a k a c,h i j e t,h a k a t,k r a w ã c,cʰ a̤ i c,k a t aː ɲ,t m a ʔ,g e h,g ɛ h,g e h,g iː h,g iː s,g iː s,g iː s,,m ɲ a ɲ
92_see,t ɔ t,d a p e t,ʔ ɛ l,ʔ ɛ l,d ɛ ŋ,j o w,l ɛ h,ʔ ɛ l,ʔ ɛ l,k ù/u u ɲ,d ɛ ŋ,d ɛ ŋ,kʰ əː ɲ,kʰ əː ɲ,d ɛ ŋ,d a k,k a j e,d ɛ ŋ,ʔ ɛ l,ʔ ɛ l,ɲ a̤ t,n ɛː ŋ,n ɛː ŋ,d a ʔ j e,ʔ i j ɛ h,ʔ j e,d ă k,d a k,n ɛː h,n ɛː h,d ɛ ŋ,d ɛ ŋ
93_sharp,m a k a n,m a k a n,m a k a n,m a k a n,,c b ɨ t,c m a ʔ,c m ɛ ʔ,c m ɛ ʔ,ò/o h,t a j a m,c m a ʔ,m ʊ t,m u t,t a j a m,t a j a p,t a j a̤ p,c ə m a ʔ,m a k a n,m a k a n,k e ʔ a k,t a j a p,t a j a p,t a m a ʔ,t a j a m,ʔ l u h,t a j ă p,t a j a p,p ə h e ɲ,pʰ ẽː ɲ,,
94_shoot,h a l u h,h a l u h,h a l u ɸ,h a l u h,s a m,h a p u t,p ə ʔ p u t,b d ɛ l,b d i l,p í/i ɲ,h l u h,h l u h,b a ɲ,b a ɲ,h l u h,,l ə h,h a l u h,h a l u h,h a l u h,p ɔ n,p əː t,p uː t,bʱ r ɔ h,b ʁ ɔ h,ʔ ɔ h,s ə l uː h,,s ə l u h,s l u h,t ɔ k,h l u h
95_short,c ə n h ã t,c ə n h a t,c n h ɛ̃ t,c n h ɛ̃ t,,c i n h ũ ɛ̃ t,s i ŋ k ɛ̃ t,c n h ə̃ t,c n h ə̃ t,l ì/i a t,c n h ɛ t,c n h ɛ̃ t,kʰ l ʌ j,k l ɛ j,c n h ɛ t,k l d ɛ l,j ə l ɛ̃ t,k u d u ŋ,c n h ɛ̃ t,c n h ə̃ t,k l e̤ ʔ,p a t e ʔ,t i ʔ,j l ɛ̃ ʔ,j l ɛ̃ ʔ,j l ɛ̃ ʔ,p n p ɛ̆ t,p n p ɛ t,ʔ a p ɛ t,ʔ a p ɛ t,,k i h ɛ j
96_siblingyounger,b ɛ ʟ,b ɛ r,ʔ a d i ʔ,b ɛ r,ʔ a d e ʔ,ʔ a d i ʔ,ʔ a d i ʔ,b ɛ r,b ɛ r,h’ ɛː m,b ɛ,b ɛ h,p ə ʔ ɔ o n,p ə ʔ oː n,b ɛ,,ʔ a d i ʔ,b ɛ,b ɛ r,b ɛ r,t ɛ̤ ʔ,m n a ŋ,m n a ŋ,ʔ a d i ʔ,ʔ a d i ʔ,ʔ a d i ʔ,p ə̆ ʔ,,p ə ʔ,p ɘ ʔ,b ɛː,b ɛː
97_siblingelder,t o ʔ,t o ʔ,p ã ʔ,p ã ʔ,t o ʔ,t o ʔ,ʔ i ʔ ɛ m,p ɛ̃ ʔ,p ɛ̃ ʔ,t á/a a j,t o ʔ,t o ʔ,b ɒː ŋ,b ɒː ŋ,t o ʔ,,j e ʔ,t o ʔ,p ã ʔ,t o ʔ,k a o,t n eː ʔ,t n ɛ ʔ,ʔ i ʔ e ʔ,ʔ i ʔ ɛ ʔ,ʔ i ʔ ɛ ʔ,k l oː ʔ,,k ə l oː ʔ,k l oː ʔ,k a j ɨ h,t o ʔ
98_sing,p i ɲ l ɔ ɲ,p ə ɲ l ɔ ɲ,p ɲ l ɔ ɲ,p ɲ l ɔ ɲ,p ɲ l ɔ ɲ,n h a ŋ,ɲ a ʔ ɲ i ʔ,p ɲ l ɔ ɲ,p ɲ l ɔ ɲ,tʼ əː m,h i ŋ l e ŋ,h i ŋ l ɛ ŋ,c r i ə ŋ,r ɒː ŋ + pʰ l eː ɲ,h i ŋ l e ŋ,p ɲ l ɔ ɲ,p a n t ṳ t,p i j a h,p ɲ l ɔ ɲ,p ɲ l ɔ ɲ,h ə j e̤ h,ɲ a ɲ iː ʔ,ɲ a ɲ i ʔ,p i j ə r,p j ə j,ɲ a ɲ ɪ ʔ,p ɲ l ɔː ɲ,p ɲ l ɔː ɲ,g a b a g,g a b a k,k a h ɛ j,k a h ɛ j
99_sit,ŋ ɔ k,ŋ ɔ k,ŋ ɔ k,ŋ ɔ k,ŋ ɔ k,ŋ ɔ̃ k,ŋ ə ʔ ŋ ɔ k,ŋ ɔ k,ŋ ɔ k,t è/e n,ŋ ɔ k,ŋ ɔ k,ŋ k ʊ j,ŋ k ʊ j,ŋ ɔ k,k ɔ c,kʰ o̤ p,ŋ ɔ k,ŋ ɔ k,ŋ ɔ k,h ə c o̤ ʔ,g əː j,g əː j,kʰ o m,k o m,k m kʰ o m,k ɔ̆ c,k ɔ c,g ə l,g ɨː l,,ŋ ɔ k
9_blow,p ɨ t,p ɘ t,p r h u r,h l h o l,p ə t,p ə t,p u t,p ɨ t,b g i w,h ú/u r,b ɛ w a ʔ,b ɛ w a ʔ,pʰ l ɔ m,pʰ l o m,b ɛ w a ʔ,p a r ɨ k,k a ʔ ɔ h,p ɨ t,h pʰ i p,h i l h u l,p a k,tʰ oː l,t j u p,h m o s,h ɔ l,ʔ ɔ h,t a p əː t,p a j ə k,t ə h oː l,tʰ ɔ r,bʷ a ʔ,bʷ a ʔ
