Cognate_ID,Azeri,Baraba,Bashkir,Chuvash,CodexCumanicus,CrimeanTatar,Dolgan,Gagauz,KaraKalpak,KarachayBalkar,Karaim,Kazakh,Khakas,Khalaj,Kirghiz,Kumyk,MiddleChulym,Nogai,NorthAltai,OldUyghur,Salar,SarygYugur,Shor,SouthAltai,Tatar,Tofa,Turkish,Turkmen,Tuvan,Uighur,Uzbek,Yakut
100_here,b u r a d a,m ɯ n d a,b ɯ n d a,k u n d a,m o n d a,m ɯ n d a,m a nː a,b ɯ r d a,b u n d a,b ɯ l a j d a,m u n a,m u n d a,m ɯ n d a,b oː d a,m ɯ n d a,m u n d a,m ə n d a,m u n d a,m ɯ n d a,b u n t a,m ɯ n t a,m ɯ n d a,m ɯ n d a,m ɯ n d a,m o n d a,m ɯ n d a,b u r a d a,b u + j e r d e,m ɯ n d a,b u + j æ r d æ,b u + j e r d a,m a nː a
101_hidev,gʲ i z l æ n,j æ ʃ æ r,j æ ʃ e r,p ɯ d a r,j a s i r i,s a q l a,k i s t eː,s a k l a,ʒ a s ɯ r,ʥ a ʃ ɯ r,j a ʃ ɯ r,t ɯ q,tɕ a z ɯ r,k yː ø ʃ y t,ʥ a ʃ ɯ r,j a ʃ ɯ r,ʨ aː z ə r,j a s ɯ r,s u q,j a ʃ u r,j a ʃ i r,j a ʃ ɯ r,tɕ a ʒ ɯ r,ʥ a ʒ ɯ r,j a ʃ ɯ r,tɕ aˁ h i r,s a k l a,j ɯ ɣ ʃ ɯ r,tɕ a ʒ ɯ r,j o ʃ u r,j a ʃ i r,s a h ɯ a r
102_hitbeatv,v u r,s o q,h u ɣ,ɕ a p,u r,u r,o g u s,d yː,u r,u r,j a n tɕ,s o q,s a p,v u r,s o q,u r,s o q,s o q,s o q,t o q ɯ,tɕ a p,p e r,ʃ a p,s o q,s u q,q aˁ q,v u r,u r,s o q,u r,u r,o ɣ u s
103_holen,d e ʃ i k,t e ʃ i k,t i ʃ e k,ʃ ə d ə k,,t e ʃ i k,yː t,d e l i k,t e s i k,t e ʃ i k,t e ʃ i k,t e s ĭ k,t i z ĭ k,t e p l y k,t e ʃ i k,t e ʃ i k,y d y k,t e s i k,t e ʒ i k,y t,,t e l ɯ q,t e ʒ i k,y j t,t i ʃ e k,d e l ĭ k,d e l i k,d e ʃ i k,d e ʒ i k,t ø ʃ y k,t e ʃ i k,χ a j a ɣ a s
104_hornn,b u j n u z,,m ø g ø ð,m ŏ j r a g a,m u ŋ u s,b o j n u z,m u o s,b u j n u z,m y j i z,m y j y z,m y ŋ y z,m y j ĭ z,m y y s,,m y j y z,m y j y z,m y y s,m y j i z,m y y s,m y j y z,m o ŋ u s,m o ŋ u s,m yː s,m y y s,m ø g e z,m i i s,b o j n u z,,m ɯ j ɨ s,m y ŋ g y z,,m u o s
105_hot,i s t i,i s y,e θ e,v ø̆ r i,i sː i,s ɯ ʥ a q,i t iː,s ɯ ʥ a k,ɯ sː ɯ,i sː i,i sː i,ɯ s t ɯ q,ĭ z ĭ g,,ɯ s ɯ q,i sː i,i z ĭ ɣ,i sː i,i z i g,i s i g,ɯ sː ɯ,i sː ɯ g,i z i g,i z y,e sː e,iˁ s ĭ ɣ,s ɯ ʥ a k,ɢ ɯ z ɢ ɯ n,i z i g,i sː i q,i sː i q,i t iː
106_housen,e v,y,o j,ɕ u r t,ø w,e v,,e v,y j,y j,y v,y j,t u r a,h æ v,y j,y j,æ p,y j,e m,e v,ø j,j y,e m,t u r a,ø j,ø ɣ,e v,,,ø j,u j,
107_how,n e tɕ æ,n ɛ ts i k,q a l a j,m ə n l e,n e tɕ i c,n a s ɯ l,k a j t a k,n e,q a l a j,q a l a j,n e tɕ i k,q a l a j,χ a j d i,n æ t æ j d æ,q a n d a j,n e tɕ i k,q a j n a r,q a l a j,q a n a j ɯ p,q a l t ɯ,n e tɕ u χ,n a ɣ u,q a j d e,q a n d ɯ j,n i tɕ e k,q a nʲ ʨ a p,n a s ɯ l,n æ h i l i,q a n tɕ a p,q a n d a q,q a n d a j,χ a j d a χ
108_huntv,o v a + tɕ ɯ χ,a t ɯ ʃ,a w l a,t ɯ t,uː l a,a v l a,b u l t aː,a w l a,a w l a,u w u ɣ a + b a r,a v l a,a w l a,a ŋ n a,t æ z y r,a ŋ tɕ ɯ l ɯ q + q ɯ l,ɣ a w + e t,t a j ɣ a l a,a ŋ ʃ ɯ l a,a ŋ n a,a v l a,e r t a χ + e t,t i g,a ŋ n a,a ŋ d a,a w l a,a ŋ n a,a v l a,a w l a,a ŋ n a,o l a,ɔ v l a,b u l t aː
109_icen,b u z,m o s,b o ð,p ŏ r,b u s,b u z,b uː s,b u z,m u z,b u z,b u z,m u z,p u s,b uː z aː q,m u z,b u z,p u s,b u z,b u s,,t o ŋ s ɯ,p ɯ z,m u s,t o ʃ,b o z,t oˁ ʃ,b u z,b u z,d o ʃ,m u z,m u z,m uː s
10_ashn,k y l,,k ø l,k ø̆ l,,k y l,k y l,k y l,k y l,k y l,k y l,k y l,k y l,k i l,k y l,k y l,k u lʲ,k y l,k y l,k y l,k u l,k u l,k y l,k y l,k ø l,h y l,k y l,k y l,χ y l,k y l,k u l,k y l
110_in,i tɕ æ r i d æ,i ts i n d ɛ,e s e n d æ,ə ʒ ĭ n ʥ e,i z q a r i,i tɕ i n d e,i s k e,i tɕ j a n ɯ n d a,i ʃ i n d e,i tɕ i n d e,i tɕ k e,ĭ ʃ ĭ n d e,ĭ s t ĭ n d e,i ʨ,i tɕ i n d e,i ʨ i n d e,,i ʃ i n d e,i ʒ i n d e,i tɕ i n t e,i tɕ i,i tɕ i n t e,i ʃ t i n d e,i tɕ i n d e,e tɕ t æ,iˁ ʃ t ĭ n d e,i tɕ i n d e,i tɕ i n d æ,i ʃ t i n d e,i tɕ i d æ,i tɕ i d a,i h i g e r
111_jumpv,a t ɯ l,s æ g i r,h i k e r,s i k,s e k i r,a t l a,o j,a t l a,s e k i r,s e k i r,s e k i r,s e k ĭ r,s e g ĭ r,,s e k i r,a t ɯ l,i d ĭ n,q a r ɣ ɯ,s e k i r,s e k r i,s e k e r,p o q ɯ r,a tː ɯ,s e k i r,s i k e r,ʃ u r a,a t l a,b ø k,χ a l ɯ,s æ k r æ,s a k r a,o j
112_killv,ø l d y r,ø j t i r,y l t e r,v ø̆ l e r,j a r a + e t,ø l d y r,ø l ø r,ø l d y r,ø l t i r,ø l t y r,ø l d i r,ø l t ĭ r,ø d ĭ r,h i l ɛː r,ø l t y r,ø l t y r,øː l y r,ø l t i r,ø l t ø r,ø l y r,ø l t e r,j u l u r,ø d y r,ø l t y r,y t e r,ø l y r,ø l d y r,ø l d y r,ø l y r,ø l t y r,o l d i r,ø l ø r
113_kneen,d i z,t i z i,t u b ɯ q,tɕ ĭ r g u ɕː i,t i s g i,t i z,t o b u k,d i sʲ,d i z e,t o b u q,t y z,t ĭ z e,t ĭ z e k,t iː z,t i z e,t o b u q,t ə s + β aː z ə,t i z,t i z e,t i z,t i z e χ,t e z,t i z e,t i z e,t e z,t ĭ s k e k,d i z,d ɯ z,d i s k e k,t i z,t i z,t o b u k
114_knowv,b i l,p i l,b e l,p ĭ l,b i l,b i l,b i l,b i l,b i l,b i l,b i l,b ĭ l,p ĭ l,b i l,b i l,b i l,p ĭ l,b i l,o ŋ n a,b i l,b e l,p e l,p i l,b i l,b e l,b i l,b i l,b i l,b i l,b i l,b i l,b i l
115_laken,gʲ ø l,k ø l,k y l,k y l ĭ,,g ø l,k y ø l,g ø l,k ø l,k ø l,g e l,k ø l,k ø l,,k ø l,k ø l,k o lʲ,k ø l,k ø l,k ø l,,k ø l,k ø l,k ø l,k y l,h ø l,g ø l,k ø l,χ ø l,k ø l,k o l,k y ø l
116_laughv,gʲ y l,k ø l,k ø l,k u l,k u l,k u lʲ,k y l,g y l,k y l,k y l,k y l,k y l,k y l,k i l,k y l,k y l e,k u lʲ,k y l,k y l,,k u l l i,k y l,q a t q ɯ r,q a t χ ɯ r,k ø l,q aˁ qː ɯ r,g y l,g y l,q a tː ɯ r,k y l,k u l,k y l
117_leafn,j a r p a ɢ,j a p r a q,j a p r a q,ɕ u l ʑ ə,j a p r a c,j a p r a q,h e b i r d e k,j a p r a k,ʒ a p ɯ r a q,tɕ a p r a q,j a p r a q,ʒ a p ɯ r a q,p y r,,ʥ a l b ɯ r a q,j a p ɯ r a q,p yː r,j a p ɯ r a q,tɕ a l b ɯ r a q,j a p ɯ r ɣ a q,j a r f a q,,p y r,ʥ a l b r a χ,j a f r a q,b y r,j a p r a k,j a p r a q,b y r y,j o p u r m a q,,s e b i r d e χ
118_left,s o l,s o l,h u l,,s o l,s o l,k a ŋ a s,s o l + t a r a f,,s o l,s o n,s o l,s o l,,s o l,s o l,s o l,s o l,s o l,s o l,,s o l,s o l,s o l,s u l,,s o l,,,s o l,,χ a ŋ a s
119_legfootn,a j a ɢ,a j a q,a j a q,o r a,a j a c,a j a q,a t a k,a j a k,a j a q,a j a q,a j a k,a j a q,a z a χ,h a d a q,a j a q,a j a q,a z a q,a j a q,b u t,a d a q,a j a χ,a z a q,a z a q,b u t,a j a q,b u t,a j a k,a j a q,b u t,a j a q,ɔ j ɔ q,a t a χ
11_askv,d i l æ,s o r a,h o r a,ɯ j t,c o l,s o r a,k ø r d øː,i s t e,s o r a,t i l e,k o l,s u r a,s u r,,s u r a,t i l e,s u r,s o r a,s u r a,t i l e,,t e l e,s u r a,s u r a,s o r a,t ĭ l e,s o r,s o r a,d i l e,s o r a,s o r a,k ø r d ø s
120_lickv,j a l a,,j a l a,ɕ u lː a,j a l a,j a l a,h a l aː,j a l a,ʒ a l a,ʥ a l a,j a l a,ʒ a l a,tɕ a l ɣ a,j a l ɣ a,ʥ a l a,j a l a,tɕ a l ɣ a,j a l a,ʥ a l a,j a l ɣ a,j a l a,j a ɣ l a,tɕ a l ɣ a,ʥ a l a,j a l a,tɕ ɯ l ɣ a,j a l a,j a l a,tɕ ɯ l ɣ a,j a l a,j a l a,s a l aː
121_liedownv,u z a n,j a t,j a t,v ɯ r t,j a t,j a t,h ɯ t,j a t,ʒ a t,ʥ a t,j a t,ʒ a t,tɕ a t,j aː t,ʥ a t,j a t,tɕ a t,j a t,tɕ a t,j a t,j a t,j a t,tɕ a t,ʥ a t,j a t,ʨ ɯˁ t a r,j a t,j a t,tɕ ɯ t,j a t,j ɔ t,s ɯ t
122_livev,j a ʃ a,y e ʃ ɛ,j æ ʃ æ,p u r ə n,t i r i l,j a ʃ a,o l o r,j a ʃ a,ʒ a s a,ʥ a ʃ a,t i r i l,,tɕ u r t a,,ʥ a ʃ a,j a ʃ a,tɕ u r t a,j a ʃ a,tɕ a t,j a ʃ a,j a ʃ a,j a s a,tɕ a t,ʥ a t,j æ ʃ æ,tɕ e r l æ,j a ʃ a,j a ʃ a,tɕ u r tː a,j a ʃ a,j a ʃ a,o l o r
123_livern,b a ɣ ɯ r,b a w ɯ r,b a w ɯ r,p ø̆ v ø̆ r,,,b ɯ a r,,b a w ɯ r,b a w u r,b a v u r,b a w ɯ r,p aː r,,b oː r,b a w u r,p aː r,b a w ɯ r,b a ɣ ɯ r,b a ɣ ɯ r,p a ɣ ɯ r,p a ɣ ɯ r,p aː r,b uː r,b a w ɯ r,b aː r,,b a ɣ ɯ r,b aː r,b e ɣ i r,,b ɯ a r
124_long,u z u n,u z ɯ n,o ð o n,v ŏ r ŏ m,u z u n,u z u n,u h u n,u z u n,u z ɯ n,u z u n,u z u n,u z ɯ n,u z u n,u z uː n,u z u n,u z u n,u z u n,u z ɯ n,u z u n,u z u n,u z u n,u z u n,u z u n,u z u n,o z ɯ n,u z u n,u z u n,u z ɯ n,u z u n,u z u n,u z u n,u h u n
125_lookv,b a χ,q a r a,q a r a,p ə χ,b a g,b a q,k ø r,b a k,q a r a,q a r a,b a k,q a r a,k ø r,v a q,q a r a,q a r a,k o rʲ,q a r a,k ø r,k ø r,p a χ,q a r a,k ø r,k ø r,q a r a,k ø r,b a k,b a q,k ø r,q a r a,q a r a,k ø r
126_lookforv,a χ t a r,i s t æ,e ð l ɛ,ʃ ɯ r a,i x d a r,q ɯ d ɯ r,k ø r d ø,aː r a,i z l e,i z l e,i z d e,ĭ z d e,t ĭ l e,,i z d e,i z l e,t ĭ l e,i z l e,i s t e,i s t e,i ʃ t æ,t e l e,t i l e,b e d r e,e z l æ,t ĭ l e,a r a,g ø z l e,d i l e,i z d æ,i z l a,k ø r d øː
127_lousen,b i t,,b e t,p ɯ j d ə,b i t,b i t,,,b i j t,b i t,b i t,b i t,p ĭ t,b i t,b i t,b i t,p ĭ t,b i j t,p i j t,b i t,p i tɕ t,p ɯ ʃ t,p i t,b i j t,b e t,b ɯˁ t,b i t,b i t,b ɯ t,p i t,b i t,b ɯ t
128_mann,k i ʃ i,e r,i r + k e ʃ e,a r ʑ ɯ n,e r,e r k e k,e r + k i h i,,e r k e k,e r k i ʃ i,e r k e k,e r k e k,i r + k ĭ z ĭ,h æ r,e r k e k + k i ʃ i,e r k e k,æ r,e r k e k,e r,e r,æ r + k i ʃ i,e r k e k + k i s e,e r + k i ʒ i,e r k i ʒ i,i r + k e ʃ e,e r,e r k e k,e r k e k + a d a m,e r + k i ʒ i,æ r k æ k,e r k a k + k i ʃ i,e r + k i h i
129_many,ʨ o χ,k ø p,k y p,,c ø p,tɕ o q,y g y s,tɕ o k,k ø p,k ø b,k ø p,k ø p,k ø p,,k ø p,k ø p,k o pʲ,k ø p,k ø p,y k y ʃ,k o p,k e p,k ø p,k ø p,k y p,k øˁ p e j,tɕ o k,k ø p,χ ø j,k ø p,k o p,
12_at,d a,t a,d a,r a,d a,,i h i g e r,d a,,d a,d a,,,tɕ a,d a,d a,t a,d a,t a,t a,t a,t a,t a,d a,,d a,t a,d a,d a,d a,,ɣ a
130_meatn,æ t,e t,i t,,e t,e t,e t,,e t,e t,e t,e t,i t,æ t,e t,e t,æ t,e t,e t,e t,e t,j e t,e t,e t,i t,eˁ t,e t,e t,eˁ t,,,e t
131_monthn,a j,a j,a j,u j ə χ,a j,a j,ɯ j,a j,a j,a j,a j,a j,a j,h aː j,a j,a j,a j,a j,a j,a j,a j,a j,a j,a j,a j,a j,a j,a j,a j,a j,ɔ j,ɯ j
132_moonn,a j,a j,a j,u j ə χ,a j,a j,ɯ j,a j,a j,a j,a j,a j,a j,h aː j,a j,a j,a j ɣ a r aː ɣ ə,a j,a j,a j,a j,a j,a j,a j,a j,a j,a j,a j,a j,a j,ɔ j,ɯ j
133_mothern,a n a,e n ɛ,i n æ,a nː e,a nː a,a n a,i nʲ e,a n a,a n a,a n a,a n a,a n a,ĭ ʥ e,,e n e,a n a,i ʥ ɛ m,a n a,e n e,ø g,i ʥ ɛ,a n a,e n e,e n e,a n a,iˁ h e,a nː e,e n e,i j e,a n a,ɔ n a,i j e
134_mountainhilln,d a ɣ,t a w,t a w,t u,t a g,d a ɣ,k a j a,b a j ɯ r,t a w,t a w,t a v,t a w,t a ɣ,t aː ɣ,t oː,t a w,t a ɣ,t a w,t a ɣ,t a ɣ,t a ɣ,t a ɣ,t a ɣ,q ɯ r,t a w,d a ɣ,d a ɣ,d a ɣ,d a ɣ,t a ɣ,t ɔ ɣ,χ a j a
135_mouthn,a ɣ ɯ z,a w ɯ s,a w ɯ ð,ɕ ŏ v a r,a g i s,a ɣ ɯ z,a nʲ a k,aː z,a w ɯ z,a w u z,a v u z,a w ɯ z,aː s,aː ɣ ɯ z,oː z,a w u z,aː ɣ ə s,a w ɯ z,a ɣ ɯ s,a ɣ ɯ z,a ɣ ɯ z,a ɣ ɯ s,a q s ɯ,oː s,a w ɯ z,aː s,a ɣ ɯ z,a ɣ ɯ z,aː s,e ɣ i z,ɔ ɣ i z,a j̃ a χ
136_namen,a d,a t,,j a t,a t,a d,aː t,a d,a t,a t,a d,a t,a t,aː t,a t,a t,a t,a t,a t,a t,a t,a t,a t,a t,a t,a t,a d,a t,a t,a t,ɔ t,aː t
137_narrow,d a r,,t a r,a n z ə r,i n tɕ k a,t a r,k ɯ a r a g a s,d a r,t a r,t a r,t a r,t a r,t a r,t aː r,t a r,t a r,,t a r,ɯ q tɕ a m,t a r,,t a r,t a r,t a r,t a r,t a r,d a r,d a r,t a r,t a r,t ɔ r,k ɯ a r a ɣ a s
138_nasalmucusn,f ɯ r t d ɯ ɢ,,m a ŋ q a,,,,,s y m y k,s i m g i r i k,b u r u n + b o q,b u r u n + j i v i s i,s ĭ ŋ b ĭ r ĭ k,ĭ r ĭ ŋ,b u r ɯ n + s u v ɯ,tɕ i m k i r i k,b u r u n p o q,i r ĭ ŋ,b u r ɯ n b o q,tɕ i m i r i k,j i ŋ,,j e r i n,,tɕ i m i r i k,m a ŋ q a,,s y m y k,s y m y k,d u m aː,m a ŋ q a,m i ʃ i q,s ɯː ŋ k
139_naveln,k ø b æ k,k æ n d i k,k e n d e k,k ŏ v a b a,,k o b e k,,g ø b e k,k i n d i k,k i n d i k,k i n d i k,k ĭ n d ĭ k,k ĭ n,k y n d i k,k i n d i k,g i nː i k,k ĭ n d ĭ k,k i n d i k,k i n d i g,k i n d i k,k i n t i χ,q ɯ n d ɯ q,k i n d i k,q ɯ n,k e n d e k,h i n,g ø b e k,g ø b e k,χ i n,k i n d i k,k i n d i k,k iː n
13_backn,a r χ a,a r ɣ a,a r q a,ɕ u r ə m,a r x a,a r q a,h i s,a r k a,a r q a,s ɯ r t,a r k a,a r q a,a r ɣ a,a r q a,a r q a,a r q a,tɕ aː r ə n,a r q a,a r q a,a r q a,a r ɣ a,a r q a,k ø k s y,b e l,a r q a,oː r h a,a r k a,a r q a,oː r ɣ a,a r q a,ɔ r q a,k ø ɣ y s
140_near,j a χ ɯ n,j a v ɯ q,j a q ɯ n,ɕ ɯ v ə χ,j a o h,j a q u n,tɕ u g a s,j a q ɯ n,ʒ a q ɯ n,ʥ u w u q,j a q ɯ n,ʒ a q ɯ n,tɕ a ɣ ɯ n,,ʥ a q ɯ n,j u w u q,ʨ aː ɣ ə n,j u w ɯ q,ʨ a ɣ ɯ n,j a ɣ u q,j a χ ɯ n,j a q ɯ n,tɕ a ɣ ɯ n,j u u q,j a q ɯ n,tɕ oː ɣ a ʃ,j a k ɯ n,j a q ɯ n,tɕ oː q,j e q i n,j a q i n,tɕ u g a s
141_neckn,b o j u n,m o j u n,m u j ɯ n,m ŏ j,b o j n,b o j u n,m u o j,b o j u n,m o j ɯ n,b o j u n,b o j u n,m o j ɯ n,m o j ɯ n,b uː n,m o j u n,b o j u n,p oː j u n,m o j ɯ n,m o j ɯ n,b o j ɯ n,p o i n ɯ,m o i n,m o j u n,m o j ɯ n,m u j ɯ n,m ø e n,b o j u n,b o j u n,m o j u n,b o j u n,b o j ɯ n,m oː j
142_new,j e n i,j a ŋ a,j a ŋ ɯ,ɕ ĭ n ĭ,j a ŋ i,j a ŋ ɯ,h a ŋ a,j e n i,ʒ a ŋ a,ʥ a ŋ ɯ,j a n ɣ ɯ,ʒ a ŋ a,n aː,j æ ŋ g i,ʥ a ŋ ɯ,j a ŋ ɯ,nʲ aː,j a ŋ ɯ,nʲ a ŋ ɯ,j a ŋ ɯ,j a ŋ ɯ,j a ŋ ɯ,n aː,ʥ a ŋ ɯ,j a ŋ a,nʲ aː,j e n i,,,j e ŋ i,,s a ŋ a
143_nightn,k e ʥ ɛ,t ø n,t ø n,ɕ ø̆ r,t u n,g e ʥ e,t yː n,g e ʥ ɛ,t y n,k e tɕ e,k e ʨ ɛ,t y n,t y n,k iː tɕ æ,t y n,g e tɕ e,t y n,t y n,t y n,t y n,g e ʥ e,t y n,t y n,t y n,t ø n,d y n n e,g e ʥ e,g i ʥ e,d y n e,t y n,k e tɕ a,t yː n
144_nosen,b u r u n,m o r ɯ n,,,b u r u n,b u r u n,m u nː u,b u r n u,m u r ɯ n,b u r u n,b u r u n,m u r ɯ n,p u r u n,b u r ɯ n,m u r u n,b u r u n,p u r u n,b u r ɯ n,b u r u n,b u r u n,p u r n ɯ,q a ŋ r ɯ q,p u r n u,t u m tɕ u q,b o r ɯ n,h aː j,b u r u n,b u r u n,χ aː j,b u r u n,b u r u n,m u r u n
145_not,m a,m a,m a,m a,m a,m a,b a,m a,m a,m a,m a,m a,b a,m a,b a,m a,b a,m a,b a,m a,m a,m a,p a,m a,m a,b a,m a,m a,m a,m a,m a,m a
146_old,,e s k i,i θ k e,k i v ĭ,e s k i,e s k i,e r g e,e s k i,e s k i,e s k i,e s k i,e s k ĭ,i r g ĭ,,e s k i,e s g i,æ r g e,e s k i,e s k i,e s k i,e s k i,e r k e,e s k i,e s k i,i s k e,eˁ r h i,e s k i,,e r g i,æ s k i,e s k i,e r g e
147_one,b i r,p i r,b e r,p ĭ r,b i r,b i r,b iː r,b i r,b i r,b i r,b i r,b ĭ r,p ĭ r,b iː,b i r,b i r,p ĭ r,b i r,p i r,b i r,b i r,p e r,p i r,b i r,b e r,b ĭ r,b i r,b i r,b i r,b i r,b i r,b iː r
148_openv,a tɕ,a ts,a s,u ɕ,a tɕ,a tɕ,a r ɯ j,a tɕ,a ʃ,a tɕ,a tɕ,a ʃ,a s,h a tɕ,a tɕ,a tɕ,a tɕ,a ʃ,a tɕ,a tɕ,a tɕ,a ʃ,a ʃ,,a tɕ,aˁ ʃ,a tɕ,a tɕ,a ʒ ɯ t,a tɕ,ɔ tɕ,a s
149_other,b a ʃ ɢ a,p a ʃ q a,b a ʃ q a,u r ə χ,o z g a,b a ʃ q a,a t ɯ n,b a ʃ k a,b a s q a,b a ʃ χ a,b a s k a,b a s q a,p a s χ a,iː z æ,b a ʃ q a,b a ʃ ɣ a,p a s q ə,b a s q a,a r t a n,a d ɯ n,a r t ɯ n ʥ ɯ,,p a ʃ q a,ø s k ø,b a ʃ q a,b aˁ ʃ q a,b a ʃ q a,b a ʃ ɢ a,ø s k e,b a ʃ q a,b ɔ ʃ q a,a t ɯ n
14_bad,j a m a n,j a m a n,a l a m a,,i a m a n,j a r a m a j,k u h a g a n,,ʒ a m a n,a m a n,j a m a n,ʒ a m a n,,,ʥ a m a n,j a m a n,ʨ y β y r,j a m a n,ʥ a m a n,j a m a n,j a m a n,j u s,tɕ a b a l,ʥ a m a n,j a m a n,ʨ a r aː n d a,k ø t y,j a m a n,b a ɣ a j,j a m a n,j ɔ m ɔ n,k u h a ɣ a n
150_personn,,k i ʃ i,k e ʃ e,ɕ ɯ n,k i s i,,k i h i,,,,k i ʃ i,k ĭ s ĭ,k ĭ z ĭ,,k i ʃ i,g i ʃ i,k ĭ z ĭ,k i s i,k i ʒ i,k i ʃ i,k i ʃ,k i s e,k i ʒ i,k i ʒ i,k e ʃ e,k i ʃ i,k i ʃ i,,k i ʒ i,k i ʃ i,k i ʃ i,k i h i
151_playv,o j n a,o j n a,u j n a,v ɯ lʲ a,o j n a,o j n a,oː j nʲ oː,o j n a,o j n a,o j n a,o j n a,o j n a,o j n a,oː n a,o j n a,o j n a,o j n a,o j n a,o j n a,o j n a,o j n a,o j n a,o j n a,o j n o,u j n a,o j n a,o j n a,o j n a,o j n a,o j n a,ɔ j n a,oː n nʲ oː
152_pullv,tɕ æ k,t a r t,t a r t,t u r t,t a r t,t a r t,t a r t,tɕ e k,t a r t,t a r t,t a r t,t a r t,t a r t,tɕ æ k,t a r t,t a r t,t a r t,t a r t,t a r t,t a r t,t aː t,t a r t,t a r t,t a r t,t a r t,t ɯˁ r t,tɕ e k,d a r t,t ɯ r t,t a r t,t ɔ r t,t a r t
153_pusn,i r i n,æ r æ ŋ,e r e n,p y r,,i r i n,,i j r i n,i r i ŋ,i r i n,i r i n,ĭ r ĭ ŋ,ĭ r ĭ ŋ,,i r i ŋ,i r i n,,i r i n,,j i r i ŋ,j i r e ŋ,,i r i ŋ,i r i ŋ,e r e n,i r i ŋ,i r i n,i r i ŋ,i r i ŋ,ʒ i r i ŋ,j i r i ŋ,i r i ŋ e
154_pushv,i t æ l æ,,e t,t ø̆ k,,i t e r,y t,i t i r,i j t e r,t e b e r,i j t,i t e r,ĭ t,,i t e r,t e b e r,i t l e,i j t e,i t,,i ʃ t,i ʃ i t,i t,i j t,e t ɛ r,iˁ t,i t,i t e l e,i t,i ʃ t æ r,i t a r,a s
155_putonv,k e j,k æ j,k e j,t ŏ ɣ ŏ n,k e j,k i j,k e t,g i j,k i j,k i j,k i j,k i j,k i s,k æ d,k i j,g i j,k æ sʲ,k i j,k i j,k e d,k i j,k e z,k e s,k i j,k i j,k e t,g i j,g e j,k e t,k i j,k i j,k e t
156_rainn,j a ɣ ɯ s,j a n ɣ ɯ r,j a m ɣ ɯ r,ɕ u m ə r,j a m g u r,j a ɣ ɯ s,h a m ɯː r,j aː m u r,ʒ a w ɯ n,ʥ a ŋ u r,j a m ɣ u r,ʒ a ŋ b ɯ r,n a ŋ m ɯ r,j a ɣ ɯ s,ʥ a m ɣ ɯ r,j a ŋ u r,s u ɣ,j a m ɣ ɯ r,nʲ a ŋ m ɯ r,j a ɣ m u r,j a ɣ m u r,j a ɣ m ɯ r,n a ɣ b u r,ʥ aː ʃ,j a ŋ g ɯ r,øˁ s k e n,j a ɣ m u r,j a ɣ ɯ s,,j a m ɣ u r,j ɔ m ɣ i r,s a m ɯː r
157_raw,tɕ i j,j æ ʃ,s e j,tɕ ĭ r ĭ,tɕ i j g,tɕ i j,h iː k e j,tɕ iː,ʃ i j k i,tɕ i j,tɕ ɯ j,ʃ i k ĭ,tɕ ĭ g,,tɕ i j k i,tɕ i j,,ʃ i j,tɕ i g,j i g,,,tɕ ɯ ɣ,tɕ i j,tɕ i,tɕ i ɣ,tɕ ɯ ɣ,tɕ ɯ ɣ,tɕ i g,,,s iː k e j
158_red,,q ɯ z ɯ l,q ɯ ð ɯ l,χ ĭ r l ĭ,q e z e l,k ɯ z i l,k ɯ h ɯ l,,q ɯ z ɯ l,q ɯ z ɯ l,k ɯ z ɯ l,q ɯ z ɯ l,χ ɯ z ɯ l,q ɯ z ɯ l,q ɯ z ɯ l,q ɯ z ɯ l,q ĭ z ĭ l,q ɯ z ɯ l,q ɯ z ɯ l,q ɯ z ɯ l,q ɯ s ɯ l,q ɯ z ɯ l,q ɯ z ɯ l,q ɯ z ɯ l,q ɯ z ɯ l,q ɯ z ɯ l,,ɢ ɯ z ɯ l,q ɯ z ɯ l,q i z i l,q i z i l,k ɯ h ɯ l
159_remainv,ɢ a l,q a l,q a l,j u l,a r t,q a l,k aː l,k a l,q a l,q a l,k a l,q a l,χ a l,q aː l,q a l,q a l,q a l,q a l,q a l,q a l,q a l,q a l,q a l,a r t,q a l,q a l,k a l,ɢ a l,a r t ɯ p + q a l,q a l,q ɔ l,χ aː l
15_barkn,ɢ a b ɯ ɢ,q a b ɯ q,q a b ɯ q,χ u b ə,c a b u c,q a b u q,k a t ɯ r ɯ k,k a b u k,q a b ɯ q,q a b u q,k a b u k,q a b ɯ q,χ a χ p a s,q aː a s,q a b ɯ q,q a b u q,q a q β a ʨ,q a b ɯ q,q a ɣ a ʃ,q a d ɯ z,k o χ,q a z d ɯ q,q a q p a ʃ,tɕ o b r a,q a b ɯ q,ʨ øˁ p r ɛː,k a b u k,ɢ a b ɯ q,ʨ ø v y r eː,q o v z a q,,χ a t ɯ r ɯ k
160_right,s a ɣ,o ŋ,u ŋ,s ɯ l d ə m,o ŋ,o ŋ,u ŋ a,s a a + t a r a f,o ŋ,o ŋ,o n,o ŋ,o ŋ,b o d,o ŋ,o ŋ,o ŋ,o ŋ,o ŋ,o ŋ,s ɯ χ,o ŋ,o ŋ,o ŋ,u ŋ,o ŋ,s a ɣ,s a ɣ,o ŋ,o ŋ,o ŋ,u ŋ a
161_ripev,j e t i ʃ,p i ʃ,b e ʃ,p ĭ ɕ,b i s,p i ʃ,b u s,o l ɣ u n l a ʃ,p i s,b i ʃ,j e t i l,p ĭ s,p ɯ s,,b ɯ ʃ,b i ʃ,p ĭ s,p i s,p ɯ ʃ,b ɯ ʃ,p i ʃ,,p ɯ ʃ,b ɯ ʃ,p e ʃ,b ɯˁ ʃ,o l g u n l a ʃ,b i ʃ,b ɯ ʃ,p i ʃ,p i ʃ,b u s
162_risev,tɕ ɯ χ,k y t i r i l,k y t æ r e l,χ ŏ b a r,,k ø t e r i l,ɯ t ɯ n,p i n,k ø t e r i l,tɕ ɯ q,k e t i r i l,k ø t e r,ø r l e,h i n,k ø t ø r y l,g ø t e r,,k ø t e r i l,k ø d y r y l,ø r,χ u p,ø r l e,ø r l e,tɕ ɯ q,k y t æ r e l,y n,tɕ ɯ k,tɕ ɯ q,k ø d y r y l,k ø t y r y l,q o t a r i l,ø r ø + t a ɣ ɯ s
163_rivern,tɕ a j,s u,j ɯ l ɣ a,ʃ ɯ v,o k u s,ø z e n,e b e,,ø z e k,s u w,ø z æ n,ø z e n,s u ɣ,ʨ ɔː b ɔː n,s uː,ø z e n,tɕ u l,s u w,s u ɣ,ø g y z,u z e n,s u,s u ɣ,s uː,j ɯ l ɣ a,h e m,ɯ r m a k,,χ e m,s u,,ø r y s
164_rootn,k ø k,t a m ɯ r,t a m ɯ r,t ɯ m a r,t u b,t a m ɯ r,h i l i s,k ø k,t a m ɯ r,t a m ɯ r,t a m u r,t a m ɯ r,,,t a m ɯ r,t a m u r,tɕ ə l t ə s,t a m ɯ r,t a z ɯ l,j ɯ l t ɯ z,o z e χ,j ɯ l t ɯ s,tɕ ɯ l t ɯ s,t a z ɯ l,t a m ɯ r,s ɯ l d ɯ s,k ø k,k ø k,d a z ɯ l,t o m u r,i l d i z,s i l i s
165_ropen,i p,j i p,b a w,p ŏ j a v,ø r k e n,a r q a n,b ɯ a,tɕ a t ɯ,b a w,,j i p,b a w,p a ɣ,,ʥ i p,a r q a n,p a ɣ,b a w,p a ɣ,u r u q,u r u χ a n,p a ɣ,p a ɣ,b uː,b a w,b a ɣ,i p,j y p,χ e n d i r,,a r q ɔ n,b ɯ a
166_round,d ø v r e l i,,t u m a l a q,ɕ a v r a g a,t e g i r m a,t o m a l a q,t ø g y r y k,j u v a r l a k,d o m a l a q,,j u m a l a k,d o m a l a q,n ɯ m a l a χ,g i l d i r,t e g e r e k,,ʨ u m a q,t ɯ m a l a q,,t e ɣ i r m i,,,,t e ɣ e r i k,j o m r ɯ,t øː r e j,j u v a r l a k,,,d o m u l a q,d u m a l ɔ q,t ø g y r y k
167_runv,ɢ a ʨ,j ø g i r,j y g e r,tɕ u p,j u g u r,tɕ a p,h yː r,k a tɕ,ʒ u w ɯ r,tɕ a p,tɕ a p,ʒ y g ĭ r,tɕ y g y r,j iː r,ʥ y g y r,tɕ a p,tɕ y g y r,ʃ a p,tɕ y g y r,j y g y r,ʒ y k y r,q a j l a,tɕ y g y r,ʥ y g y r,j ø g e r,s u n,k o ʃ,ɯ l ɣ a,m a ŋ n a,tɕ a p,tɕ ɔ p,s yː r
168_saltn,d u z,,t o ð,t ŏ v a r,t u s,t u z,t yː s,t u z,d u z,t u z,t u z,t u z,t u s,t uː z,t u z,t u z,t u s,t u z,t u s,t u z,d u z,t u z,t u s,t u s,t o z,t u s,t u z,d u z,d u s,t u z,t u z,t uː s
169_sandn,ɢ u m,q u m,q o m,χ ə j ə r,k u m,q u m,k u m a k,k u m,q u m,q u m,k u m,q u m,χ u m,,q u m,χ u m,q u m,q u m,q u v a q,q u m,k u m,q u m,q u m a q,,q o m,h u m,k u m,tɕ æ g e,,q u m,q u m,k u m a χ
16_bellyn,ɢ a r ɯ n,e ʨ,e s,χ ɯ r ə m,c a r e n,q u r s a q,i s,k a r n ɯ,i ʃ,q a r ɯ n,k u r s a χ,ĭ s,ĭ s t ĭ,q aː r ɯ n,i tɕ,q u r s a q,q aː r ə n,i ʃ,i tɕ,q a r ɯ n,χ u s a χ,i tɕ i g e,q u r s a q,i tɕ,q o r s a q,iˁ ʃ t ĭ,k a r ɯ n,i tɕ,i ʒ i n,i tɕ,q ɔ r i n,i s
170_sayv,d e,æ j t,æ j t,t e,a j t,a j t,d i e,d e,a j t,a j t,a j t,a j t,tɕ oː χ t a,h aː j,a j t,d e,a j t,a j t,a j t,t eː,e j i ʃ a,a j t,a j t,a j t,æ j t,d e,d e,a j t,tɕ u ɣ aː l a,e j t,a j t,d i e
171_scratchv,ɢ a ʃ ɯ,,t ɯ r n a,χ ɯ ɕ,,q a ʃ ɯ,,k a ʃ ɯ,q a s ɯ,q a ʃ ɯ,k a ʃ ɯ,q a s u,t ɯ r b a,q a ʃ u,q a ʃ ɯ,χ a ʃ ɯ,t ə r β ə q t a,q a s ɯ,t ɯ r b a,,,t ɯ r n a,t ɯ r b a q t a,t ɯ r m a,q a ʃ u,,k a ʃ ɯ,ɢ a ʃ a,,q a ʃ l a,q a ʃ i,t a r b aː
172_sean,d æ n i z,t æ ŋ g i s,d i ŋ g e ð,,t e n g i s,d e ŋ i z,,d e n i z,t e ŋ i z,t e ŋ i z,t e n g i z,t e ŋ ĭ z,,,d e ŋ i z,d e ŋ i z,,t e ŋ i z,t e ŋ i s,,,,,t e ŋ i s,d i ŋ g e z,,d e n i z,d e ŋ i z,,d e ŋ i z,d e ŋ i z,
173_seev,gʲ ø r,k ø r,k y r,k u r,k o r,k ø r,k ø r,g ø r,k ø r,k ø r,k ø r,k ø r,k ø r,k e r,k ø r,g ø r,k o rʲ,k ø r,k ø r,k ø r,k ø r,k ø r,k ø r,k ø r,k y r,k ø r,g ø r,g ø r,k ø r,k ø r,k o r,k ø r
174_seedn,,,o r l o q,v ŏ r ŏ,u r u,u r l u q,,,,u r l u q,u r l u k,u r ɯ q,,,u r u q,u r l u q,,u r l ɯ q,,u r u ɣ,u r l u χ,,,,o r l ɯ q,,,,,u r u q,u r u ɣ,
175_sewv,t i k,t i k,t e k,ɕ ĭ l e,t i k,t i k,t i k,d i k,t i k,t i k,t i k,t ĭ k,t ĭ k,t i k,t i k,t i k,t ĭ k,t i k,t i k,,t i χ,t e k,t i k,k ø k t ø,t e k,d aː r a,d i k,t i k,d aː r a,t i k,t i k,t i k
176_shadeshadown,k ø l k æ,,k y l æ g æ,ø̆ m ø̆ l g e,c o l æ g e,k o lʲ g e,k y l y k,g ø l g æ,k ø l e ŋ k e,k ø l e kː e,k ø l e g e,k ø l e ŋ k e,k ø l e k,,k ø l ø k ø,g ø l e n t g i,k eː l ĭ g,k ø l e t k i,k ø l ø t k ø,k ø l i g e,,k y l e h k e,k ø l e k,k ø l ø t k i,k y l æ g æ,h ø l e g e,g ø l g e,k ø l e g e,χ ø l e g e,k ø l æ ŋ k æ,,k y l y k
177_sharp,i t i,,y t k e r,ɕ i v ɘ ʨ,j i t i,k e s k i n,h ɯ t ɯː,k e s k i n,ø t k i r,ʥ i t i,i t i,ø t k ĭ r,tɕ ĭ t ĭ g,j i t d i,ø t k y r,i tː i,tɕ ĭ d ĭ ɣ,ø t k i r,ø t k y r,j i t i,,ɯ ʃ t ɯ ɣ,tɕ i d i g,ø t k y r,y t k e n,ʨ iˁ t ĭ,k e s k i n,j i t i,tɕ i d i g,ø t k y r,o t k i r,s ɯ t ɯː
178_short,ɢ ɯ s a,q a r s a q,q ɯ s q a,k ĭ s k e,k i z k a,q ɯ s q a,k ɯ l g a s,k ɯ s a,q ɯ s q a,q ɯ s χ a,k ɯ s k a,q ɯ ʃ q a,χ ɯ s χ a,,q ɯ s q a,q ɯ s ɣ a,q ə s q a,q ɯ s q a,q ɯ s q a,q ɯ s g a,χ ɯ s χ a,q ɯ s q a,q ɯ s q a,q ɯ s χ a,q ɯ s q a,q ɯˁ s q a,q ɯ s a,ɢ ɯ s ɢ a,q ɯ s q a,q i s q a,,k ɯ l g a s
179_shouldern,tɕ i j i n,j a w r ɯ n,i ŋ b a ʃ,χ u l b u ɕː i,,o m u z,h a nː ɯ,o m u z,i j i n,i m b a ʃ,iː n,i j ĭ n,i ŋ n ĭ,,i j i n,i n b a ʃ,ɛ ŋ n ĭ,i j i n,ʥ a r ɯ n,e g i n,j a ɣ r ɯ,i g e n,ø ʃ t y,i j i n,i ŋ b a ʃ,øˁ h y n,o m u z,e g i n,e g i n,h ø ʃ n æ,j e l k a,s a r ɯ n
17_big,b ø j y k,u l ɯ,,p ɯ z ə k,u l u,b y j y k,u l a k a n,b y y k,y l k e n,u l l u,u l l u,y l k e n,u l u ɣ,b y d y k,,u l l u,u l u ɣ,y j k e n,,u l u ɣ,u l l ɯ,p e z i k,u l u ɣ,,,u l u ɣ,b y j y k,u l ɯ,u l u ɣ,,,u l a χ a n
180_singv,o χ u,j ɯ r l a,j ɯ r l a,j u r l a,i r l a,j ɯ r l a,ɯ l l aː,ʨ a l,a j t,ʥ ɯ r l a,s a r n a,a j t,s a r n a,h o q u,ɯ r d a,j ɯ r l a,ə r l a,j ɯ r l a,s a r ɯ n a,j ɯ r l a,,j ɯ r l a,s a r n a,q o ʒ o n d o,ʥ ɯ r l a,ɯ r l a,ʃ a r k ɯ + s ø j l e,a j t,ɯ r l a,n a χ ʃ a + e j t,a ʃ u l a + a j t,ɯ l l aː
181_sitv,o t u r,o t ɯ r,u l t ɯ r,l a r,o l t u r,o t u r,o l o r,o t u r,o t ɯ r,o l t u r,o l t u r,o t ɯ r,o d ɯ r,j u o r,o l t u r,o l t u r,oː l u r,o l t ɯ r,o t u r,o l u r,o t ɯ r,o l t u r,o d u r,o t ɯ r,u t ɯ r,o l u r,o t u r,o t u r,o l u r,o l t u r,o t i r,o l o r
182_skinhiden,d æ r i,t æ r i,t i r e,t i r ĭ,b i l a w,t e r i,t i r iː,d e r i,t e r i,t e r i,t e r i,t e r ĭ,t eː r,t æ r i,t e r i,t e r i,tɕ a m a ɣ,t e r i,t e r e,t e r i,t i r,t e r i,t e r e,t e r e,t i r e,k eˁ ʃ,d e r i,d e r i,k e ʃ,t e r æ,t e r i,t i r iː
183_skyn,gʲ ø j,k ø k,k y k,t y b e,k o k,k o k,k a lː aː n,g ø k,,k ø k,k ø k,,t i g ĭ r,,k ø k,k ø k,k u nʲ,k ø k,k ø k,k ø k,,t e ŋ i r,t e g r i,t e ŋ e r i,k y k,d eː r e,g ø k,,d eː r,,,χ a lː aː n
184_sleepv,j a t,j o q l a,j o q l a,ɕ ɯ v ə r,u j u,j u q l a,u t u j,u j u,u j q ɯ l a,ʥ u q l a,j u k l a,u j ɯ q t a,u z u,j a t,u q t a,j u χ l a,u z u,u j q l a,u j q t a,u d ɯ,u χ l a,u z u,u z u,u j u χ t a,j o q l a,u d u,u j u,u q l a,u d u,u χ l a,u χ l a,u t u j
185_small,k i tɕ i k,k i ʨ y,b æ l æ k æ j,,k i tɕ e,u f a ʨ ɯ q,k y tʃː y g y j,k y ʨ y ʥ y k,k i ʃ k e n e,g i t tɕ e,k i tɕ i,k ĭ ʃ k e n e,k ĭ ʨ i ʥ e k,,k i ʨ i n e k e j,g i tʃː i,k ĭ tɕ eː tɕ,k i ʃ k e j,k i ʥ i g,k i tɕ i g,k i tɕ i,k i tɕ i g,k i tɕ i g,k i ʨ i,k e tɕ k e n æ,,k y tɕ y k,k i ʨ i ʥ i k,,k i tɕ i k,k i tɕ k i n a,k u tʃː u g u j
186_smellv,d u j,,h i ð,s i s,,s e z,b i l,d u j,s e z,s e z,s e s,s e z,s i z ĭ n,,s e z,s e z,,s e z,s e s,,,t u j,s e s,s e z,s i z,,d u j,s ɯ z,tɕ ɯ d ɯː,s æ z,s e z,b i l
187_smoken,t y s t y,t ø t i n,t ø t ø n,t ø̆ d ø̆ m,t u t u m,t y t y n,b u r u o,t y t y n,t y t i n,t y t y n,t y t y n,t y t ĭ n,t y d y n,t i t y n,t y t y n,t y t y n,t y d y n,t y t i n,t y d ø k,t y t y n,ts y ts y n,ɯ s,t y d y n,ɯ ʃ,t ø t e n,ɯ ʃ,d u m a n,t y s s e,ɯ ʃ,i s,t u t u n,b u r u o
188_smooth,,t a q ɯ r,t i g e ð,j a g a,,t e g i z,t e n i g i r,d y z,t e g i s,s ɯ j d a m,t y z,t e g ĭ s,t y s,,t e g i z,t e g i ʃ,,t e g i s,t y s,,t i z,t y s,s ɯ l a ɣ a j,t y s,,k i l e g e r,d y z,t e k i z,q ɯ l a ŋ,t e q i s,t e k i s,k ɯ l aː kː a j
189_snaken,i l a n,j ɯ l a n,j ɯ l a n,ɕ ĭ l e n,i l a n,j ɯ l a n,,j ɯ l a n,ʒ ɯ l a n,ʥ ɯ l a n,j ɯ l a n,ʒ ɯ l a n,tɕ ɯ l a n,j i l aː n,ʥ ɯ l a n,j ɯ l a n,u z u n ɣ u r t,j ɯ l a n,tɕ ɯ l a n,j ɯ l a n,j i l a n,j ɯ l a n,tɕ ɯ l a n,ʥ ɯ l a n,j ɯ l a n,tɕ e r + b a l ɯː,j ɯ l a n,j ɯ l a n,tɕ ɯ l a n,i l a n,i l ɔ n,e r i e n + y ø n
18_birdn,ɢ u ʃ,q u ʃ,q o ʃ,k a j ə k,k u s,q u ʃ,k ø t ø r,k u ʃ,q u s,q a n a t l ɯ,k u ʃ,q u s,χ u s,,q a n a t t uː,q u ʃ,q u s,q u s,q u ʃ,q u ʃ,q u ʃ,q u s,q u ʃ,q u ʃ,q o ʃ,q uˁ ʃ q a ʃ,k u ʃ,ɢ u ʃ,q u ʃ,q u ʃ,q u ʃ,k ø t ø r
190_snown,ɢ a r,q a r,q a r,j u r,q a r,q a r,k aː r,k aː r,q a r,q a r,k a r,q a r,χ a r,q aː r,q a r,q a r,q a r,q a r,q a r,q a r,q a r,q a r,q a r,q a r,q a r,q a r,k a r,ɢ a r,χ a r,q a r,q ɔ r,χ aː r
191_soft,j u m ʃ a ɢ,,j o m ʃ a q,ɕ e m ʑ e,j u m s a k,j ɯ m ʃ a q,i m i g e s,j ɯ m ɯ ʃ a k,ʒ u m s a q,ʥ u m u ʃ a q,i m ʃ a χ,ʒ u m s a q,n ɯ m z a χ,,ʥ u m ʃ a q,j ɯ m ɯ ʃ a q,tɕ ə m tɕ a q,j u m s a q,,j u m ʃ a q,m i tɕ e χ,j u m s a q,tɕ ɯ m tɕ a q,ʥ ɯ m ʃ a χ,j o m ʃ a q,ʨ ɯ m ʥ a q,j u m u ʃ a k,j u m ʃ a q,tɕ ɯ m tɕ a q,j u m ʃ a q,j u m ʃ ɔ q,s ɯ m n a ɣ a s
192_soilearthn,j e r,j e r,j e r,ɕ ĭ r,j e r,j e r,h i r,j e r,ʒ e r,ʥ e r,j e r,ʒ e r,tɕ i r,j e r,ʥ e r,j e r,tɕ æ r,j e r,tɕ e r,j e r,,j e r,tɕ e r,ʥ e r,ʥ i r,tɕ e r,j e r,j e r,d o v u r a q,j æ r,j e r,s i r
193_sour,,,æ s e,j y ʑ ĭ,,e k ʃ i,a h ɯː,iː ʃ i,,m ɯ s t ɯ,k u ʥ u r,q ɯ ʃ q ɯ l,a tɕ aː n,,q ɯ tɕ q ɯ l,a tʃː ɯ,a tɕ ə ɣ,a ʃː ɯ,a ʥ ɯ ɣ,,,a tɕ ɯ ɣ,a tɕ ɯ ɣ,a tɕ u,æ tɕ e,a ʥ ɯ ɣ,e k ʃ i,,a ʒ ɯ ɣ,a tʃː i q,,a h ɯː
194_spinv,æ j i r,,j e p + i l ɛ,a r l a,,j i p + ʨ i j r a t,,i p l i k + i ʃ l e,i j i r,i j i r,iː r,i j ĭ r,iː r,h æ j i r,i j r,i j i r,i r,i j i r,i j i r,,,,iː r,iː r,e r l æ,eː r,e j i r,e g i r,,e g æ r,i j g i r,ø r
195_spitv,t y p y r,t ø k y r,t ø k ø r,s u r,,t y k y r,,t y k y r,t y k i r,t y k y r,t i k i r,t y k ĭ r,t y k y r,,t y k y r,t y k y r,t y k u rʲ,t y k i r,t y k y r,s o d,t y χ o r,t y d e s t e,t y kː y r,t y k y r,t ø k e r,t y kː y r,t y k y r,t y j k y r,,t y k y r,t u p u r,s i lː eː
196_standv,d u r,t o r,t o r,t ŏ r,t u r,t u r,t u r,d u r,t u r,t u r,t u r,t u r,t u r,t u r,t u r,t u r,t u r,t u r,t u r,t u r,d ɯ r,t u r,t u r,t u r,t o r,t u r,d u r,d u r,t u r,t u r,t u r,t u r
197_starn,u l d u z,,j o n d o ð,ɕ ŏ l d ŏ r,j u l d u s,j ɯ l d ɯ z,h u l u s,j ɯ l d ɯ z,ʒ u l d ɯ z,ʥ u l d u z,j u l d u z,ʒ u l d ɯ z,tɕ ɯ l t ɯ s,j u l d u z,ʥ ɯ l d ɯ z,j u l d u z,tɕ ə l t ə s,j u l d ɯ z,j ɯ l d ɯ s,j u l t u z,j u l t u s,j u l t ɯ s,tɕ ɯ l t ɯ s,ʥ ɯ l d ɯ s,j o l d ɯ z,s ɯ l t ɯ s,j ɯ l d ɯ z,j ɯ l d ɯ z,s ɯ l d ɯ s,j u l t u z,j u l d u z,s u l u s
198_stickn,a ɣ a ʥ,t a j a q,t a j a q,p a d a k,tɕ i b u q,t a j a q,m a s,s o p a,t a j a q,t a j a q,t a j a k,t a j a q,t a j a χ,h a ɣ a tɕ,t a j a q,t a j a q,aː tɕ,t a j a q,t a j a q,ɯ ɣ a tɕ,p e ŋ g a r,ʥ o m a q,t a j a q,t a j a q,t a j a q,t a j a q,s o p a,t a j a q,d a j a ŋ ɣ ɯː ʃ,t a j a q,t a j ɔ q,
199_stonerockn,d a ʃ,t a ʃ,t a ʃ,tɕ u l,t a s,t a ʃ,t aː s,t a ʃ,t a s,t a ʃ,t a ʃ,t a s,t a s,t aː ʃ,t a ʃ,t a ʃ,t a s,t a s,t a ʃ,t a ʃ,t a ʃ,t a s,t a ʃ,t a ʃ,t a ʃ,d a ʃ,t a ʃ,d a ʃ,d a ʃ,t a ʃ,t ɔ ʃ,t aː s
19_bitev,d i ʃ l æ,,t e ʃ l æ,ɕ ɯ r t,t i s l a,t i ʃ l e,ɯ t ɯ r,d a l a,t i s l e,q a p,t i ʃ l e,t ĭ s t e,ɯ z ɯ r,,t i ʃ t ø,χ a p,q a p,t i s l e,t i ʃ t e,t i ʃ l e,tɕ ɯː ʃ l e,t e s t e,ɯ z ɯ r,t i ʃ t e,t e ʃ l æ,ɯˁ s ɯ r,ɨ s ɯ r,d i ʃ l e,ɯ z ɯ r,tɕ i ʃ l æ,t i ʃ l a,ɯ t ɯ r
1_fingernailn,d ɯ r n a ɢ,,t ɯ r n a q,tɕ ĭ r n e,t e r m a c,t ɯ r n a q,t ɯ ŋ ɯ r a k,t ɯ r n a k,t ɯ r n a q,t ɯ r n a q,t ɯ r n a k,t ɯ r n a q,t ɯ r ɣ a χ,t ɯ r n a q,t ɯ r m a q,t ɯ r n a q,t ə r ɣ a q,t ɯ r n a q,t ɯ r ɣ a q,t ɯ r ŋ a q,t ɯ r n a χ,t a r m a q,t ɯ r b a q,t ɯ r m a χ,t ɯ r n a q,d ɯ r b a q,t ɯ r n a k,d ɯ r n a q,d ɯ r ɣ a q,t i r m a q,t i r n ɔ q,t ɯ ŋ ɯ r a χ
200_straight,d y z,t u r ɯ,t u r a,t y r ĭ,t u z,d o ɣ r u,k ø n ø,d oː r u,t u w r ɯ,t y z,d o ɣ r u,t y z u,k ø n ĭ,,t y z,t y z,q a β a r t a,t u w r a,t y s,,t i z e r,t o z,t y s,t y s,t u r ɯ,h ø n y,d y z,g ø n i,d o r t,t o ɣ r i,t o ɣ r i,k ø n ø
201_suckv,s o r,,h u r,ø̆ m,,e m,e m,e m,s o r,e m,e m,s o r,s o r,s u o r,s o r,s o r,s o r,s o r,s o r,s o r,,e m,s o r,s oː r,s u ɯ r,s o r,e m,s o r,s o r,ʃ o r a,s o r,e m
202_sunn,gʲ y n,q o j a ʃ,q o j a ʃ,χ ø̆ v e l,k u n,k y n e ʃ,k y n,g y n,k y n,k y n,k u j a ʃ,k y n,k y n,k y n,k y n,g y n,k u nʲ ɣ a r aː ɣ ə,k y n,k y n,k y n,k u n,k y n,k y n,k y n,q o j a ʃ,h y n,g y n e ʃ,g y n,χ y n,k y n,q u j ɔ ʃ,k y n
203_swallowv,u d,j u t,j o t,ɕ ŏ t,,j u t,ɯ nʲ ɯ r,j u t,ʒ u t,ʥ u t,j u t,ʒ u t,a z ɯ r,j uː t,ʥ u t,j u t,a z ɯ r,j u t,j y t,s i ŋ i r,u χ,,oː r t a,ʥ u t,j o t,b aˁ t ɯ r,j u t,j u w u t,a ʒ ɯ r,ʒ u t,j u t,ɯ j̃ ɯ h ɯ n
204_sweet,,t a t l ɯ,t a t l ɯ,p ɯ l a k,t a t l i,t a t l ɯ,m i n nʲ i g e s,t a t l ɯ,,t a t l ɯ,t a t l ɯ,t æ tː ĭ,t a d ɯ l ɯ ɣ,,t a tː uː,t a t l i,t aː d l ə ɣ,t æ t l i,t aː tː u,t a t ɯ ɣ l ɯ ɣ,t æ lː i,t a tː ɯ ɣ,,t a t u,t a t l ɯ,t a d ɯ ɣ l ɯ ɣ,t a t l ɯ,s y j ʥ i,,,,m i n nʲ i g e s
205_swellv,ʃ i ʃ,,ʃ e ʃ,ʃ ɯ ɕ,k o b,ʃ i ʃ,,ʃ i ʃ,i s,k ø b,s i s,ĭ s,s ĭ s,ʃ ɯ ʃ,ʃ i ʃ,ʃ i ʃ,k o pʲ,s i s,t i ʒ i,s ɯ ʃ,,s ɯ z,ʃ i ʃ,t i ʒ i,ʃ e ʃ,ɯ ʃ,ʃ i ʃ,tɕ i ʃ,ɯ ʃ,i ʃː æ,ʃ i ʃ,i s
206_swimv,y z,j y s,j ø ð,,j u z,j a l d a,k ø p,y z,ʒ y z,ʥ y z,j y z,ʒ y z,tɕ y s,k i r u n,s y z,j y z,tɕ y s,j a l d a,j y s,j y z,tɕ u m,q a j,tɕ y s,ʥ y s,j ø z,eˁ h i n,j y z,j y z,e ʃ t,y z,s u z,
207_tailn,ɢ u j r u ɢ,q u j r ɯ q,q o j r o q,χ y r e,c u j r u g,q u j r u q,k u t u r u k,k u j r u k,q u j r ɯ q,q u j r u q,k u j r u k,q u j r ɯ q,χ u z u r u χ,q u r d u q,q u j r u q,q u j r u q,q u z u r u q,q u j r ɯ q,q u j r u q,q u d r u q,q u r u χ,q u z u r u q,q u z u r u q,q u j r u q,q o j r ɯ q,q u d u r u q,k u j r u k,ɢ u j r u q,q u d u r u q,q u j r u q,,k u t u r u k
208_takev,g ø t y r,a l,a l,i l,a l,a l,ɯ l,a l,a l,a l,a l,a l,a l,a l,a l,a l,a l,a l,a l,a l,a l,a l,a l,a l,a l,a l,a l,a l,a l,a l,ɔ l,ɯ l
209_tall,j y k s æ k,b ø j e k,b e j e k,ɕ y lː ĭ,,j y k s e k,y r d y k,yː s e k,b i j i k,m i j i k,b i j i k,b i j ĭ k,p ø z ĭ k,,b i j i k,b i j i k,p øː z y k,b i j i k,eː s,b e d y k,p iː χ i,ɯ r l i ɣ,m ø z y k,b i j i k,b i j e k,b e d ĭ k,j y k s e k,b e j i k,b e d i k,e g i z,,y r d y k
20_bitter,a tɕ ɯ,,æ s e,j y ʑ ĭ,a tɕ i,a ʥ ʥ ɯ,a h ɯː,a ʥ ɯ,a ʃ ʃ ɯ,a tɕ ɯ,a tɕ tɕ ɯ,a ʃ ʃ ɯ,a tɕ ɯ ɣ,h aː tɕ u ɣ,a tɕ uː,a tɕ tɕ ɯ,a tɕ ə ɣ,a ʃ ʃ ɯ,a ʥ ɯ ɣ,a tɕ ɯ ɣ,aː ʥ ɯ,a tɕ ɯ ɣ,a tɕ ɯ ɣ,a tɕ u,a tɕ ɯ,a ʥ ɯ ɣ,a ʥ ɯ,a ʥ ɯ,a ʒ ɯ ɣ,a tɕ tɕ i q,a tɕ tɕ i q,a h ɯː
210_tearv,j ɯ r t,j ɯ r t,j ɯ r t,ɕ u r,,j ɯ r t,k a j ɯ t,j ɯ r t,ʒ ɯ r t,ʥ ɯ r t,j ɯ r t,ʒ ɯ r t,tɕ ɯ r t,h i z,ʥ ɯ r t,j ɯ r t,y s,j ɯ r t,ʥ ɯ r t,y z,,j u z,y s,ʥ ɯ r t,j ɯ r t,ɯ r,j ɯ r t,j ɯ r t,o r,ʒ i t,j i r t,χ a j ɯ t
211_that,o,u l,t e g e,l e ʃ,o l,o,o l,o,o l,o l,o l,a n a w,o l,o,t i g i,o,t æ ɣ,o l,o l,o l,v u,o l,o l,o l,t e g e,o l,o,o l,d øː,u,o,o l
212_there,o r a d a,a n d a,u n d a,u n d a,,a n d a,h o n n o,o r a d a,a n a + k æ r a d a,a n d a,a n d a,o n d a,a n d a,oː r a,a n d a,o n d a,a n d a,o n d a,a n d a,a n t a,a n t a,a n d a,a n d a,a n d a,a n d a,ɯ n d a,o r a d a,o l + j e r d e,ɯ n d a,u + j æ r d æ,o + j e r d a,o nː o
213_they,o n l a r,,u l a r,v ø̆ z e m,a l a r,o l a r,g i n i l e r,o nː a r,o l a r,a l a,a l a r,o l a r,o l a r,o lː a r,a l a r,o l a r,o l a r,o l a r,ɯ l a r,o l a r,v u l a r,q o l a r,ɯ l a r,o l o r,a l a r,o l a r ɯ ŋ,o n l a r,o l a r,o l a r,u l a r,u l a r,k i n i l e r
214_thick,ɢ a l ɯ n,j u w a n,q a l ɯ n,χ u l ə n,,q a l ɯ n,,k a l ɯ n,q a l ɯ n,q a l ɯ n,k a l ɯ n,q a l ɯ ŋ,χ a l ɯ n,j o ɣ u n,q a l ɯ n,q a l ɯ n,q aː l ə ŋ,d o m b a j,,q a l ɯ n,j o ɣ a n,q a l ɯ n,q a l ɯ n,q a l ɯ n,q a l ɯ n,h ɯ l ɯ n,k a l ɯ n,ɢ a l ɯ ŋ,q ɯ l ɯ n,q e l i n,q a l i n,χ a l ɯ ŋ
215_thighn,b u d,j a n b a ʃ,b o t,,b u t,s a n,b uː t,b u t,s a n,b a z ɯ q + b u t,b u t,s a n,p u t,b uː t,s a n,b a z ɯ q + b u t,tɕ a n,j a n b a s,nʲ a n,u d l u q,,p u t,u s t u q,ʥ a l m a ʃ,b o t,b u t,u j l u k,b u t,d ø ŋ m e k,s a n,s ɔ n,b uː t
216_thin,i n ʥ ɛ,,j o q a,ɕ u ɣ a,,j u f q a,h i n nʲ i g e s,i n ʥ ɛ,ʒ u q a,ʥ u q a,i n ʨ k e,ʒ u q a,ʨ u ɣ a ʥ a χ,,ʥ u q a,,ʨ u ɣ a ʥ aː q,j u q a,tɕ i tɕ k e,j u q a,j o χ p a,j u q a,tɕ u ɣ a,ʥ u q a,j u q a,ʨ u ɣ a,i n ʥ e,j u q a,ʨ u ɣ a,j u p q a,j u p q a,s i n nʲ i g e s
217_thinkv,d y ʃ y n,o j l a,u j l a,ʃ u ɣ ə ʃ l a,s a g i n,o j l a,,d y ʃ y n,o j l a,o j l a,s a ɣ ɯ n,o j l a,s a ɣ ɯ n,s a n,o j l a,o j l a ʃ,p øː g u n,o j l a,s a n a,s a q ɯ n,,s a q ɯ n,p ø g y n,s a n a,u j l a,s a ɣ ɯ n,d y ʃ y n,,b o d a,o j l a,o j l a,s a n a
218_this,b u,b u,b ɯ l,k u,b u,b u,b u,b u,b u l,b u,b u,b u l,p u,b o,b u,b u,p u,b u,p o,b u,b u,p u,p o,p u,b u,b o,b u,b u,b o,b u,b u,b u
219_three,y tɕ,ø tɕ,ø s,v i ɕː ĭ,u tɕ,y tɕ,y s,y tɕ,y ʃ,y tɕ,y tɕ,y ʃ,y s,yː tɕ,y tɕ,y tɕ,y tɕ,y ʃ,y tɕ,y tɕ,u ʃ,y ʃ,y ʃ,y tɕ,ø tɕ,y ʃ,y tɕ,y tɕ,y ʃ,y tɕ,u tɕ,y s
21_black,ɢ a r a,q a r a,q a r a,χ u r a,k a r a,q a r a,k a r a,k a r a,q a r a,q a r a,k a r a,q a r a,χ a r a,q a r a,q a r a,q a r a,q a r a,q a r a,q a r a,q a r a,q a r a,q a r a,q a r a,q a r a,q a r a,q a r a,k a r a,ɢ a r a,q a r a,q a r a,q ɔ r a,χ a r a
220_throatn,b o ɣ a z,,t a m a q,p ɯ r,t a m a c,b o ɣ a z,k a b ɯ r g a,b u a z,t a m a q,t a m a q,t a m a q,t a m a q,t a m a χ,b o ɣ ɯ z,t a m a q,t a m a q,t a m a q,t a m a q,p a k uː r,t a m ɣ a q,p o ɣ t a χ,p o ɣ ɯ s,t a b a q,t a m a q,t a m a q,b oː s,b o ɣ a z,b o ɣ a z,b oː s t aː,t a m a q,t ɔ m ɔ q,t a m a χ
221_throwv,a t,t a ʃ l a,t a ʃ l a,p ə r a χ,,a t,b ɯ r a k,a t,ɯ l a q t ɯ r,a t,a t,l a q t ɯ r,t a s t a,h a t,t a ʃ t a,t a ʃ l a,t a s t a,b ɯ l a q t ɯ r,tɕ e l,k e m i ʃ,,t a r d a,t a ʃ t a,t a ʃ t a,t a ʃ l a,q a ɣ,a t,t a ʃ l a,d a ʒ a,t a ʃ l a,t a ʃ l a,b ɯ r a χ
222_tiev,b a ɣ l a,p a w l a,b æ j l æ,ɕ ɯ χ,,b a ɣ l a,b aː j,b aː l a,b a j l a,b a j l a,b a v l a,b a j l a,p a l ɣ a,v aː,b a j l a,b a j l a,p a ɣ l a,b a j l a,p o ɣ,b a,p a ɣ l a,p o ɣ,p a ɣ l a,b u l a,b æ j l æ,b a ɣ l a,b a ɣ l a,b a ɣ l a,b a ɣ l a,b a ɣ l a,b ɔ ɣ l a,b aː j
223_tobecomerottenv,tɕ y r y,,s e r e,ɕ ø̆ r,,tɕ y r y,h ɯ t ɯ j,tɕ y r y,ʃ i r,tɕ i r,ts i r i,ʃ ĭ r,ĭ r ĭ k t e,tɕ i rː y,tɕ i r,tɕ i r i,s aː s,ʃ i r i,i r i,j i r y,tɕ y r,j i z,i r i k t e,tɕ i r i,tɕ e r,tɕ ɯ d ɯ,tɕ y r y,tɕ y j r e,i r i,tɕ i r i,s a s,s ɯ t ɯ j
224_tomorrow,,ɛ r t ɛ n,i r t æ g æ,ɯ r a n,t a n d a,j a r ɯ n,h a r s ɯ n,j a r ɯ n,e r t e ŋ,t a m b l a,t a n d a,e r t e ŋ,t a ŋ d a,,e r t e ŋ,t a ŋ a l a,t a ŋ n a,e r t e n,t a ŋ d a,j a r ɯ n,eː t ɛ,t a ɣ ɯ n,t a ŋ d a,e r t e n,i r t æ g æ,t u r a j,j a r ɯ n,e r t i r,e r t e n,æ t æ,e r t a g a,s a r s ɯ n
225_tonguen,d i l,t i l,t e l,tɕ ĭ l ɣ e,t i l,t i l,t ɯ l,d i l,t i l,t i l,t i l,t ĭ l,t ĭ l,t i l,t i l,t i l,t ĭ l,t i l,t i l,t ɯ l,ts i l,t e l,t i l,t i l,t e l,d ɯ l,d i l,d i l,d ɯ l,t i l,t i l,t ɯ l
226_toothn,d i ʃ,,t e ʃ,ʃ ə l,t i s,t i ʃ,t iː s,d i ʃ,t i s,t i ʃ,t i s,t ĭ s,t ĭ s,t iː ʃ,t i ʃ,t i ʃ,t ĭ s,t i s,t i ʃ,t i ʃ,t i tɕ,t ɯ s,t i ʃ,t i ʃ,t e ʃ,d ĭ ʃ,d i ʃ,d i ʃ,,tɕ i ʃ,t i ʃ,t iː s
227_treen,a ɣ a ʥ,a ɣ a ts,a ɣ a s,j ɯ v ə ɕ,t e r a c,t e r e k,m a s,aː tɕ,a ɣ a ʃ,t e r e k,t ø r æ k,a ɣ a ʃ,a ɣ a s,h a ɣ a tɕ,ʥ ɯ ɣ a ʨ,t e r e k,aː tɕ,t e r e k,a ɣ a ʃ,ɯ ɣ a tɕ,a ɣ a tɕ,t e r e k,a ɣ a ʃ,a ɣ a ʃ,a ɣ a tɕ,n e ʃ,a ɣ a tɕ,a ɣ a tɕ,ɯ j a ʃ,j a ɣ a tɕ,,m a s
228_true,d o ɣ r u,tɕ ɯ n,,tɕ ə n,tɕ i n,d o ɣ r u,k i r d i k,d oː r u,ʃ ɯ n,k e r t i,d o ɣ r u,ʃ ɯ n,s ɯ n,t o ɣ r ɯ,ʨ ɯ n,g e r t i,s ə n,u ʃ ɯ n,tɕ ɯ n,tɕ ɯ n,tɕ e ŋ,tɕ ɯ n,ʃ ɯ n,tɕ ɯ n,tɕ ɯ n,ʃ ɯ n,g e r tɕ e k,tɕ ɯ n,ʃ ɯ n,tɕ i n,,k ɯ r ʥ ɯ k
229_turnv,d ø n d æ r,,b o r,p ŏ r,,,t u o r a t,d ø n d y r,b u r,b u r,ts i v i r,b u r,a j l a n d ɯ r,tɕ æ v i r,b u r a,b u r,,b u r,a j l a n d ɯ r,e v i r,,,p u r,b u r u,b o r,,d ø n d y r,ø w y r,e r g i l d i r,b u r,b u r a,e r g i t
22_bloodn,ɢ a n,q a n,q a n,j u n,k a n,q a n,k aː n,k a n,q a n,q a n,k a n,q a n,χ a n,q aː n,q a n,q a n,q a n,q a n,q a n,q a n,q a n,q a n,q a n,q a n,q a n,q a n,k a n,ɢ aː n,χ a n,q a n,q ɔ n,χ aː n
230_two,i k i,e k i,i k e,i k ĭ,e k i,e k i,i kː i,i k i,e k i,e k i,e k i,e k ĭ,ĭ k ĭ,æ kː i,e k i,e k i,i g ĭ,e k i,e k i,e k i,i ʃ k i,i ʃ k e,i j g i,e k i,i k e,iˁ h i,i k i,i k i,i j i,i kː i,i kː i,i kː i
231_vomitv,ɢ u s,,q o θ,χ ŏ s,c u s,q u s,,k u s,q u s,q u s,k u s,q u s,χ u s,q u s,q u s,q u s,q u s,q u s,q u s,q u s,,q u s,,q u s,q o s,q uˁ s,k u s,ɢ u s,q u s,q u s,q u s,χ o t u o l aː
232_walkv,j e r i,j ø r,j ø r ø,ɕ y r e,j u r,j y r,b a r,g e z,ʒ y r,ʥ y r y,j y r y,ʒ y r,tɕ ø r,j o r ɯ,ʥ y r,j y r y,tɕ ø r,j y r,tɕ o r,j o r ɯ,j y r,p a r,tɕ ø r,b a s,j ø r,tɕ o r u,j y r y,j ø r e,tɕ o r u,ʒ y r,j u r,χ aː m p
233_warm,,,j ɯ l ɯ,ə ʒ ə,i sː i,s ɯ ʥ a q,i t iː,s ɯ ʥ a k,ʒ ɯ lː ɯ,ʥ ɯ l ɯ,j ɯ l ɯ,ʒ ɯ l ɯ,tɕ ɯ l ɯ ɣ,h i sː iː,ʥ ɯ l uː,j ɯ l ɯ,tɕ ə l ə ɣ,j ɯ l ɯ,j ɯ l ɯ ɣ,j ɯ l ɯ ɣ,ɯ sː ɯ,j i l ɯ ɣ,tɕ ɯ l ɯ ɣ,ʥ ɯ l u,ʥ ɯ l ɯ,tɕ ɯ l ɯ ɣ,ɯ l ɯ k,j ɯ l ɯ,tɕ ɯ l ɯ ɣ,i lː i q,i l i q,s ɯ l aː s
234_washv,j u,j u,j ɯ w,ɕ u,j uː n,j u v,h uː j,j ɯ k a,ʒ u w,ʥ u w,j u v,ʒ u,tɕ u ɣ,j uː,ʥ uː,ʥ u w,tɕ u n,j u w,j a j q a,j u,j u,j u,tɕ u n,ʥ u n,j u w,tɕ u,j ɯ k a,j u w,tɕ u ɣ,ʒ u j,j u v,s uː j
235_watern,s u,s u,h ɯ w,ʃ ɯ v,s u,s u w,uː,s u,s u w,s u w,s u v,s u,s u ɣ,s u w,s uː,s u w,s u ɣ,s u w,s u ɣ,s u v,s u,s u,s u ɣ,s uː,s u,s u ɣ,s u,s u w,s u ɣ,s u,s u v,uː
236_weavev,t o χ u,s o q,h u q,t ø̆ r t,,t o q u,,d o k u,t o q ɯ,s o q,s o χ,t o q u,s o q,t o q u,s o q,s o q,,s o q,,t o q ɯ,,s o q,,s o q,s u q,,d o k u,d o q a,a r ɣ ɯ,t o q u,t o q i,ø r
237_wet,j a ʃ,,e w e ʃ,,,s ɯ l a q,nʲ ɯ l tɕ a g a j,j a ʃ,h ø l,s uː,j a ʃ,s u,ø l,h eː l,s uː,s u w,s u ɣ l u ɣ,s u w,s u ɣ,,o j ʃ i,ʃ ɯ d ɯ q,ø l,s uː l u,s u l ɯ,ø l,ɯ s l a k,ø l,ø l,h ø l,s u v,i n tɕ e ɣ e j
238_what,n æ,n e m æ,n i,m ĭ n,n e,n e,,n e,n e,n e,n e,n e,n i m e,n ɛː s ɛ,e m n e,n e,n ø m e,n e,n e,n e,n æ,n i,n oː,n e m e,n i,tɕ y,n e,n æ m e,ʨ yː,n i m æ,n i m a,t u o χ
239_when,h a tɕ a n,q a tɕ a n,q a s a n,χ ŏ ʑ a n,q a z a n,n e + v a q ɯ t,k a h a n,a tɕ a n,q a ʃ a n,q a tɕ a n,k a ts a n,q a ʃ a n,χ a ʥ a n,q a ʨ aː n,q a tɕ a n,q a tɕ a n,q a ʥ a n,q a ʃ a n,q a ʥ a n,q a tɕ a n,q a ʥ a n,q a ʨ a n,q a tɕ a n,q a tɕ a n,q a j tɕ a n,q aˁ h i n,n e + z a m a n,h a tɕ a n,q a ʒ a n,q a tɕ a n,q a tɕ ɔ n,χ a h a n
23_blowv,æ s,e s,i θ,v ø̆ r,s o q,e s,y r,e s,e s,y r,i r,y r l e,y r,h æ s,s o q,e ʃ,y r,e s,k i r,y r,f y r,e n e t,y b y r,y r,i s,y r,e s,ø s,y r,æ s,e s,y r
240_where,h a r a d a,q a j d a,q a j ð a,ə ɕ t a,q a j d a,q a j d a,k a nː a,n e r e d i,q a j d a,q a j d a,k a j d a,q a j d a,χ a j d a,q aː,q a j d a,q a j d a,q a j d a,q a j d a,q a j t,q a j u d a,q a j d a,q a j t a,q a j d a,q a j d a,q a j d a,q a j d a,n e r e d e,n i r e d e,q a j d a,q e n i,q a j e r d a,χ a nː a
241_which,h a n s ɯ,q a j s ɯ,q a j h ɯ,χ ŏ ʒ ŏ,q a j m,q a j s ɯ,k a h ɯ s,a n g ɯ s ɯ,q a j s ɯ s ɯ,q a j s ɯ,q a j s ɯ,q a j s ɯ s ɯ,χ a j z ɯ,,q a j s ɯ,q a j s ɯ,,q a j s ɯ s ɯ,q a j a z ɯ,q a nʲ,q a j s ɯ,q a j s ɯ,q a j z ɯ,k a ʒ ɯ,q a j s ɯ,q a j s ɯ,h a n g i s i,h a j s ɯ,q a j ɯ z ɯ,q a j s i,q a j s i,χ a j a
242_white,a ɣ,a q,a q,ʃ u r ə,a c,a q,,a k,a q,a q,a k,a q,a χ,h y r y n,a q,a q,a q β u s,a q,a q,y r y ŋ,a χ,a q,a q,a q,a q,a q,,a q,a q,a q,ɔ q,y r y ŋ
243_who,k i m,k i m,k e m,k a m,k i m,k i m,k i m,k i m,k i m,k i m,k i m,k ĭ m,k e m,k i m,k i m,k i m,k ĭ m,k i m,k e m,k e m,k e m,k i m,k e m,k e m,k e m,q u m,k i m,k i m,q ɯ m,k i m,k i m,k i m
244_wide,g e n i ʃ,k æ ŋ,k i ŋ,s a r l a g a,,k e ŋ,k e t i t,g e n i ʃ,k e ŋ,k e ŋ,k e n,k e ŋ,tɕ a l b a χ,k iː ŋ,k e ŋ,g e ŋ,ʨ a l β a q,k e ŋ,k e ŋ,k e ŋ,,k e ŋ,tɕ a l b a q,k e ŋ,k i ŋ,aˁ l h ɯ ɣ,g e n i ʃ,g i ŋ,,k æ ŋ,k e ŋ,k i e ŋ
245_windn,j e l,j e l,j e l,ɕ i l,j e l,j e l,t ɯ a l,,ʒ e l,ʥ e l,j e l,ʒ e l,tɕ i l,j e l,,j e l,tɕ æ l,j e l,,j e l,j e l,j i l,,,ʥ i l,q a t,,j e l,χ a t,,,t ɯ a l
246_wingn,ɢ a n a d,q a n a t,q a n a t,ɕ u n a t,h a n a t,q a n a t,k ɯ n a t,k a n a t,q a n a t,q a n a t,k a n a t,q a n a t,χ a n a t,,q a n a t,q a n a t,q a n a t,q a n a t,q a n a t,q a n a t,q a n a t,q a n a t,q a n a t,q a n a t,q a n a t,h a n a t,k a n a t,ɢ a n a t,tɕ a l ɣ ɯ n,q a n a t,q a n ɔ t,k ɯ n a t
247_with,i l æ,p i l e n,m e n æ n,b a,b i r l a,i l e,n a n,n a n,m e n e n,b l a,b ɯ l a,m e n,d a ŋ,l a,m e n e n,b u l a n,n a ŋ,m a n,v l a,b i r l e,l a,p i l i n,p ɯ l a,l a,b e l æ n,b ĭ l e,i l e,b i l e n,b i l e,b i l æ n,b i l a n,n a n
248_womann,ɢ a d ɯ n,q a t ɯ n,q a t ɯ n,χ ĭ r a r ə m,k a t u,q a d ɯ n,,k a r ɯ,q a t ɯ n,t i ʃ i r ɯ w,q a t ɯ n,,i p tɕ ĭ + k ĭ z ĭ,k i ʃ i,,q a t ɯ n + g i ʃ i,q a t k ĭ z ĭ,χ a t ɯ n q ɯ z,q a t,t i ʃ i,q aː t ɯ n + k eː ʃ,s æ ʒ d ɯ ɣ,t i ʒ i + k i ʒ i,y j k i ʒ i,χ a t ɯ n q ɯ z,q oˁ r h ɯ nʲ a q,k a d ɯ n,,χ e r eː ʒ e n + k i ʒ i,,χ ɔ t i n,
249_woodn,a ɣ a tɕ,a ɣ a tɕ,a ɣ a s,j ɯ v ə ɕ,a g a tɕ,a ɣ a tɕ,m a s,aː tɕ,a ɣ a ʃ,a ɣ a tɕ,a ɣ a ts,a ɣ a ʃ,a ɣ a s,h a ɣ a tɕ,ʥ ɯ ɣ a ʨ,a ɣ a ʨ,aː tɕ,a ɣ a ʃ,a ɣ a ʃ,ɯ ɣ a tɕ,a ɣ a tɕ,j ɯ ɣ a ʃ,a ɣ a ʃ,a ɣ a ʃ,a ɣ a tɕ,n e ʃ,o d u n,a ɣ a tɕ,ɯ j a ʃ,j a ɣ a tɕ,j ɔ ɣ ɔ tɕ,m a s
24_bonen,s y m y k,s y ø k,h ø j æ k,ʃ ŏ m ŏ,s o u a t,k e m i k,o ŋ u o k,k e m i k,s y j e k,s y j e k,s i v e k,s y j e k,s øː k,,s øː k,s y j e k,s øː k,s y j e k,s øː k,s y ŋ y k,s e n i χ,s ɯ m ɯ q,s øː k,s øː k,s ø j æ k,s øː k,k e m i k,s y ŋ k,s øː k,s ø ŋ ɛ k,s u j a k,u ŋ u o χ
250_woodsforestn,a ɣ a tɕ,o r m a n,u r m a n,v ŏ r m a n,o r m a n,o r m a n,m a s,d aː,,a ɣ a tɕ,o r m a n,o r m a n,a ɣ a s,,,o r m a n,aː ʨ a r oː z ə,o r m a n,a ɣ a ʃ + a r a z ɯ,a r ɯ ɣ,a r ɯ ɣ,,a ɣ a ʃ,a ɣ a ʃ,u r m a n,n e ʃ + q aˁ t ɯ,o r m a n,,ɯ j a ʃ,o r m a n,o r m ɔ n,t ɯ a
251_wormn,ɢ u r d,q o r t,s e l æ w s e n,χ u r t,k u r t,q u r t,,k u r t,q u r t,q u r t,k u r t,q u r t,χ u r t,q uː r t,q u r t,χ u r t,q u r t,q u r t,q u r t,q u r t,s u g u l ʥ ɯ ŋ,,q u r t,q u r t,q o r t,q uˁ r t,k u r t,ɢ u r ʨ u q,q u r t,q u r u t,ʨ u v a l ʨ a ŋ,
252_yearn,i l,j ɯ l,j ɯ l,ɕ u l,g i l,j ɯ l,,j ɯ l,ʒ ɯ l,ʥ ɯ l,j ɯ l,ʒ ɯ l,,j i l,ʥ ɯ l,j ɯ l,tɕ ɯ l,j ɯ l,tɕ ɯ l,j ɯ l,j e l,j ɯ l,tɕ ɯ l,ʥ ɯ l,,tɕ ɯ l,j ɯ l,j ɯ l,tɕ ɯ l,ʒ i l,j i l,s ɯ l
253_yellow,s a r ɯ,s a r ɯ,h a r ɯ,,s a r i,s a r ɯ,h a h a r k a j,s a r ɯ,s a r ɯ,s a r ɯ,s a r ɯ,s a r ɯ,s a r ɯ ɣ,tɕ a q ɯ r,s a r ɯ,,s aː r ə ɣ,s a r ɯ,s a r ɯ,s a r ɯ ɣ,s a r ɯ,s a r ɯ ɣ,s a r ɯ ɣ,s a r ɯ,s a r ɯ,s a r ɯ ɣ,s a r ɯ,s a r ɯ,s a r ɯ ɣ,s e r i q,s a r i q,a r a ɣ a s
254_yesterday,d y n æ n,,k i s ɛ g e,ĭ n e r,t u n a c u n,t y n e v i n,b e g e h eː,d y n,k e ʃ e,t y n e n e,t y n e g y n,k e ʃ e,k i ʥ eː,æ ŋ g y r,k e tɕ eː,t y n e g y n,k æ ʥ eː,t y n e g y n,k e ʥ e,,k eː ʥ e,t u ɣ ɯ n,k e tɕ e,k e tɕ e,k i tɕ æ,d yː n,d y n,d y j n,d yː n,t y n y g y n,k e tɕ a,b e ɣ e h eː
25_bottomn,d i b,t y p,t ø p,t ø̆ p,t u b,t y p,t y g e k,d i p,t y p,t y b,t y p,t y p,t y p,t ɛː,t y p,t y p,t y p,t y p,t y p,,a ʃ aː ɣ ɯ,t ɯ p,t y b y n,t y p,t ø p,d y p,d i p,d y j p,d y p,t y p,t a g,t y g e χ
26_brainn,b e j i n,m i j æ,m e j e,m i m e,m e ŋ,m i j,,b e j i n,m i j,m ɯ j ɯ,m i j,m ɯ j,m i i,m e i n,m e e,m i j,m i i s,m ɯ j,m e e s,m e j i,m e ŋ e s,,m iː s,m e e,m i,m eː,b e j i n,b e j n i,m e e,m e j æ,m i j a,m e j iː
27_branchn,b u d a ɢ,b o t a q,b o t a q,t u r a t,b u t a c,p ɯ t a q,t a l a k,b u d a k,p u t a q,b u t a q,b u t a k,b u t a q,,,b u t a q,b u t a q,,b u t a q,p u d a q,b u t ɯ q,p u t a χ,tɕ u q q o,,b u d a q,b o t a q,b uˁ t u q,b u d a k,,b u d u q,p u t a q,,
28_breakv,s ɯ n d ɯ r,s ɯ n d ɯ r,h ɯ n d ɯ r,ɕ ø̆ m ø̆ r,s i n d u r,s ɯ n d ɯ r,,k ɯ r,s ɯ n d ɯ r,s ɯ n d ɯ r,s ɯ n d ɯ r,s ɯ n d ɯ r,s ɯ n d ɯ r,s iː,s ɯ n d ɯ r,s ɯ n d ɯ r,s ə n d ə r,s ɯ n d ɯ r,s ɯ n d ɯ r,s ɯ,s u n d u r,s ɯ,s ɯ n d ɯ r,s ɯ n d ɯ r,s ɯ n d ɯ r,s ɯˁ q,k ɯ r,d ø w,s ɯ q,s u n d u r,s i n d i r,t o h u t
29_breastnchestn,k ø k y s,k ø k r ɛ k,k y k r æ k,k ŏ g ŏ r,k ø k s u g,k o k y s,t y ø s,g yː s,k ø k y r e k,k ø k y r e k,k ø k r ɛ k,k ø k r e k,k ø g ĭ s,k iː e s,k ø k y r ø k,k ø k y r e k,t ø s,k ø k i r e k,k ø g y s,k ø g y z,k y p r æ χ,g ø s,t ø ʃ,k ø g y s,k y k r æ k,t ø ʃ,g ø ɣ y s,k y k r e k,,k ø k r ɛ k,k o k r a k,t y ø s
2_1plpronoun,b i z,b i z,b e ð,e b i r,b i x,b i z,b i h i g i,b i z,b i z,b i z,b i z,b ĭ z,p ĭ s,b i z,b i z,b i z,p ĭ s,b i z,p i s,b i z,p i s e r,m ɨ s,p i s,b i s,b e z,b i s t e r,b i z,b i z,b i s,b i z,b i z,b i h i g i
30_breathev,a l,t ɯ n,t ɯ n,s ɯ v l a,t i n,a l,t ɯː n,s o l u,a l,s o l u,t ɯ n,a l,t ɯ n,,a l,t ɯ n ɯ s,t ə n ŋ a,t ɯ n ɯ s,,t ɯ n,,,t ɯ n,t ɯ n,t ɯ n,t ɯ n,s o l u k,a l,t ɯ n,t i n,ɔ l,t ɯː n
31_burnintrv,j a n,j a n,j a n,ɕ u n,c y j,j a n,g y d eː r i j,j a n,ʒ a n,k y j,j a n,ʒ a n,k ø j,k i e n,ʥ a n,j a n,k o j,j a n,k y j,k y n,k ø j,k y j,k ø j,k y j,j a n,q ɯˁ p,j a n,j a n,q ɯ p,j a n,j ɔ n,u m a j
32_carryv,a p a r,a l ɯ p,a l ɯ p,i l z e,,a l ɯ p,i l t,t a ʃ ɯ,a l ɯ p,a l ɯ p,a l ɯ p,a l ɯ p,a,,a l ɯ p,a l ɯ p,a,a l ɯ p,a p a r,e l t,t aː ʃ ɯ,a l,a p a r,a p a r,k y t ɛ r e p,i t,t a ʃ ɯ,g ø t e r,a p,e l i p,ɔ l i b,i l t
33_cheekn,j a n a ɢ,j a ŋ a q,j a ŋ a q,p i t + ɕ ŏ m a r d i,,j a n a q,h ɯ ŋ aː k,j a n a k,,ʥ a j a q,j a j a k,b e t,n aː χ,,b e t,j a j a q,ʨ aː ɣ ə m,b e t,j aː q,,j a n a χ,j a ŋ a q,n aː q,ʥ a a q,j a n a q,,j a n a k,j a n a q,tɕ aː q,m æ ŋ z a,j u z,i e d e s
34_chewv,tɕ e j n æ,,s æ j n æ,tɕ ŏ m l a,c u ŋ,tɕ a j n a,ɯ ʃ t aː,tɕ i j n e,ʃ a j n a,tɕ a j n a,tɕ a j n a,ʃ a j n a,t a j n a,tɕ æ j n æ,tɕ a j n a,tɕ a j n a,t a j n a,ʃ a j n a,ʃ a j n a,,tɕ æ j n æ,,t a j n a,tɕ a j n a,tɕ æ j n æ,t a j n a,tɕ i ɣ n e,tɕ e j n e,d a j n a,tɕ a j n a,tɕ a j n a,ɯ s t aː
35_childkintermn,u ʃ a ɢ,p a l a,b a l a,a tɕ a,o g u l,b a l a,,u ʃ a k,b a l a,b a l a,b a l a,b a l a,p a l a,b a l a,b a l a,b a l a,k æ tɕ,b a l a,b a l a,o g l a n,p a l a,m u l a,p a l a,b a l a,b a l a,u r u ɣ,ʨ o ʥ u k,tɕ a ɣ a,tɕ a ʃ + u r u ɣ,b a l a,b ɔ l a,
36_chinn,tɕ æ n æ,i n æ k,e j æ k,,i ŋ a c,,h æ ŋ i j æ,tɕ e n æ,i j e k,,,ĭ j e k,e e k,,e e k,,eː g ĭ,i j e k,e e k,e ŋ e k,e n i χ,,eː k,e e k,i j æ k,e r i n,tɕ e n e,e ŋ e k,s e g e l,e ŋ æ k,i j a k,s e ŋ i j e
37_clawn,ʥ a j n a ɢ,,t ɯ r n a q,tɕ ĭ r n e,t e r m a c,t ɯ r n a q,t a r b a k,t ɯ r n a k,t ɯ r n a q,t ɯ r n a q,t ɯ r n a χ,t ɯ r n a q,t ɯ r ɣ a χ,,t ɯ r m a q,t ɯ r n a q,t ə r ɣ a q,t ɯ r n a q,t ɯ r v a q,,,,t ɯ r ɣ a q,t ɯ r m a χ,t ɯ r n a q,d ɯ r b a q,t ɯ r n a k,d ɯ r n a q,d ɯ r b a q,t i r m a q,t i r n ɔ q,t ɯ ŋ ɯ r a χ
38_cloudn,b u l u t,p o l o t,b o l o t,p ø̆ l ø̆ t,b u l u t,b u l u t,b ɯ l ɯ t,b u l u t,b u l t,b u l u t,b u l u t,b u l t,p u l u t,b u l ɯ t,b u l u t,b u l u t,p u l u t,b u l ɯ t,p u l u t,b u l ɯ t,p u l u t,p u l u t,p u l u t,b u l u t,b o l ɯ t,b u l u t,b u l u t,b u l u t,b u l u t,b u l u t,b u l u t,b ɯ l ɯ t
39_cold,s o j u ɢ,,h ɯ w ɯ q,s i v ĭ,s a o ɢ,s u v u q,t ɯ m n ɯː,s uː k,s u w ɯ q,s u w u q,s u v u k,s u ɯ q,s oː χ,s o v u q,s uː q,s u w u q,s oː q,s u w ɯ q,s oː q,s o ɣ ɯ q,s o χ,t o t,s oː q,s oː q,s u ɯ q,s oː q,s o ɣ u k,s o w u q,s oː q,s o ɣ u q,s ɔ v u q,t ɯ m n ɯː
3_1sg,m æ n,m i n,m i n,e b ĭ,m e n,m e n,m i n,b æ n,m e n,m e n,m e n,m e n,m i n,m æ n,m e n,m e n,m æ n,m e n,m e n,b e n,m e n,m e n,m e n,m e n,m i n,m e n,b e n,m e n,m e n,m æ n,m e n,m i n
40_comev,gʲ ɛ l,k e l,k i l,k i l,k e l,k e l,k e l,g e l,k e l,k e l,k e l,k e l,k i l,k æ l,k e l,g e l,k æ l,k e l,k e l,k e l,g e l,k e l,k e l,k e l,k i l,k e l,g e l,g e l,k e l,k æ l,k e l,k e l
41_coughv,ø s k y r,,j y t æ l,y z ə r,o s c u r,ø k s y r,h ø t ø l øː,yː s y r,ʒ ø t e l,ʥ ø t g y r,ø t k y r,ʒ ø t e l,tɕ i d ĭ l,i e s y r,ʥ ø t ø l,j ø t k y r,,j ø t k i r,,,,j y t e r,tɕ e d i r,j ø d y l d e,j ø t k e r,tɕ ø d y r,ø k s y r,y s g y r,tɕ ø d y r,j ø t æ l,j o t a l,s ø t ø l y n
42_countv,s a j,,h a n a,,,s a j,a k,s a j,s a n a,s a n a,s a j,s a n a,s a n a,s aː n a,s a n a,s a n a,s a n a,s a n a,s a n a,s a n a,s a n a,s a n a,,,s a n a,s a n a,s a j,s a n a,s a n a,s a n a,s a n a,aː χ
43_coverv,ø r t,j a p,j a p,v i t,j a p,q a p a t,h a p,ø r t,ʒ a p,ʥ a b,j a p,ʒ a p,tɕ a p,,ʥ a b,j a p,tɕ a p,j a p,j a p,j a p,ø t,k e m i r,tɕ a p,ʥ a p,j a p,ʨ ɯˁ p,k a p l a,j a p,ʃ ɯ p,q a p l a,j ɔ p,s a p
44_crushgrindv,y j y t,t a r t,t a r t,a v ə r,,tɕ e k,i l b i r i t,,t a r t,t a r t,t a r t,t a r t,t a r t,,t a r t,t a r t,,t a r t,t eː r b e nː e,j a n tɕ,,u ɣ,t a r t,t eː r m e n d e,t a r t,t eː r m e l e,ø v y t,y w e,d eː r b e l e,t a r t,t ɔ r t,t a r t
45_cryweepv,a ɣ l a,s ɯ q t a,i l a,m a g ə r,,a ɣ l a,ɯ t aː,aː l a,ʒ ɯ l a,ʥ ɯ l a,j ɯ l a,ʒ ɯ l a,ɯ l ɣ a,h ɯ ɣ l a,ɯ j l a,j ɯ l a,s ə q t a,j ɯ l a,ɯː l a,ɯ ɣ l a,j ɯ ɣ l a,j ɯ ɣ l a,ɯ l ɣ a,ɯ j l a,j ɯ l a,ɯ ɣ l a,a ɣ l a,a ɣ l a,ɯ ɣ l a,ʒ i ɣ l æ,j i ɣ l a,ɯ t aː
46_cutv,k æ s,k e s,k i θ,k a s,k e s,k e s,b ɯ s,k e s,k e s,k e s,k e s,k e s,k i s,k æ s,k e s,g e s,k æ s,k e s,k e s,k e s,k e s,k e s,k e s,k e s,k i s,k eˁ s,k e s,k e s,k e s,k æ s,k e s,b ɯ s
47_dayn,k y n d y z,k ø n,k ø n,k u n,k u n,k y n,k y n,g y n,k y n,k y n,k y n,k y n,k y n,k y n,k y n,g y n,k u nʲ,k y n,k y n,k y n,k u n,k ø n,k y n,k y n,k ø n,h y n,g y n,g y n,χ y n,k y n,k u n,k y n
48_deep,d æ r i n,t æ r æ ŋ,t æ r æ n,t a r ə n,t e r e ŋ,t e r e n,d i r i ŋ,d e r i n,t e r e ŋ,t e r e n,t e r e n,t e r e ŋ,t i r e ŋ,,t e r e ŋ,t e r e n,t æ r æ ŋ,t e r e n,t e r e ŋ,t e r i ŋ,t i r o ŋ,,t e r e ŋ,t e r e ŋ,t i r æ n,d e r e ŋ,d e r i n,tɕ u ŋ,t e r e ŋ,tɕ o ŋ q u r,tɕ u q u r,d i r i ŋ
49_diev,ø l,ø l,y l,v i l,o l,ø l,ø l,ø l,ø l,ø l,ø l,ø l,ø l,,ø l,ø l,ø l,ø l,ø l,ø l,u l,j u l,ø l,ø l,y l,ø l,ø l,ø l,ø l,ø l,o l,ø l
4_2plpronoun,s i z,s i l æ r,h e ð,e z i r,s i x,s i z,e n,s i z,s i z,s i z,s i z,s ĭ z d e r,s ĭ r e r,s i z,s i l e r,s i z,s ĭ l ɛ r,s i z,s l e r,s i z,s e l e r,s i l e r,s i l e r,s l e r,s e z,s ĭ l ɛ r,s i z,s i z,s i l e r,s i z,s i z l a r,e h i g i
50_digv,ɢ a z ɯ,q a s,q a ð,tɕ a v,c a s,q a z,k a s,k a z,q a z,q a z,k a z,q a z,χ a s,q a z,q a z,q a z,q a s,q a z ɯ,q a s,q a z,q a z ɯ,q a z,q a s,q a s,q a z,q a z,k a z,ɢ a z,q a z,q a z,q a z i,χ a s
51_dirty,b u l a ʃ ɯ q,,b ɯ s r a q,,s a s i,k i r l i,k i r d eː k,b u l a ʃ ɯ k,k i r l i,k i r l i,b ɯ l a ʃ ɯ q,,k ĭ r l ĭ g,,k i r,,k ĭ r l ĭ ɣ,k i r l i,k i r,k i r l i g,,k e r,k i r l i g,k i r l y,p ɯ tɕ r a q,h ĭ r l ĭ ɣ,k i r l i,k i r l i,χ i r l i g,k i r,k i r,k i r d eː χ
52_domakev,e t,e t,e ʃ l ɛ,t u,e t,j a p,o ŋ o r,e t,ʒ a s a,e t,j a s a,ʒ a s a,i t,ʃ a,ʥ a s a,e t,æ t,j a s a,ʥ a z a,k ɯ l,j a s a,j e t,e t,e t,j a s a,tɕ aˁ s a,e t,j a s a,q ɯ l,æ t,q i l,o ŋ o r
53_dogn,i t,i t,e t,j ɯ d ə,i t,k ø p e k,ɯ t,k ø p e k,i j t,i t,i t,i t,a d a j,i t,i t,i t,a d a j,i j t,i j t,ɯ t,i ʃ t,ɯ ʃ t,a d a j,i j t,e t,tɕ ɯ d ɯ ɣ,k ø p e k,i t,ɯ t,i ʃ t,i t,ɯ t
54_drinkv,i tɕ,e ʨ,e s,ĭ ɕ,i z,i tɕ,i s,i tɕ,i ʃ,i tɕ,i tɕ,ĭ ʃ,ĭ s,i tɕ,i tɕ,i tɕ,i tɕ,i ʃ,i tɕ,i tɕ,i tɕ,i tɕ,i ʃ,i tɕ,e tɕ,i ʃ,i tɕ,i tɕ,i ʃ,i tɕ,i tɕ,i s
55_dry,ɢ u r u,q a q,q o r o,t i b ĭ,q u r u,q u r u,k u r aː n a k,k u r u,q u r ɣ a q,q u r ɣ a q,k u r ɣ a k,q u r ɣ a q,χ u r u ɣ,q u rː u ɣ,q u r ɣ a q,q u r u,k eː b ĭ ɣ,q u r ɯ,k u r u ɣ,q u r u ɣ,k u r u,q u r l y ɣ,q u r u ɣ,q u r ɣ a χ,q o r ɯ,q u r ɣ a ɣ,k u r u,ɢ u r ɯ,q u r ɣ a ɣ,q u r u q,q u r u q,k u r aː n a χ
56_dust,t o z,t o s,t u ð a n,t u z a n,t o s,t o z,,t oː z,ʃ a ŋ,b u q u,t o z,ʃ a ŋ,t o z ɯ n,t u r p aː q,tɕ a ŋ,tɕ a ŋ,t o z a n,ʃ a ŋ,t o z u n,t o z,t aː r ɯ χ,tɕ a m,t o z u n,t o b r a χ,t u z a n,t oˁ p r a q,t o z,t o z a n,d oː z u n,tɕ a ŋ,tɕ a ŋ,b u o r
57_earn,ɢ u l a ɢ,q o l a q,q o l a q,χ ŏ l ɣ a,q u l a g,q u l a q,k u l g aː k,k u l a k,q u l a q,q u l a q,k u l a k,q u l a q,χ u l a χ,q u l aː q,q u l a q,q u l a q,q u l a q,q u l a q,q ɯ l a q,q u l q a q,q u l a χ,q u l a q,q u l a q,q u l a q,q o l a q,q u l a q,k u l a k,ɢ u l a q,q u l a q,q u l a q,q u l ɔ q,k u l g aː χ
58_eatv,j e,a ʃ a,a ʃ a,ɕ i,a ʃ a,a ʃ a,a h aː,i,ʒ e,a ʃ a,a s a,ʒ e,tɕ ĭ,j eː,ʥ e,a ʃ a,ʨ iː,a ʃ a,tɕ i,a ʃ a,j e,j e,tɕ iː,a ʒ a n,a ʃ a,tɕ i,j e,i j,tɕ e m n e,j i,j e,a h aː
59_edgen,ɢ ɯ r a ɢ,ts i t,s i t,χ ĭ r ĭ,s e t e,tɕ e t,k ɯ r ɯː,,ʃ e t,q ɯ j ɯ r,k ɯ r ɯ j,ʃ e t,χ ɯ r i,,tɕ e t,q ɯ r ɯ j,q ɯ r,ʃ e t,q ɯ j,q ɯ d ɯ ɣ,q ɯ r ɣ ɯ,q ɯ z ɯ ɣ,q ɯ r ɯ j,q ɯ r ɯ,tɕ i t,q ɯ d ɯ ɣ,,tɕ e t,q ɯ d ɯ ɣ,tɕ æ t,tɕ e t,k ɯ t ɯː
5_2sgpronoun,s æ n,s i n,h i n,e z ĭ,s e n,s e n,e n,s æ n,s e n,s e n,s e n,s e n,s i n,s æ n,s e n,s e n,s æ n,s i z,s e n,s e n,s e n,s e n,s e n,s e n,s i n,s e n,s e n,s e n,s e n,s æ n,s i z,e n
60_eggn,j u m u r t a,j o m ɯ r t q a,j o m o r t q a,ɕ ŏ m a r d a,j u m u r t k a,j ɯ m ɯ r t a,h ɯ m ɯː t,j ɯ m ɯ r t a,,,j u m u r t χ a,ʒ u m ɯ r t q a,n ɯ m ɯ r χ a,j u m u r q a,ʥ u m u r t q a,j ɯ m ɯ r t q a,tɕ u m u r t q a,j u m ɯ r t q a,nʲ u r t q a,j u m u r t ɣ a,j o m u r t a,o j a,n ɯ b ɯ r t q a,ʥ ɯ m ɯ r t χ a,j o m ɯ r q a,nʲ u m u r h a,j u m u r t a,j u m u r t ɢ a,tɕ uː r ɣ a,,,s ɯ m ɯː t
61_eyen,k ø z,k ø z,k y ð,k u ɕ,k ø z,k ø z,k a r a k,g ø z,k ø z,k ø z,k ø z,k ø z,χ a r a χ,k ø z,k ø z,g ø z,q a r a q,k ø z,k ø s,k ø z,k o z,k y z,q a r a q,k ø s,k y z,q a r a q,g ø z,g ø z,q a r a q,k ø z,k o z,χ a r a χ
62_fallv,d y ʃ,j ɯ ɣ a l,j ɯ ɣ ɯ l,y k,t u z,j ɯ q ɯ l,t y s,d y ʃ,ʒ ɯ ɣ ɯ l,ʥ ɯ ɣ ɯ l,j ɯ ɣ ɯ l,ʒ ɯ ɣ ɯ l,t y s,t i ʃ,ʥ ɯ ɣ ɯ l,j ɯ ɣ ɯ l,a ŋ n a l,j ɯ ɣ ɯ l,t y ʃ,t y ʃ,j ɯ χ ɯ l,t o q ɯ r a,tɕ ɯ ɣ ɯ l,t y ʃ,j ɯ ɣ ɯ l,t yˁ ʃ,d y ʃ,j ɯ q ɯ l,d y ʃ,ʒ i q i l,j i q i l,t y s
63_far,u z a ɢ,j ɯ r a q,j ɯ r a q,i n ʑ e,i r a c,u z a q,ɯ r aː k,u z a k,u z a q,u z a q,i r a χ,q a ʃ ɯ q,ɯ r a χ,h ɯ r aː q,ɯ r aː q,j ɯ r a q,ə r a q,u z a q,u z a q,j ɯ r a q,j ɯ r a χ a r,u z a q,ɯ r a q,u z a q,j ɯ r a q,ɯ r a q,u z a k,u z a q,ɯ r a q,u z a q,u z o q,ɯ r aː χ
64_fatn,j a ɣ,m a j,m a j,ɕ u,j a v,j a ɣ,h ɯ a,j aː,m a j,ʥ a w,j a v,m a j,tɕ a ɣ,j aː ɣ,m a j,m a j,tɕ a ɣ,m a j,j ɯ ɣ,j a ɣ,j a ɣ,t ø j n a χ,tɕ a ɣ,ʥ u,m a j,tɕ a ɣ,j a ɣ,j a ɣ,y s,m a j,j ɔ ɣ,s ɯ a
65_fathern,a t a,a t a,a t a,a tː e,a t a,b a b a,a g a,b o b a,a t a,a t a,a t a,æ k e,p a b a,b ɔː b a,a t a,a t a,a d a,a t a,a d a,q a ŋ,a p a,a tɕ a,a d a,a d a,a t a,a t a,b a b a,a t a,a d a,a t a,ɔ t a,a ɣ a
66_fearv,ɢ o r χ,q o r q,q u r q,χ ŏ r a,q o r q,q o r q,k u t t a n,,q o r q,q o r q,q o r q,q o r q,χ o r ɯ χ,q o r q,q o r q,q o r q,q oː r u q,q o r q,q o r u q,q o r q,χ o r ɣ a,q o r q,q o r u q,q o r χ ɯ,q u r q u,q oˁ r t,k o r k,ɢ o r q,q o r t,q o r q,q o r q,k u t t a n
67_feathern,t y k,,,t ø̆ k,j u ŋ,q a n a t,t yː,t y j,,t y k,t i k,,tɕ y g,,,t y k,t y k,,t y k,t y s i,m i m i l u χ,,tɕ y g,q a n a t,,t y k,t y j,j e l e k,tɕ y g,,,t yː
68_femaleofananimaln,d i ʃ i,,i n æ,a m a,t u s i,ɯ r ɣ a tɕ ɯ,t ɯ h ɯ,d i ʃ i,u r ɣ a ʃ ɯ,t i ʃ i,ɯ r ɣ a tɕ ɯ,u r ɣ a ʃ ɯ,t ĭ z ĭ,t i ʃ i,u r ɣ aː tɕ ɯ,t i ʃ i,t ĭ z ĭ,u r ɣ a ʃ ɯ,t i ʒ i,t i ʃ i,t i tɕ i,t i s e,t i ʒ i,t ɯ ʃ ɯ,t e ʃ e,eˁ p ʃ ĭ,d i ʃ i,u r q a tɕ ɯ,d i ʒ i,tɕ i ʃ i,u r ɣ ɔ tɕ i,t ɯ h ɯ
69_fightv,v u r u ʃ,s o ɣ ɯ ʃ,h u ɣ ɯ ʃ,ɕ a b ə ɕ,,k ø t e k l e ʃ,ø l ø r y s,d o k u ʃ,t ø b e l e s,ʥ a ɣ a l a ʃ,t u t u ʃ,t ø b e l e s,u r u s,v u r u ʃ,t ø b ø l ø ʃ,t ø b e l e ʃ,s oː ɣ u s,s o ɣ ɯ s,s o ɣ ɯ ʃ,s y ŋ y ʃ,v u r u ʃ,p e r ɯ s,u r u ʃ,s o ɣ u ʃ,s u ɣ ɯ ʃ,s oˁ q ɯ ʃ,d ø v y ʃ,u r u ʃ,s o d aː l a ʃ,s o q u ʃ,u r i ʃ,o χ s u s
6_3sgpronoun,o,o l,u l,v ŏ l,o l,o,g i n i,o,o l,o l,o l,o l,o l,oː,a l,o l,o l,o l,o l,o l,v u,q o l,o l,o l,u l,o l,o,o l,o l,u,u,k i n i
70_findv,t a p,t a p,t a p,t u p,t a p,t a p,b u l,b u l,t a p,t a b,t a p,t a p,t a p,b u l,t a p,t a p,t a p,t a p,t a p,t a p,t a p f,t a p,t a p,t a p,t a p,t ɯˁ p,b u l,t a p,t ɯ p,t a p,t ɔ p,b u l
71_firen,o d,o t,u t,v u t,o t,,u o t,,o t,o t,o t,o t,o t,h uː t,o t,o t,o t,o t,o t,o t,o t,o t,o t,o t,u t,o t,,oː t,o t,o t,,u o t
72_firewoodn,o d u n,o t ɯ n,u t ɯ n,v u d ə,o d i m,o d u n,m a s t a r,o d u n,o t ɯ n,o t u n,o t u n,o t ɯ n,o d ɯ ŋ,h uː o t u n,o t u n,a ɣ a ʨ,oː d u ŋ,o t ɯ n,,o t u ŋ,oː t ɯ n,o t u n,o d u ŋ,o d ɯ n,u t ɯ n,n e ʃ,o d u n,o d u n,ɯ j a ʃ,o t u n,o t i n,m a s
73_fishn,b a l ɯ ɢ,b a l ɯ q,b a l ɯ q,p u l ə,b a l i k,b a l ɯ q,b a l ɯ k,b a l ɯ k,b a l ɯ q,tɕ a b a q,b a l ɯ k,b a l ɯ q,p a l ɯ χ,,b a l ɯ q,b a l ɯ q,p aː l ə q,b a l ɯ q,b a l ɯ q,b a l ɯ q,b a l u χ,,p a l ɯ q,b a l ɯ q,b a l ɯ q,b a l ɯ q,b a l ɯ q,b a l ɯ q,b a l ɯ q,b e l i q,b a l i q,b a l ɯ k
74_five,b e ʃ,p e ʃ,b e ʃ,p i l ĭ k,b e s,b e ʃ,b i e s,b e ʃ,b e s,b e ʃ,b e ʃ,b e s,p i s,b iː ʃ,b e ʃ,b e ʃ,p æ s,b e s,p e ʃ,b e ʃ,p e ʃ,p i s,p e ʃ,b e ʃ,b i ʃ,b e ʃ,b e ʃ,b æ ʃ,b e ʃ,b æ ʃ,b e ʃ,b i e s
75_flowv,a χ,a q,a q,j u χ,a g,a q,t e h i n,a k,a q,a q,a k,a q,a q,v a r,a q,a q,a q,a q,a q,a q,f y r,a q,a q,a q,a q,aˁ q,a k,a q,a q,a q,ɔ q,s yː r
76_flowern,tɕ i tɕ æ k,tɕ i tɕ æ k,s æ s k æ,,tɕ i tɕ e k,tɕ i tɕ e k,o t,tɕ i tɕ e k,,,tɕ e tɕ æ g i,,tɕ a χ a j a χ,,,tɕ e tɕ e k,,ʃ e ʃ e k e j,ʨ e ʥ e k,tɕ e tɕ e k,tɕ i tɕ e χ,tɕ y tɕ y g,tɕ a q k i j e k,tɕ e tɕ e k,tɕ æ tɕ æ k,a q q a ʃ,tɕ i tɕ e k,,tɕ e tɕ e k,tɕ e tɕ æ k,,
77_flyn,,tɕ e r g æ j,s e b e n,ʃ ə n a,tɕ i b i n,tɕ i b i n,h a k s ɯ r g a,s i n e k,ʃ ɯ b ɯ n,tɕ i b i n,ts i b i n,ʃ ɯ b ɯ n,s e e k,g u d ɣ u,tɕ ɯ m ɯ n,ʥ i b i n,,ʃ ɯ b ɯ n,k ø g e n,q o d ɣ u,p o h tɕ y i n,tɕ i v i n,,tɕ ɯ m ɯ n,tɕ e b e n,s e e k,s i n e k,s i ŋ e k,s e e k,tɕ i v i n,,s a χ s ɯ r ɣ a
78_flyv,u tɕ,o ʨ,o s,v ø̆ ɕ,u tɕ,u tɕ,k ø t,u tɕ,u ʃ,u tɕ,u tɕ,u ʃ,u tɕ u χ,u tɕ,u tɕ,u tɕ,u tɕ,u ʃ,u ʨ,u tɕ,u tɕ,u ʃ,u tɕ u q,u tɕ,o tɕ,uˁ ʃ,u tɕ,u tɕ,u ʃ,u tɕ,u tɕ,k ø t
79_foamn,k ø p y k,,k y b e k,k ŏ b ŏ k,k o b e l e k,k ø p y k,,k ø p y k,k ø b i k,k ø m y k,k ø b y k,k ø b ĭ k,k ø b ĭ k,,k ø b y k,g ø b y k,k oː βʲ y k,k ø b i k,k ø b y k,,,k i v e k,k ø b y k,k ø b y k,k y b e k,k øˁ p y k,k ø p y k,k ø p y r,,k ø p y k,k o p i k,
7_above,y s t y n d æ,y s t,ø s t ø n æ n,ɕ i j ĭ n,ø z æ,y s t,y r d y n e n,y s t y n d æ,y s t i n d e,b a ʃ ɯ n d a,y s t,y s t ĭ n e n,y s t y n d e,,y s t y n d ø,y s t y n d e,,y s t i n d e,y s t,y z,i ʃ t,j y z e,y s t y n d e,y s t y l e,ø s t e nː æ n,yˁ s t y n d e,y z e r i n d e,y ʃ t y n d e,y ʃ t,y s t i d æ,u s t i d a,y r d y n e n
80_fogn,d u m a n,t o m a n,t o m a n,t ø̆ t r e,t u m a n,t u m a n,t u m a n,d u m a n,d u m a n,t u b a n,t u m a n,t u m a n,t u b a n,,t u m a n,t u m a n,,t u m a n,t u b a n,t u m a n,t u m a n,m a n a n,t u b a n,t u m a n,t o m a n,t u m a n,s i s,d u m a n,t u m a n,t u m a n,t u m a n,t u m a n
81_foreheadn,a l ɯ n,,,ɕ a m g a,a l n i,,h yː s,a nː ɯ,,,,,χ a m a χ,h aː n l ɯ,tɕ e k e,,q a m a q,,q a b a q,a l ɯ n,m e n z i,a l ɯ n,q a b a q,,,d o s t a q,a l ɯ n,a l ɯ n,χ a v a q,,,s yː s
82_four,d ø r d,t ø r t,d y r t,t ŏ v a d ə,t o r t,d ø r t,t y ø r t,d ø r t,t ø r t,t ø r t,d ø r t,t ø r t,t ø r t,t øː r t,t ø r t,d ø r t,t ø r t,d ø r t,t ø r t,t ø r t,,d y r t,t ø r t,t ø r t,d y r t,d ø r t,d ø r t,d ø r t,d ø r t,t ø r t,t o r t,t y ø r t
83_freezev,d o n,p u s t a n,t u ŋ,ʃ ə n,,b u z l a,b uː h u r,d o n,m u z l a,b u z l a,b u z l a,m u z + q a t,t o ŋ,b uː z aː q + v aː,t o ŋ,b u z l a,t o ŋ,b u z l a,t o ŋ d ɯ r,t o ŋ,t o ŋ,t o ŋ,t o ŋ,t o ŋ,t u ŋ,d o ŋ,d o n,d o ŋ,d o ŋ,t o ŋ,m u z l a,t o ŋ
84_fruitn,,j e m i ʃ,j e m e ʃ,ɕ i m ĭ ɕ,j e m i s,,,j e m i ʃ,ʒ e m i s,k ø g e t,j e m i s,ʒ e m ĭ s,,,ʥ e m i ʃ,j e m i ʃ,,j e m i s,,j e m i ʃ,,ʥ i m i s,,,ʥ i m e ʃ,,,i j m i ʃ,tɕ i m i s,j i m i ʃ,,
85_full,d o l u,t o l,t u l ɯ,t u l l i,t u l u,t o l u,t o l o r u,d o l u,t o l ɣ a n,t o l u,t o l u,t o l ɯ,t o l d ɯ r a,t uː l a,t o l t u r a,t o l u,t o l d ə r a,t o l ɯ,t o l t ɯ r a,t o l u,t o l u,t o l o,t o l d u r a,t o l o,t u l ɯ,d o l u,d o l u,d o l ɯ,d o l u,t o l u q,t o l a,t o l o r u
86_givev,v e r,b e r,b i r,p a r,b e r,b e r,b i e r,v e r,b e r,b e r,b e r,b e r,p i r,v i e r,b e r,b e r,p æ r,b e r,p e r,b e r,p e r,p e r,p e r,b e r,b i r,b e r,v e r,b e r,b e r,b æ r,b e r,b i e r
87_gov,gʲ e t,b a r,b a r,p ɯ r,b a r,b a r,b a r,g i t,b a r,b a r,b a r,b a r,p a r,v a r,b a r,b a r,p a r,b a r,p a r,b a r,b a r,p a r,p a r,b a r,b a r,b a r,g i t,b a r,b a r,b a r,b ɔ r,b a r
88_good,j a χ ʃ ɯ,j a q ʃ ɯ,j a q ʃ ɯ,,j a c s i,j a χ ʃ ɯ,y tɕ y g e j,i j i,ʒ a q s ɯ,a ʃ χ ɯ,j a χ ʃ ɯ,ʒ a q s ɯ,tɕ a χ s ɯ,,ʥ a q ʃ ɯ,j a χ ʃ ɯ,tɕ a q s ə,j a χ ʃ ɯ,ʥ a q ʃ ɯ,e d g y,j a χ ʃ i,j a χ ʃ ɯ,tɕ a q ʃ ɯ,ʥ a χ ʃ ɯ,j a χ ʃ ɯ,eˁ kː ĭ,i j i,j a ɢ ʃ ɯ,e k i,j a χ ʃ ɯ,j a χ ʃ i,y tɕ y g e j
89_graspv,t u t,t o t,t o t,t ɯ t,t u t,t u t,t u t,t u t,t u t,t u t,t u t,u s t a,t u t,t u t,t u t,t u t,t u t,t u t,t u t,t u t,t u t,t u t,t u t,t u t,t o t,t uˁ t,t u t,t u t,t u t,t u t,t u t,t u t
8_antn,ɢ a r ɯ ʃ ɢ a,,q ɯ r m ɯ θ q a,,,q ɯ m ɯ r s q a,,k a r ɯ m ʥ a,q u m ɯ r s q a,q u m u r s χ a,k u m u r s k a,q u m ɯ r s q a,χ ɯ m ɯ s χ a,g u m u r ɣ aː tɕ,q u m u r s q a,χ o m u r s ɣ a,q u m u r s q a,q u m ɯ r s q a,tɕ u b a l a,q u m u r s ɣ a,q u m u s q a,,q ɯ m ɯ s q a ʃ,tɕ ɯ m a l ɯ,q ɯ r m ɯ s q a,h ɯ m ɯ s q a,k a r ɯ n ʥ a,ɢ a r ɯ n ʥ a,q ɯ m ɯ s q a j a q,tɕ ø m y l i,tɕ u m ɔ l i,k ɯ m ɯ r d a ɣ a s
90_grassn,o t,y l ɛ ŋ,y l æ n,k u r ə k,k u k e l,ø l e n,o t,o t,ʃ ø p,,o t,ʃ ø p,o t,oː t,tɕ ø p,o t,o t,ø l e n,ø l ø ŋ,,tɕ ø p,o h t,ø l e ŋ,ø l ø ŋ,y l æ n,k ø k,o t,o t,oˁ t,o t,o t,o t
91_green,j a ʃ ɯ l,j i ʃ i l,j æ ʃ e l,s i m ĭ s,j a s,j e ʃ i l,k y ø k,j e ʃ i l,k ø k,ʥ a ʃ ɯ l,j e s i l,ʒ a s ɯ l,k ø k,k y ø k,ʥ a ʃ ɯ l,j a ʃ ɯ l,k o k,j a s ɯ l,tɕ a ʒ ɯ l,j a ʃ ɯ l,j aː ʃ ɯ l,j a s ɯ l,tɕ a ʒ ɯ l,ʥ a ʒ ɯ l,j æ ʃ e l,k ø k,j e ʃ i l,j a ʃ ɯ l,,j e ʃ i l,j a ʃ i l,k y ø χ
92_growv,b ø j y,ø s,y θ,y s,o s,ø s,yː n,b yː,ø s,ø s,ø s,ø s,ø s,b i d i,ø s,ø s,ø s,ø s,øː s,,tɕ a ŋ n a,y n,ø s,ø s,y s,øˁ s,b y j y,ø s,ø s,ø s,o s,yː n
93_gutsn,b a ɣ ɯ r s a ɢ,æ tɕ æ w,e s æ k,p ɯ r ʒ ə,i tɕ a g,i tɕ e k,,i tɕ,i ʃ e k,i ʨ e g i,i ts i g i,ĭ ʃ e k,ĭ tɕ e g e,,i tɕ e g i,i tɕ e k,i ʥ iː,i ʃ e k,i ʥ e g e,,p a ɣ s u χ,e tɕ i k ɯ,i ʃ t e,i tɕ e g e,e tɕ æ k,b aː r s ɯ q,b a ɣ ɯ r s a k,i tɕ e g e,i ʒ i n,y tɕ æ j,i tɕ a k,o h o ɣ o s
94_hairn,s a tɕ,ts a ts,s æ s,ɕ y ɕ,x a c,s a tɕ,a s,s a tɕ,ʃ a ʃ,tɕ a tɕ,s a tɕ,ʃ a ʃ,s a s,s a tɕ,tɕ a tɕ,tɕ a tɕ,tɕ a tɕ,ʃ a ʃ,tɕ a tɕ,s a tɕ,s a tɕ,s ɛ ʥ,ʃ a ʃ,tɕ a tɕ,tɕ æ tɕ,ʨ eˁ ʃ,s a tɕ,s a tɕ,d y k,tɕ a tɕ,s ɔ tɕ,a s
95_hard,b æ r k,q a tː ɯ,q a t ɯ,χ ɯ d ə,q a t i,q a tː ɯ,k ɯ t aː n a k,tɕ e t i n,q a tː ɯ,q a t ɯ,q a t ɯ,q a tː ɯ,χ a t ɯ ɣ,,q a t uː,q a tː ɯ,q aː d ə ɣ,q a t ɯ,q a d u,q a t ɯ ɣ,χ ɯ tː i,q a t ɯ ɣ,q a d ɯ ɣ,q a t u,q a t ɯ,q aˁ t ɯ ɣ,k a t ɯ,ɢ a t ɯ,q a d ɯ ɣ,q a tː i q,q a tː i q,k ɯ t aː n a χ
96_headn,b a ʃ,p a ʃ,b a ʃ,p u ɕ,b a s,b a ʃ,b a s,b a ʃ,,b a ʃ,b a ʃ,b a s,p a s,b aː ʃ,b a ʃ,b a ʃ,p a s,b a s,b a ʃ,b a ʃ,p a ʃ,p a ʃ,p a ʃ,b a ʃ,b a ʃ,b aˁ ʃ,b a ʃ,,b a ʃ,b a ʃ,b ɔ ʃ,b a s
97_hearv,e ʃ i t,i ʃ i t,i ʃ e t,i l t,e s i t,e ʃ i t,i h i t,i ʃ i t,e s i t,e ʃ i t,e s i t,e s ĭ t,i s,i ʃ y t,u q,e ʃ i t,æ s,e s i t,u q,e ʃ i t,i ʃ t i,t i nː a,u q,u q,i ʃ e t,d ɯ ŋ n a,i ʃ i t,e ʃ i t,d ɯ ŋ n a,i ʃ i t,e ʃ i t,i h i t
98_heartn,y r æ k,j ø r ɛ k,j ø r æ k,tɕ ĭ r e,,j y r e k,h y r e k,y r e k,ʒ y r e k,ʥ y r e k,j i r e k,ʒ y r e k,tɕ y r e k,j i r æ k,ʥ y r e k,j y r e k,tɕ y r e k,j y r e k,tɕ y r e k,j y r e k,j i r i g,j y r e k,tɕ y r e k,ʥ y r e k,j ø r æ k,tɕ y r e k,,j y r e k,tɕ y r e k,ʒ y r æ k,j u r a k,s y r e χ
99_heavy,a ɣ ɯ r,a w ɯ r,a w ɯ r,j ɯ v ə r,a g e r,a ɣ ɯ r,ɯ a r a k a n,aː r,a w ɯ r,a w u r,a v u r,a w ɯ r,aː r,a ɣ i r,oː r,a w u r,aː r,a w ɯ r,aː r,a ɣ ɯ r,a ɣ ɯ r,a ɣ ɯ r,aː r,uː r,a w ɯ r,aː r,a ɣ ɯ r,a ɣ ɯ r,aː r,e ɣ i r,ɔ ɣ i r,ɯ a r a χ a n
9_armhandn,ɢ o l,q o l,q u l,χ u l,e l,q o l,i l iː,k o l,q o l,q o l,k o l,q o l,χ o l,q o l,q o l,q o l,q o l,q o l,q o l,q o l,q o l,q o l,q o l,q o l,q u l,q o l,k o l,ɢ o l,χ o l,q o l,q o l,i l iː
