Cognate_ID	Apurina	Inapari	ProtoPurus	Yine
100_worm1	ts o m i	t o m í/i	ts o m i	ts o m i
101_worm2	k ẽ tʃ i	u r i + h é/e n i	k e n ɨ	ç n ɨ + tʃ i
102_fishgeneric	ʃ i m a + k ɨ	h i m á/a	s i m a	ʃ i m a
103_piranafishsp	o m a	h u m á/a	h u m a	h o m a
104_crab		j u t ú/u r o	j u t ú/u r o	j o t l o
105_bat	ʃ i j o + k ɨ	h i j ú/u + h ɨ	s i j u	ʃ j o
106_birdsp1	m a j o r ɨ	m a j ú/u r i	m a j u r ɨ	m a j l ɨ
107_birdsp2	i r ẽ k a	h i r é/e ʔ a	h i r e k a	h i j e k a
108_birdsp3		h i tʃ i tʃ í/i	h i t i t i	h i c/tʃ i c/tʃ i
109_hummingbird		h i w e j ú/u r i	s i w e j ú/u r ɨ	ʃ w e j l ɨ
10_nose	k i r i	h i r í/i + t i	k i r i	h i + ç r i
110_duck	o p a i	h u p a í/i	h u p a i	h o p ʃ i
111_eagle	k o k o i	u ʔ u í/i	k u k u i	
112_owl	m u s a	m u ã́/ã	m u s a	m o s a
113_tree	ã a m ɨ n a	h a á/a m ɨ n a	h a h a + m ɨ n a	h a h m ɨ n a
114_palmsp	k o n a + k ɨ	ú/u n a	k u n a	k o n a
115_cane		a t a r í/i	k a ts a r ɨ	k a ts l ɨ
116_branch	p o r ɨ	p u r í/i	p u r ɨ	h i + p l ɨ
117_woodstick	k e	a n o + h e + t í/i	k e	h i + ç e
118_seed	k ɨ	r a n á/a + h ɨ	k ɨ	h i + ç i
119_shellhusk		p á/a tʃ a	p a t a	h i + p a t a
11_bone	a p ɨ	a p ɨ + t í/i	h a p ɨ	h i + h a p ɨ
120_flower	ɨ̃ɨ̃/ɨ̃ w ɨ	a á/a w ɨ́/ɨ r ɨ	h ɨ w ɨ	h i + hw/hʷ ɨ
121_leaf		a ɨ r e r i	k a + s ɨ r e + r ɨ	h i + s ɨ r e
122_coca	k a ts u p a r ɨ	a t u p a r í/i	k a ts u p a r ɨ	
123_sweetpotato	k ɨ p a r ɨ	h ɨ p á/a r i	k ɨ p a r ɨ	ç i p a l ɨ
124_bittermanioc		a n ɨ r ɨ́/ɨ	k a n ɨ r ɨ	k a n r ɨ
125_manioc		h i m e ʔ á/a	k i m e k a	ç i m e k a
126_maize		h i s í/i	s i + k ɨ	ʃ i ç i
127_smokedmeat		h u r ú/u tʃ i	h u r u t ɨ	h o l o t ɨ
128_pepper		u m a r í/i	k u m a r ɨ	k o m l ɨ
129_achiote	ã p ɨ k ɨ r ɨ	h a p í/i s í/i r i	h a p ɨ k ɨ r ɨ	h a p i ç r ɨ
12_back		tʃ a h ɨ́/ɨ + t i	t a k ɨ	h i + t ç i
130_medicine	p i ɲ i	p i n i + t í/i + r i	p i n i	p i n + r e
131_sun	a t o k a tʃ i	t u ʔ a t í/i	a t u k a ts i	t k a tʃ i
132_moon	k a s ɨ r ɨ	a ɨ r ɨ́/ɨ	k a s ɨ r ɨ	k s ɨ r ɨ
133_night		j á/a t i	j a ts i	j e tʃ + n o
134_yesterday		a p e tʃ á/a	k a p e t a	k a p e t + h o h n e
135_wind	i	h i tʃ í/i m a	h i t i m a	
136_rainbow	k ɨ s i		k ɨ s i	k ʃ i
137_lake	ɨ p o w ã	h i p u ã	h ɨ p u + h a	h i p o wh/w̥ a
138_water		h u n í/i	h u n ɨ	h o n ɨ
139_rain		h i n á/a	h i n a	h i n a
13_breast	t e n ɨ	tʃ i n i	t e n ɨ	t n ɨ + tʃ i
140_firefirewood		t i t í/i	ts i ts i	tʃ i tʃ i
141_firefirewood2		p á/a w a	p a w a	n o + p a w a
142_hole		a + p ɨ n a + r í/i	p ɨ n a	h i + p n a
143_stone		h u tʃ á/a r í/i + s í/i	s u t a r ɨ	s o t l ɨ
144_pain		a t i n u + r í/i	k a ts i n u	k a tʃ i n o + l ɨ
145_tobehave	a w a	r + a w a + m a	a w a	r + a w a
146_toarrive	a p o k a	r + a p ú/u ʔ a + m a	a p u k a	h a p o k + l ɨ
147_tocome	ɨ n a	r + ɨ n a + m a	ɨ n a	r + ɨ n a
148_toreturn		i + a t u ʔ a + p a + m á/a	s a t u k a	s a t o k + l ɨ
149_towalk	j a n a	i + j a n á/a + m a	j a n a	j a n + r ɨ
150_topass		r ɨ + ʔ u n ṹ a + m a	k u n u h a	r ɨ + k n o h a
151_tostep		r + a ʔ a p a + á/a + m a	a k a p a	h + a k a p + ʃ o + l ɨ
152_togrow		i + t e r í/i + tʃ a + m a	ts e r ɨ + t a	i + ts e r ɨ + w a + t a
153_tosing	ʃ i k a		s i k a	ʃ i k a + l + w a + t a
154_toeat	ɲ i k a	i + n i ʔ á/a + m a	n i k a	n i k a
155_toswallow		i + n i ʔ u r u ʔ a + m á/a + r i	n i k u r u + k a	n i k l o k + l u
156_tosay		i + t i n á/a + m a	ts i n a	tʃ i n + r ɨ
157_tospeak		r i + t u ʔ á/a n a + m a	t u k a n V/ə	t o k a n ɨ + w a + t a
158_tocommand		i + j u ʔ a n a + m á/a + r i	j u k a n a	j o k a n + r ɨ
159_tocall		i + t u m áá/aː + r i	t u m a + h a	t o mh/m̥ a + l ɨ
15_chest	t o r o + t a	t u r ú/u + tʃ a + t i	t u r u	
160_tobreathe		i + n a n í/i + m a	n a n i	h i + n n i
161_towash1	k i p a	i + h i p á/a + m a + r i	k i p a	
162_towash2	e r o k a		e r O/o k a	t + e r k a + l ɨ
163_toswim	n o ã + t a	r + a n o + ʔ a + m á/a	h a n o + h a	h a n o h + l ɨ
164_tobath		i + ʔ áá/aː + m a	k a	k a + w a
165_toplantput	t a k a	r ɨ + tʃ a ʔ a + m a	t a k a	r ɨ + t a k + l ɨ
166_todig		i + h ɨ t ú/u + m a	s ɨ t u	s i t o + t + l ɨ
167_topeel		i + tʃ a r aː + m á/a + r i	t a r a h a	t a lh/l̥ a + l ɨ
168_tohear	k e m a + k o	i + h a m a + m á/a	k e m a	ç e m a
169_tosee	e t a m a	r + e tʃ á/a + r a + m a	e t a	r + e t + l ɨ
16_heart	ã k ɨ + p a	a h ɨ́/ɨ + p a + t i	h a k ɨ	h a ç + tʃ i
170_tolearn		r + ɨ m a + tʃ a	ɨ m a + t a	r + ɨ m a + t a
171_tofear	p i k a	i + p i ʔ á/a + m a	p i k a	p i k a
172_tosleep	ɨ m a k a	r + ɨ m ɨ ʔ á/a + m a	ɨ m a k a	r + ɨ m k a
173_toliedown		r ɨ + ʔ u r i + a + m a	k u r ɨ + h a	h i + k l ɨ h + l ɨ
174_todie	ɨ p ɨ̃/ɨ̃ + p e	r + ɨ p ɨ n á/a + m a	ɨ p ɨ n a	h i p n a + l ɨ
175_tokill	o k a		h O/o k a	r ɨ + h k a + l ɨ
176_tocook		r ɨ + w a r a + m á/a + r i	w a r a	h i + w l a + l ɨ
177_toroast		i + ʔ u tʃ a + m á/a + r i	k u t a	k o t a + ç i + t + l ɨ
178_togrind		j u h i + r í/i	j u k i	j o ç + r ɨ
179_tofetch	a p a	r + a p a + tʃ í/i + m á/a + r i	a p a	r + a p a + t + l ɨ
17_liver	o p a n a	u p a n á/a + t i	h u p a n a	h i + h o p n a
180_tosew		i + j u t ãː + r á/a + m a	j u ts a + h a	j o tsʰ a + l ɨ
181_pregnant	m i ʃ i	a m i r ú/u	m ɨ s i	k a + m ʃ i + r o
182_hungry	n a tʃ i	n a t í/i	n a ts i	n a tʃ i
183_shy	p a t e + t a	a + p a t e + r í/i	p a t e	p a t e + w a + t a
184_hot		h a m e + m á/a + r i	h a m e	h a m e + t + l ɨ
185_cold	tʃ ĩ k a r e		k a + tʃ i k a r e	k a + tʃ i k l e + r ɨ
186_wet		p o t e j á/a + m á/a + r i	p o ts e j a	p o ts j a + l ɨ
187_dry		p u p e r í/i + m á/a + r i	p u p e r i	p o p r i + r i
188_new		h e r ú/u tʃ i	h e r u t ɨ	h e r o t ɨ
189_heavy		p ɨː n o r ɨ	p O/o + h ɨ n o + r ɨ	h i n o l ɨ
18_blood	e r ẽ k a	ɨ r áá/aː + t i	h ɨ r a + h a	h i + h r a h a
190_above		t é/e n o	t e n o	t e n o
191_below		r a p ɨ tʃ a	r a p ɨ	r a p ɨ k o
192_coremiddle		a n i ʔ a + h ɨ	a n i k a + k ɨ	r + a n i k a + ç i + t e
193_two	e p i	h e p í/i	h e p i	h e p i
194_three		m a p á/a	m a p a	m a p a
195_clliquid	ã	ã	h a	h i + h a
196_clcylindrical		p i	p i	p i
197_gendermasc	r ɨ	r ɨ	r ɨ	r ɨ
198_genderfem	r o	r o	r o	r o
199_progressive	n a n ɨ		n a n ɨ	n a n ɨ
19_flesh		ɨ tʃ i + t í/i	h ɨ t ɨ	h i + h i t ɨ
1_body	m a n e	m a n á/a + ʔ a + t i	m a n e	m a n e
200_iterative		n a ʔ a	n a k a	t + n a k a
201_intensive		j a ʔ a	j a k a	j a k a
202_intensifier		p u tʃ i	p u t ɨ	p o t ɨ
203_causverblzr	k a	a	k a	k a
204_adjectivizer	p o	p o	p O/o	p o
205_verbalizer	t a	tʃ a h i	t a	t a
206_absolute	tʃ i	t i	ts i	tʃ i
20_veins	k o ts a	u t a + t í/i	k u ts a	h i + k o ts a
21_buttocks		m u t u + t í/i	m u t u	h i + m o t o
22_leg		tʃ a p a r í/i + t i	t a p a r i	h i + t p a l i
23_thigh	p o r i + k e	p u r í/i + n a + t i	p u r i	
24_knee		u h ɨ́/ɨ + tʃ a + t i	s u k ɨ	h i + s o ç i
25_shin		p a r ú/u + t i	p a r u	h i + p a l o + ç i
26_foot	k i t i	h i tʃ í/i + p a + t i	k i t i	h i + ç i c/tʃ i
27_arm	k a n o	a n o + h e + t í/i	k a n o	k a n o
28_elbow		h i t u + r é/e + h ɨ + t i	h i ts u	h i ts o + h e + r e
29_hand	p i o	m u j ú/u + t i	m u j u	h i + m j o
2_head	k ɨ w ɨ	h ɨ w ɨ́/ɨ + t i	k ɨ w ɨ	ç i w ɨ
30_neck	n o + k ɨ	n u + p i + t í/i	n u	h i + n o + ç i
31_skin	m a t a	m a tʃ á/a + t i	m a t a	h i + m t a
32_navel		p u r ú/u + h ɨ + t i	p u r u	h i + p l o
33_tail	ʃ i p i	i p i + t í/i	s i + p i	h i + n ʃ i
34_wing	m e k ɨ	m e h ɨ́/ɨ + tʃ a + p i + t i	m e k ɨ	h i + m e ç i
35_egg	n a k ɨ	a + n a h ɨ + r ɨ́/ɨ	n a k ɨ	h i + n a ç i
36_feces	t i k a + t i	r i + tʃ i ʔ á/a + m a	t i k a	r ɨ + tʃ k a
37_fart		ɨ h ɨ n ɨ́/ɨ + t i	ɨ k ɨ n ɨ	h i ç n ɨ + tʃ i
38_urine	ts ɨ n ã a	t ɨ n ɨ́/ɨ + t i	ts ɨ n ɨ + h a	ts ɨ nh/n̥ a
39_fat	ĩː		i h i	ç + h i + r ɨ
3_eye	o k ɨ	o h ɨ + t í/i	h o k ɨ	h i + h o ç i
40_name	i w ã k a	ɨ w á/a ʔ a + t i	h ɨ w a k a	h i w a k a
41_house		p a n a + t í/i	p a n a	p a n + tʃ i
42_village	a w a + p o k o	i + p ú/u ʔ ú/u + r i	p u k u	p o k + tʃ i
43_nest		i j á/a r i + t i	s i j a r i	h i + ʃ a l e
44_path		h a tʃ i n í/i	h a t ɨ n ɨ	h a t n ɨ + h a p o
45_path2	ã p o + r ɨ		h a p O/o	h a t n ɨ + h a p o
46_bow	t a p o	tʃ a p ú/u + r i	t a p u	h i t p o
47_arrow		h a á/a r i	k a s i r i	k a ʃ r i
48_rope	ts a	i + t á/a	ts a	h i + ts a
49_canoe	k a n a w a	a n a w á/a	k a n a w a	k a n a w a
4_earhole	k e n a k o + k ɨ	h a n á/a ʔ o + t i	k e n a + k o	ç n a k o + p n a
50_raft		p ɨ m á/a r i	p ɨ m a r ɨ	p ɨ m l ɨ
51_person	k ã k ɨ t ɨ	a h ɨ́/ɨ tʃ i	k a k ɨ t ɨ	k a ç i t ɨ
52_spiritsoul	k a m a tʃ i	a m á/a t i	k a m a + t i	k a m tʃ i
53_man	k ɨ k ɨ	e h ɨ́/ɨ	k e k ɨ	ç e ç i
54_woman	s ɨ t o		s ɨ t i O/o	s ɨ c/tʃ o
55_father	ɨ r ɨ	ɨ r ɨ́/ɨ + t i	h ɨ r ɨ	r + ɨ r ɨ
56_father2	p a t ɨ		p a t ɨ	p a t ɨ
57_mother	ɨ n ɨ r o	ɨ n ɨ r ú/u + t i	ɨ n ɨ r u	r + ɨ n r o
58_mother2	n a t ú/u	n a t ú/u	n a t u	n a t o
59_son		t ɨ r ɨ́/ɨ + t i	t ɨ r ɨ	h i + t ɨ r ɨ
5_hairfeather	p i t i	p i tʃ i + t í/i	p i t i	p i c/tʃ i
60_daughter		i t ú/u + t i	s i t u	r ɨ + ʃ i tʃ o
61_grandson	m e k a ɲ i + r ɨ	m e ʔ a n i + r í/i + s i + t i	m e k a n i + r ɨ	h i + m e k a h j i
62_granddaughter	m e k a ɲ i + r o	m e ʔ a n i + r ó/o + h ɨ + t i	m e k a n i + r o	t o + m e k a h j o
63_fatherinlaw	i m a t ɨ k ɨ + r ɨ	i m a t u h ɨ t í/i + r i	h i m a t u k ɨ	h i m a t ç i + r ɨ
64_motherinlaw		i m a h ɨ + t í/i + r o	h i m a k ɨ	h i m a ç i + r o
65_nephewniece		p a r i ʔ a r e + r ó/o + t i	p a r i k a r e	p a l i k l e + r ɨ
66_youngerbrother	e p ɨ r ɨ	e p ɨ r ɨ́/ɨ + h ɨ + t i	e p ɨ + r ɨ	r + e p ɨ r ɨ
67_youngersister		e p ɨ r o + h ɨ + t i	e p ɨ + r o	r + e p ɨ r o
68_grandmother	a k ɨ r o	a h ɨ r ó/o + t i	a k ɨ r o	r + a ç i r o
69_grandfather	a t o k ɨ r ɨ	a t u h ɨ r ɨ́/ɨ + t i	a t u k ɨ r ɨ	r + a t ç i r ɨ
6_mouth	n a m a	n a m á/a + t i	n a m a	n a m a
70_pet	p ɨ r a		p ɨ r a	p r a + tʃ i
71_pacarodentsp	k a j a t ɨ	a j á/a tʃ i	k a j a t ɨ	k a j a t ɨ
72_capybara		h i p e tʃ í/i	h i p e t ɨ	h i p e t ɨ
73_rat	k o tʃ i	u t í/i	k u ts i	k o tʃ i
74_agouti	p e k i r i	p e h i r í/i	p e k i r i	p e ç r i
75_coati	k a p i ʃ i	a p íí/iː	k a p i s i r i	k a p ʃ i
76_peccarysp1	m e r i t i	m e r í/i tʃ i	m e r i t i	m r i c/tʃ i
77_peccarysp2	i r a r ɨ	h i r á/a r i	h i r a r ɨ	h i j a l ɨ
78_anteater		h ɨ w á/a	s ɨ w a	s ɨ w a
79_tapir	k e m a	h a m á/a	k e m a	ç e m a
7_lip	p o t o	p o t u + m a tʃ á/a + t i	p o t u	h i + ʃ a + p t o
80_capuchinmonkey	tʃ i k o t ɨ	t i ʔ u tʃ í/i	ts i k u t ɨ	tʃ k o t ɨ
81_howlermonkey	k i ɲ a	a í/i n a	k a i n a	k i n a
82_sloth	m a k a r a	m a ʔ á/a r a	m a k a r a	
83_snake	ɨ m ɨ n ɨ	h i m e n í/i	h ɨ m e n ɨ	h i m n ɨ
84_boa		m a p i t í/i r i	m a p i ts i r i	m a p tʃ i r i
85_alligator	k a j u k ɨ r ɨ	a j ú/u h ɨ r ɨ	k a j u k ɨ r ɨ	k ʃ i j o ç r ɨ
86_turtle	s ɨ̃/ɨ̃ p ɨ r ɨ	h i p ɨ́/ɨ r ɨ	s ɨ p ɨ r ɨ	s ɨ p r ɨ
87_ant	k a tʃ i t ɨ	a t í/i tʃ i	k a ts i t ɨ	k a tʃ i tʃ i
88_isulaantsp	m a ɲ iː	m a n e ĩ́/ĩ	m a n a h i	m a n a h i
89_termite	k a m a r a	a m a r á/a + h ɨ	k a m a r a	k a m l a
8_beard	ʃ i ã p o t o	i j a p o t ú/u + t i	s i a + p o t u	h i + ʃ a + p t o
90_wasp	s a n ɨ	h a n í/i	s a n ɨ	s a n ɨ
91_mosquito	a ɲ iː o	h a n i j ú/u	h a n i j u	h a h j o
92_beehoney	m a p a	m a p a á/a	m a p a	
93_fly		h e r í/i + s i	k e r ɨ	ç e r ɨ
94_butterfly	k a t a t ɨ	a tʃ a t ú/u	k a t a t u	k a t a t o
95_cockroach	ts o p a t a	t o p a tʃ a	ts o p a t a	
96_spider		p ɨ tʃ a á/a n a	p ɨ t a h a n a	p ɨ tʰ a n a
97_scorpion		h e ʔ u r ú/u	h e k u r u	h e k l o
98_tick		u p á/a r i	k u p a r ɨ	k o p l ɨ
99_louse		h a p á/a + t i	k e p a	h i + ç e p a
9_tongue	n ɨ n ɨ	n e n í/i + p a + t i	n e n ɨ	h i + n n ɨ
