Cognate_ID	Aha	Dzawinai	Ehe	Hohoodene	Kowaidakenai	Kumadene1	Kumadene2	Mauliene	Moliwene	Name	Oho	Tariana	Waliperi	Werekena
Chacon-2019-220-100_louse	t oː i d a	t u i d a	t u i d a	t u i d a	t u i d a		iː tʰ e a k a	t u i d a	t u i d a	t u i d a	t u i d a	i n i s i	t u i d a	ts u i t a
Chacon-2019-220-101_hear	h i m i k a d a	h i m a	h i m a k e t i	wʰ eː m a	h i m a k a		h i m a	wʰ iː m a k a	i h m ɛ̃ ts ɯ	h i m i k e t i	h i m a k e t i	ã ũ h e m ã n i p ɛ	h j ũ m a k a	
Chacon-2019-220-102_heart	l i k a o l e	ɽ i k a ɽ e	l i k aː l e	n u k aː ɽ ɛ	ɽ i k aː ɽ e	w a k a ɾ ɛ	n u k a u ʐ a i	n u k a ɽ e	n u k a ɽ ɛ	l i k a o l e	l i k aː l e	p a k a ɾ e d a		n u m ẽ t u ɐ n a
Chacon-2019-220-103_heavy	h a m i j a d a l i		h a m e ɾ u	h a w i j̃ a d a ɽ i			h a m i a	h a m n a ʐ o		h a m i j a d a l i	h a m i j a d a l e	h a m i a p e ɾ i	h a m i j̃ a d a ɽ i	j a b ɛ m a ɽ i
Chacon-2019-220-104_here	a h a i t e		aː h a	a i j a h ã			aː h i	a j a h ã	a j a h ɐ̃	a j a h e	l i p e dz a	h a ĩ mʰ a d e n u k i u h a k ə n i	a j a h ɐ̃	w ɐ n i h i
Chacon-2019-220-105_hit	iː n o k a d a	p ĩ a n i	i t o d a k a i t a	p a t u d a k ɐ n i	p i p e j d e p e n i		n u j aː k a ã	n u i p a t u i t a k a n i	p ɐ̃ h j̃ a k a n i	i ɲ aː k e t i	i ɲ aː k e t i	n ã ɲ ã n ĩ p ɛ		p i p ɛ t ɛ
Chacon-2019-220-106_hold	h i p a k a d a k a i d a	pʰ i p aː n i	h i p aː kʰ e tʰ i	n u t a ʐ a w a t a k ɐ n i	p i p i t a s u k a n i		h ĩ p a k ã ŋ	n u a p o a ɽʰ i o p a n i	k i p ɐ n i	h i p a k e t i	h i p a k e t i	i h e t a n a p e i k u		p i d a k u i t a h ə
Chacon-2019-220-107_horn		ɽ i ts u a		ɽ i ts o w a	ɽ i ts u a		ɽ i tʃ i w a	ɽ i ts u a	ɽ i ts u a			l i ts a w i	i t u a	ts o w a
Chacon-2019-220-108_hot	h a m o d a l i	h a m o	h aː m u	h ɐ̃ m u k a n i	h a m u k a n i		h a m u k a	h a m u k a n i	h a m ũ d a ɽ i	h a m o d a l i	h a m o d a l e	h a m ũ m ã wʰ ã	h a m õ	a t a l i
Chacon-2019-220-109_how		kʷ a m e		k o a m ɛ	t e dz u		kʷ a mʰ eː	k ɔ a mʰ ɛ	k ɔ a m ɛ			k o e nʰ ã ɾ ã	k o a m ɛ	i s i d ɛ m a h ã
Chacon-2019-220-10_sand	h i p a i p e	k a i d a	k a i d a k u a	k a j d a	k a i d u k o a	k a i d a kʷ a	k a i d a	k a j d a	k a j d a	k a i d a	k a i d a	k a i d a kʷ a	k a j d a	j a tʃ i n a h a
Chacon-2019-220-110_hunt	i k u p e ɾ e t a k a d a		iː ts a l a t a k e t i							k a s aː k e t i	i k a s aː k e t i			
Chacon-2019-220-111_husband	ɾ o i n i ɾ i		ɾ u i n i ɾ i	n u i n i ʐ i		j o s a n i ɾ i	ɽ u i n i ʐ i	n u i n i ʐ i	ʐ u i n i ʐ i	ɾ u i n i ɾ i	ɾ u i n i ɾ i	d u ts a n i ɾ i	n u i n i ɽ i	n ũ m ĩ h ĩ
Chacon-2019-220-112_i	nʰ o a		nʰ u a				nʰ o a	nʰ o a	nʰ o a	nʰ o a	nʰ u a	n u h ã	nʰ u ɐ̃	
Chacon-2019-220-113_homeathome				ɽ iː p ɐ n a ɽ i k o			n u p a n a ɽ i k u	p a n t i ʐ i k o	ɽ i p a n a w i			w i h a p ə n i ts i s ɛ	p ɐ̃ː t i + i w a w a ɽ i k o	p a n i s i w ɛ h ẽ
Chacon-2019-220-114_in	ɾ e k a		ɾ i k u							ɾ i k o	ɾ i k o			
Chacon-2019-220-115_inside	l i w a w a l i k o		l i w a w a ɾ i k o							l i w a w a l i k o	l i w a w a l e k a			
Chacon-2019-220-116_jaguar	j aː w i		dz a w i							j aː w i	dz aː w i			
Chacon-2019-220-117_kill		n u i n o a k a	i n u a k e t i	w a j n o a k a n i	n u t u ɽ u a k a	w a j d o a n ĩ p ɛ	n u i n i o k a	n u i n o a k a	ɽ i n o a k a n i	iː n o k e t i	i n o a kʰ e t i	n ã ĩ n u ã h ĩ n ʊ̃ p ɛ	n u i n o a k a	n u j u tʃ i a
Chacon-2019-220-118_knee		h i u ʃ i		h aː ʃ i	n uː ʃ i		n u ʐ i p a d a	n u s i	ɽʰ i o ʐ i			tʰ u s i s i d a	ɽ i u ʃ u a tʰ e	n u kʷ a ɾ i t a ɽ e
Chacon-2019-220-119_know	j a nʰ i k a d a	n u a nʰ e k a	aː nʰ e k e t i	w aː h ẽ k i̥/i	n u a nʰ e		n u w a nʰ ẽ o k a	n u w a nʰ e n i	w a h l j ẽ ts a	j a nʰ eː k i	j a nʰ e kʰ e t i	p a e k a n i p ɛ	n u a h e n i	n u ts ɛ m i
Chacon-2019-220-11_above	l i eː k u e t e	ɽ iː k a	l i n a k o	ts ɛ n o n i s ɛ	ɽ iː k a h e		ɽ i a n i h o n i p e	dz e n o ʐ e		l i eː k u a n a	l i e k o a n a	ĩ h i e n u n i s ɛ		n i w a b a
Chacon-2019-220-120_lake	k aː l i t a		k aː l i t a							k aː l i t a	k a l i t a	m ã k a n a n ĩ		
Chacon-2019-220-121_tapuru				aː k o ʐ o			i u ʐ i	a k o ʐ o	a k o ʐ o			h i n ĩ s i	aː k o ɽ o	
Chacon-2019-220-122_leaf	l i pʰ e	ɽ iː pʰ e	l iː pʰ e	ɽ i pʰ ɛ	ɽ iː pʰ e		p a n a pʰ e	ɽ í/i pʰ ɛ	ɽ i pʰ ɛ	l i pʰ e	l i pʰ e	d i hʲ a pʰ ɛ p ɛ	ɽ i pʰ ɛ	ts aː p ɛ
Chacon-2019-220-123_left	i p a t o l i e m e t e	p aː t u ɽ i	p a t o l i e m a t i	p aː t o ɽ i	p aː t u ɽ i			i n a ʐ e m a		iː n a ɾ o eː m a	l i p a t o l i eː m a	p a s o ɾ e m ã		n ɐ n u
Chacon-2019-220-124_leg	l i k a w aː p a		l i k oː	ɽ i k a w a		w a j p a m ɐ	n u k a w a p a	n u k a w a p i	w a k a w a pʰ i	l i k a w a n a	l i k a w aː p i	p a i h i		n u tʃ i p a ɽ a
Chacon-2019-220-125_lying	j a k a d a j o a	ɽ i ʂ u a k a w a	i s ɾ u aː k t i	ɽ i k o a k a w a	n u ʂ u a k a	w a kʷ a n ĩ p ɛ	ɽ i u h aː k a o	n u s u a k a w a	n o ʂ o a k a	i k o aː k e t i	i t a k aː k e t i	n i ts u a k a n ʊ kʷ a nʰ ɛ̃	ɽ i ʂ o a k a w a	n u t u ɐ̃ mʰ ɐ̃ b a ɽ a
Chacon-2019-220-126_lightv	i k e ɾ a t a k a i t a									i k e ɾ a t a k e t i	i k e ɾ a t a k e t i			
Chacon-2019-220-127_lips				p a n u m a j a				n u n u m a j a	n u n u m a j ɛ			l i n ʊ m ʊ p u k i	ɽ i n u m a j a	
Chacon-2019-220-128_liver	l i s ɾ o p a n a	ɽ i ʃ u p a n a	l i k a v a ɾ e	n u ʃ u p a n a	ɽ i k a b a ɽ e		ɽ i u p a n a	n u ʃ u p a n a	n u ʃ u p ɐ n a	l i s ɾ u p a n a	l i s ɾ u p a n a	p ə k ə ɾ e t ã n a		n u p ɐ n a
Chacon-2019-220-129_long	h a l i p a n i pʰ a	j a p i	j aː p i	h a n i p a d a ɽ i	j a p e a p a ɽ i		h a ɽ i p a	t o ɽ o ɽ i p u k a n i		h a l i p a d a l i	j a p i d a l e	l i a k a w a n ĩ p a s i	j a p i kʰ a j	b a ɾ ɛ d e ɾ i
Chacon-2019-220-12_afternoon	d eː p i n a		d eː p i n a							d a i n o m a	d eː p i n a			
Chacon-2019-220-130_man	aː ts i a	ã tʃ i a ɽ i	a ts i n a l i	a tʃ i a ɽ i	a tʃ i n a ɽ i	a tʃ ĩ ã ɾ i	aː t i a	tʃ i a ɽ i	a tʃ i a ɽ i	aː ts i a	aː ts i a	ã tʃ i a ɾ i	a tʃ i ã ɽ i	e n a m i
Chacon-2019-220-131_many	h u ɾ e	m a n u p e	h u ɾ e	m a n u p ɛ	m a n u p e k a		eː p a	m a n u/u p ɛ	m a n u p ɛ	h o ɾ e	h u ɾ e	h a n ʊ̃ p ɛ	m ɐ n u p ɛ	a s u p ɛ ɾ i
Chacon-2019-220-132_milk				n u i n i a			ɽ iː n i a	n u i n i a				h i n i ts i a	h i n i aː t i	i j a p ɐ n ɐ
Chacon-2019-220-133_moon		k eː ʐ i		k eː ɽ i	k eː ɽ i		k eː ʐ i	k eː ʐ i	k eː ɽ i			k eː ɾ i	tʃ ɛː ɾ i	a s i t a
Chacon-2019-220-134_morning	d e p i t o		d eː p i t u a							p i o + p i n a k o	d eː p i t o a			
Chacon-2019-220-135_mother	n o d u a + d o a t i		n uː d u a	nʰ u d o a		h a d w a	nʰ u d w a	nʰ u d o a	h a d o a	n o d u a	n o d o a	n ãː k ã	h ɐ̃ d o a	n u s o ɾ o w a m i
Chacon-2019-220-136_mountain	a w a k a d a	h i dz a p a	a w a k a d a	h i dz a p a	h i dz a p a		h iː p a n a	h i dz a p a	h i dz a p a	h iː p a n a	h i dz a p a	h i a p a	h i dz a p a	j̃ a p a
Chacon-2019-220-137_mouth	l i n o m a	ɽ i n u m a	l i n o m a	ɽ i n u m a	ɽ i n u m a	w a n õ m ɐ		n u n u m a	ɽ i n u m a	l i n o m a	l iː n o m a	l i h e n ĩ	ɽ i n u m a	n u n u m a
Chacon-2019-220-138_name	l iː p i t a n a	ɽ iː p i t a n a	l i p i t a n a	ɽ iː p i t ɐ n a	ɽ iː p i t a n a		n u i p i tʰ i a n i	p e p i t a n a	ɽ iː p i t ɐ n a	l iː p i t a n a	p iː p i t a n a	ɾ i p i t a n a i a n ʊ k a	a tʃ i ã ɽ i	i s i n a
Chacon-2019-220-139_narrow	m e d a d a l i		ts u i t e	ts oː d a ɽ i			ts u a p o	ts uː k a ts a n i		ts oː k a i	ts oː p e k i	h e s a k a d e w a n ʊ t u k i	ts oː p ɛ k i	a ɾ ɛ p i l i
Chacon-2019-220-13_all	p i o m i	pʰ i u m e	p a d eː n i ɾ i	pʰ i o m ɛ	k a n a k u d a		pʰ i u m e	pʰ i u m ɛ	pʰ i u m ɛ	p i o m i	p a d e n i ɾ i	m e h a n ʊ̃ p ɛ	pʰ i o m ɛ	p a j ɛ ɾ o i
Chacon-2019-220-140_navel				ts eː p o ɽ ɛ			h ẽ p u h e	n u m u tʃ i	nʰ u ɛ p o ɽ ɛ			pʰ e p u ɾ e d a	nʰ u ɛ p o ɽ ɛ	n u m u d ɛ
Chacon-2019-220-141_near	ts oː m i ts a		ts uː m e ts a	ts uː m ɛ ts a			ts u m a i t i a	ts uː m e ts a		ts oː m i	ts oː m e ts a	k i d a l i p a t u k i	ts uː n ɛ ts o a	b u ɛ h ə
Chacon-2019-220-142_neck	l i n oː s ɾ o j a p i	ɽ i n u ʐ u	l i n oː ɾ u	p a n o ʐ o	ɽ i n u ʐ u		n u n a p o k o d a	n u n u ʐ o	ɽ i n o ʐ o	l i w eː d a l i k o	l i w eː d a l i k o	p a nʰ o ɾ uː	ɽ i n ɔ ɽ i	n u n u p i
Chacon-2019-220-143_new	w a l i d a l i	w aː ɽ i t e	w a l i d a l i	w aː ɽ i p ɛ	w aː ɽ i t e		w a ɽ i d a ɽ i	w a h i t ɛ	w a ɽ i d a ɽ i	w aː l i d a l i	w a l i d a l e	w a ɾ i p e ɾ i	w a ɽ i p ɛ	wʰ e n i a p a ɾ i
Chacon-2019-220-144_night	d eː p i	d eː p i	d eː p i ɾ i k u	d eː p i	d eː p i	d ɛː p ɪ	d eː p i	d ɛː p i	d ɛː p i	d eː p i	d eː p i n a	d eː p i	d ɛː p i	s i b u m a
Chacon-2019-220-145_no	k o ɾ i	k a ʐ o	kʰ e n i m	j̃ ã m ɛ	k a ʐ i m i		j̃ a m e	k a ʐ o	j̃ a m ɛ	ɲ a m e	k a ɾ o n	w i h ɛ k a d e	j̃ áː/aː m ɛ	j a nʰ ɐ̃
Chacon-2019-220-146_nose	l iː t a k o	ɽʰ i t a k u		h ɛ t a k o	ɽ i t a k u	w a h t a k u	h i t a k o	ɽ i t a k o	ɽʰ i t a k o	i t a k o	l i t a k o	ɾ i h t a k u	ɽʰ i t a k o	n u j a p a
Chacon-2019-220-147_old	o p i d a l i	p e d a ɽ j a	p e d a l i a	p e d aː ɽ i a	k o m o ɽ i k e i		p e k i ʐ i	p e d áː/aː ɽ i a		o p i d a l i	oː p i d a l e	p ẽ d a l i a		ɛ t e n ɛ l o
Chacon-2019-220-148_one	p a d a ts a	h a p a j t a	a p a d a n a l i	a p a i t a	h a p eː p a	pʰ ɛ p ɐ	h a p a d a	p a d a t a	a p a d a t a	p a d a ts a	p a d a ts a	p ə i t e t u k i	a p a d a	p a tʃ ɛ ɾ o
Chacon-2019-220-149_other	p a d a		a p a d a	a p a j t a			aː p e	pʰ e p a	a p a d a w a	a p a d a	p a d a	p aː s i	a p a j t a	p e j a h ɐ̃
Chacon-2019-220-150_path	w a w a	i n i p u	i n i p u	iː n i p o	e n i p u		i n i p o	i n i p o	i n í/i p o	i n i p o	i n i p o	h i n i p u	i n i p o	t ɛ n ɛ p u
Chacon-2019-220-151_people	n a i k i	n e w i k i	n a i k e	n e w i k i	n a i k e		n a i k i	n a i k i	n a j k i	a p a d a	n a i k i	m a ɾ i k ɪ	n aː w i k i	j̃ a m a ɾ i
Chacon-2019-220-153_pierce		p i k a n u m a o t a		p a t u d a k ɐ n i	p i t u nʰ u ã n i		n u t u h o a k a	n u t u h u a k a n i				n a k e ɾ i k ə n i p ɛ		p i k u ɾ u k ɛ h ə
Chacon-2019-220-154_play	i t o p i t a k a d a		m a ts oː t a k e t i							i t o p i t a k e t i	i t o p i t a kʰ e t i			
Chacon-2019-220-155_throw	i p eː k o k a d a		iː n u a k e t i	p aː k a k ɐ n i			m a d a ɽ i d a	n u i n o a k a		w a o k a k e t i	i p e k o k e t e			p i s i n a
Chacon-2019-220-156_pull	h iː ɾ a k a d a		h i ɾ a k a i t a	pʰ e ʐ aː k ɐ n i			p i ʐ aː k ã	h i ʐ a k a n i	k a ʐ a k ɐ n i	h i ɾ aː k e t i	h i ɾ a k e t i	p a p i t a f a p ɛ m e t a		p i ts o p ɐ̃ h a
Chacon-2019-220-157_push	i h i a ɾ e t a k a d a	p i d u i t a	p eː k e t i	p a d u j t a k ɐ n i	p i pʰ a d a k a		n u p i a h e t a i k a	n u p e d a t a k a n i		p i p i a l eː t a k a	i p e t aː k e t i	n a k a n i n a ɾ u kʷ i t a n i p ɛː		p i t ɛː t ɛ h ə
Chacon-2019-220-158_rain	iː j a	iː dz a	iː dz a	iː dz a	iː dʒ a	iː j a	ɽ iː a w	iː dz a	iː dz a	iː j a	iː dz a	iː j a	iː dz a	w e n i
Chacon-2019-220-159_red	i ɾ a i d a l i	i ʐ a j	iː ɾ a i	iː ʐ a j d a j	i ɽ a i k a n i	i ɾ i n ĩ p ɛ	ɽ iː j o	i ʐ a j k a n i	i ʐ a j d a ɽ i	iː ɾ a i d a l i	iː ɾ a i d a l e	i ɾ i k a n u k a	i ʐ a j d a ɽ i	i ɾ a ɽ i
Chacon-2019-220-15_and	s ɾ u a ts a k a		n e t e								n e t e			
Chacon-2019-220-160_right	m a ts i a n i		m a ts i a kʰ a i	p a dz ɛ k e m a			m a i a k a	n u dz e k e m a		m a ts i a	h a p eː d a l e	m a s i a k a n i		a n ɛ p i ɽ i
Chacon-2019-220-161_ripe				p ɛ d a ɽ i a			p a tʃ ĩ d a	p e d a ɽ i a k a n i				h a ɾ e p e ɾ i		i ɾ a ɽ i
Chacon-2019-220-162_river	uː n i		uː n i	uː n i		uː n ĩ	u n i + m a k a p e k i	uː n i	oː n i	oː n i		u n ĩː	oː n i	w e n i
Chacon-2019-220-163_stone	h iː p a d a	h i p a d a	h iː p a d a	h iː p a d a	h iː p a	h i p a ɾ ɐ	h iː p a d a	h i p a d a	h i p a d a	h iː p a d a	h iː p a d a	h i p ã d aː	h i p a d a	iː p a
Chacon-2019-220-164_root	l i p a l i	ɽ i p a ɽ i	l i p a l i	ɽ iː ʐ i	ɽ i p a ɽ i		h iː p a ʐ u	ɽ iː ɽ i	h i p a ʐ o	l i p a l i	l i p a l e	ɾ i p a ɾ i	ɽ iː ɽ i	m a h eː
Chacon-2019-220-165_rope	l i p a p i	h i n u ʐ u t i	l i p a p i	h i n o ɽ o t i	h i n u ɽ u t i		n u ʐ u t i	h i n o ɽ o t i		l i p aː p i	l i p a p i	ĩ h i n u ɾ u ts i		n u n a s i
Chacon-2019-220-166_rotten	iː p a k a d a		iː p a k a d a	iː p a k a d a			ɽ i p a k a	ɽ i p a k a w a		o eː k o d a l i	iː p a k a d a	n i k a u l i p a k a w a n i a n ã		tʃ i tʃ i l i
Chacon-2019-220-167_round		j a b u ɽʰ e d a ɽ i		m a dz a k a nʰ ĩ d a ɽ i	w eː m a k a		m a i a k a ŋ g a ɽ i	d a b u h e k a n i	tʃ i k ɛ ʐ ɐ n ɛ			m ã k a d a t u k i n ʊ k a	m a dz a k a nʰ ĩ d a ɽ i	tʃ i ɾ e ɽ i
Chacon-2019-220-168_run				t a ʐ a k aˀ a k ɐ n i			h ĩ k u k a w a	t a w a k a k a n i	t a w a k a d a ɽ i			n a m a ɾ e k a n ã	ɽ i m a ʐ a k a w a	t i p a ɾ a h ũ
Chacon-2019-220-169_saliva	h i w i t a k a d a		h i v i t a k e t i	pʰ e w i p a k a			n u n u m a i a	h i w i tʰ a k a	h a w í/i p a k a	h i v i t a k a	h i v i t a k e t i	p a i h i	n o a n ũ h ɐ	p i s o w ɛ t a
Chacon-2019-220-16_animal	m aː h i k a l i		k u f eː t i							m aː h i k a l i	i ts i ɾ i			
Chacon-2019-220-170_salt	j u k i ɾ a		j u k i ɾ a	j u k i dz a t a		iː w i	i u k i ʐ a	i k i ʐ a	j u k i ʐ a	j o k e ɾ a	j u k i ɾ a		n u k i ʐ a	j u k i ɾ a
Chacon-2019-220-171_say	i k a i t e k a i t a	p i k a i t e	k a i tʰ e k e t i		ɽ i tʃ e i t i		n u a k u			k aː k o k a	i k a i t e p e t e k i			p i n a m i h a
Chacon-2019-220-172_scratch	j oː p a t aː k a k a d a o		h i ɾ i a k e t i							p i w e t a k e t i	j o p a t a k a k e t i			
Chacon-2019-220-173_sea	m a k a p a w a n		uː n i m a n u p a w a n	m a k a p a + oː n i			m a k a p a w a	k o a k a p a n i k a	m a k a p a + oː n i	oː n i	m a k a p a w a oː n i	u n i h ã n i p ã n ʊ k a	m a k a p a w ɐ n i	s o a p o ɾ i
Chacon-2019-220-174_see	i k a p a k a i t a	n u k a p a	i k a p a k e t i	w a k a p a	n u k a p a k a		n u k aː p a	n u k a p a	n u k a p a	n u k a p a k a	i k a p a k e t i	n a k a n i p ɛ	n uː tʰ i	n ɛ t ɐ m i h ɐ̃
Chacon-2019-220-175_seed	l iː n a k a	ɽ i ʃ i	l iː ʃ i	ɽ iː n a k a	ɽ i ʃ i		ɽ iː h i	ɽ i ʐ i	ɽ i ʐ i	l iː s ɾ i	l i n a k a	n a p a p a n i a m i h i p i ɾ i h iː		ĩ j̃ a h a
Chacon-2019-220-176_sew	j oː k o k a d a		oː k o k e t i	p aː k o k a j			n uː k u k a	n u k u k a	p aː k ũ d a	j oː k o k e t i	j o k o k e t i	n a k u n i p ɛ		p i a ɾ i t ɛ h ə
Chacon-2019-220-177_sharp	k eː m a d a l i		k e m i n e t e							m eː m a i t e	k e m a n eː t e			
Chacon-2019-220-179_short	m e d a d a l i		m a d u a	m a d o a d a ɽ i			m a d o a ts a	m a d o a ts a		m e d a d a l i	m a d o a d a l e	m ã d ɔ k a d e u a n i p ɛ t u p ɛ	m a d o a d a ɽ i	a ɽ ɛ t i l i
Chacon-2019-220-17_arm				ɽ i n a p a		w a k a p i	n u n aː p a	n u n a p a	w ɐ n aː p a			p a k a p i	n ũ n aː p a	n a n u
Chacon-2019-220-180_sing	i k aː n t a k a i t a	p i k a m a ʐ a t a	k a n t a k e t i	w a h ɛ̃ t a k a	ɽ ĩ e ŋ g a ɽ i k a w a	w a wʰ e n ĩ p ɛ		n u a h ẽ t a k a	n u a h ẽ t a ɛ	n o k a n t a k o	i k a n t a k e t e	n a ɾ a p a n i p ɛ		k ɐ m a ɽ a ɽ a t a
Chacon-2019-220-181_sit	j oː f a k a d a	ɽ i ɸ a	o f a k e t i	w a h o a k a w a	ɽ i u h u a k a w a	w a wʰ a n ĩ p ɛ	ɽ i u mʰ a k a w a	n ũ h u a k a w a	n ũ h u a k a w a		j o h aː k e t i	w a h a n u k a n u k i	ɽ i ũ h ĩ ɐ̃ k a w a	p i s i a w a
Chacon-2019-220-182_skin	l iː a		l i k u ts i	ɽ i j a		l iː a m ɪ	ɽ iː ɽ o	ɽ i j a	ɽ i ts o t a	l iː a	l iː a	ɾ i j a	ɽ i j a	m aː t a
Chacon-2019-220-183_sky	eː n o		eː n o l i k u	ɛː ɲ o		ɐ h k o a p ɪ	e j n u	e n o ɽ i k o	eː n o ɽ i k ɔ ɽʰ ɛ	eː n o	eː n o	j e n u n ĩ	eː n o	eː n o
Chacon-2019-220-184_sleep	i m aː k a d a	n i m aː k a	m a k e t i	w e m aː k a	n i m aː k a	w ɛː m a n ĩ p ɛ	w e m aː k a	n u i m a k a	wʰ ɛ m aː k a	p e m aː k a	i m aː k e t e	t u p e m a w ã n i	n u m a k a	n u tʃ i m a m i
Chacon-2019-220-185_small		ts uː d a ɽ i		ts oː d a ɽ i	t e a ʃ e ɽ i		ts uː d a ɽ i	ts uː k a ts a n i	ts oː d a ɽ i			t u k i t u k i	ts uː d a ɽ i	ts u i t e ɾ i
Chacon-2019-220-186_smell	i m i a k a d a	ɽ i e m j a k a	e m i a k e t i	n ũ e m ĩ a k a	ɽ i e m j a k a w a			n u e m i a k a	n u n i a k a	j eː m i a k e t i	j e n i a k e t i	n e i m i ã n ʊ k a		p i s i m ɛ t a
Chacon-2019-220-187_smoke	i t a k a t i	i t aː	t a m a n a	iː t a	ɽ i t aː k a		ɽ i p aː k a	i tʰ a	t i dz ɛ + e t a k a	l iː t a k a	l i t aː k a	i tʃ a	i t a m ɐ n a	s j a ɾ i ɾ i
Chacon-2019-220-188_smooth	k eː t i d a l i		k eː t i	k ɛː p i d ɛ			k a h a i m e k a	k e t i k a n i		k eː t i	k eː t i d a l e	ĩ k e s i p e ɾ ɪ		a p i ts i l i
Chacon-2019-220-189_snake	aː p i		eː p i ts i	aː p i			aː p i	aː p i	aː p i	aː p i	aː p i	m a w a ɾ i	u m a w a ɽ i	u m e n i
Chacon-2019-220-18_ash	l i m a l e	t i dz e mʰ e n i	l i m a l e	p a ɾ i a d a	ɽ ĩː p e n i		ɽ i pʰ i e n + h e n	p a ɽ i	p a ɽ i a d a	l i m a l e	p a l i a p o k o a	k ã d a ɾ i	t i dz ɛ h e n i	p a ɾ i tʃ i
Chacon-2019-220-191_split	i n i w eː t a k a d a	p i m a t a k a	m a k aː k e t i	p a k eː t a k ɐ n i	p i m a t a k a		n u m a kʰ a k a	n u p e t i t a k a n i	n u h u ã k	w a ɾ e p aː t i k a	i t o k o a k e t i	m ə ɲ ã b o ts a m e m ẽ t a		p i ts o p ɛ h ə
Chacon-2019-220-192_squeeze	h i p a k a d a k a i d a	t a ʐ e	i p a t u i t a k a i t a	n u p a t u i t a k ɐ n i	t e a ʐ e		n u p a t w a i t a k a	ɽ i ã k a		h i t a k e t i		n ã n i n a p i s a n i p ɛ		p e p ɛ h ə
Chacon-2019-220-193_standing	j eː m a k a i t a		eː m a k e t i	p u eː m a			ɽ i u m a k a w a	n u e m a k a w a	n u e m a k a	w eː m a k a	j eː m a k e t e		ɽ i e m a k a	t e a tʃ i a
Chacon-2019-220-194_star	h i v i s ɾ i d a	h i w i s i	h i v i ʃ i	h i w i ʃ i	h i w i ʃ i	w a ɾ i w a ð ɐ p ɛ	h i w i ʐ i d e	h i w i ʃ í/i d a	h i w i ʃ í/i d a	h i v i s ɾ i d a	h i v i s ɾ i d a	w a ɾ i p ɛ ɾ a	h i w i ʃ i	w i m i n a ɽ i
Chacon-2019-220-195_straight	m a j a k a n i	ɽ i e m a k a	dz e k eː m a	m a dz a k a nʰ ĩ d a ɽ i	ɽ i e m a k a		m a h i a k a	m a dz a k a n i		m a j a k a n	m a dz a k a n d a l e	m a j a k a n iː		a n ɛ p i ɽ i
Chacon-2019-220-196_suck	i p e ɾ u k a d a	p i ts uː ts u k a	i p e ɾ o k e t i	n u p a t u i t a k a	ɽ i p u ts w a k a w a		n u p e ʐ u k a	n u p u ts o a k a	n u p u tsʰ o a k a	l iː ɾ a k a	iː ts o ts o k e t i	n ã ts u ts u k a		p i j u ɾ u ɛ h ə
Chacon-2019-220-197_sun	h e ɾ i	k a m o i	k a m u i	k a m o ĩ	k a m o i	ɐ h k o a p e j t ɛ		k a m o i	k a m o ĩ	h eː ɾ i	k a m o i	k eː ɾ i	k a m o i	p a tʃ i a ɽ ɔ
Chacon-2019-220-198_swellup	iː s ɾ a k a i d a	ɽ i ʃ a k a w a	iː s ɾ a k e tʰ i	n u i ʂ a k a w a	ɽ i ʃ a k a w a			ɽ iː ʂ a k a w a	ɽ i ʃ a k a d a p ɛ	iː s ɾ a k e t i	i s ɾ a k e t i	d i h a n i p ɛ		j a ɽʰ ə̃
Chacon-2019-220-199_swim	h i ɲ a k a d a	m aː ʃ a k a w a	a nʰ a k e t i	w a ʂ i a k a w a	n u a h ã k a w a			n u a ʂ a k a	w a ʂ i a k a	l i a i s ɾ aː k o	j a s ɾ aː k e t i	n a i h a n ã	ɽ i a ʂ a k a w a	j a b ɛ d a p i
Chacon-2019-220-19_back	l i nʰ a p i		l i nʰ i a p i	ɽ i t a m a			n o a wʰ e t e	n u tʰ a m a	p i t a m w a	l i t a m a	l i n aː pʰ i	n ũ tʃ ã m ẽ	n u p a h n ɛ p ɛ	n u n a p i t a
Chacon-2019-220-1_grate	i d a i t a k a d a	pʰ i e ʐ i t a	d a i t a k e t i		pʰ i ɽ i k e		h i ʐ i t a k ã			f e ɾ i t a k a	i d a i t a k e t i	p a kʰ a k ə n ĩ p ɛ		p i a k a ɾ a
Chacon-2019-220-200_tail	l iː t i pʰ i	ɽ i t i p i	l iː t i pʰ i	ɽ i e p i p e	ɽ i t i p i		ɽ i pʰ iː p i	ɾ i t í/i p i	ɾ i t í/i t i	l iː t i p i	l iː t i p i	l i p i ts i		ɾ i s i
Chacon-2019-220-201_tell				w aː k o			w a k o n ĩ p ɛ	n u n u a k o	k a ʐ o + n o a k u			n a j a n ʊ k a n u k i	n ũ k a j t i k a	
Chacon-2019-220-202_that	l i a ɾ a	h j ɛ t a h ã	n aː tʰ e	h i a	h j e t i		h i e t e h i		h i e t a h ɐ̃	t iː a	k u a k a l i e n a h a	h ã ɸ i t ɛ	ɾʰ i ẽ n a h ã	ɛ t a h ɐ̃
Chacon-2019-220-203_there	a h a ɾ e k a		aː tʰ e	aː t a h ã			aː t e a h i	a n a h ã	a t a h ɐ̃	a j a k a tʰ e	j a k aː l e	h a n ɛ s ɛ̃ mʰ a d e n a w a	a d i s i ɐ n a h ɐ̃	w i t a h ɐ̃
Chacon-2019-220-204_they	a nʰ a n a	h ã	nʰ aː	h âː/aː	nʰ aː			h áː/aː t a h ɐ̃		nʰ aː	h l i e n a h a	nʰ ã h a p ã + n a w i k i h a n ũ p ɛ	h a m a h ɐ̃	ɐ n i p a ɾ o
Chacon-2019-220-205_thick	m a t o l e d a l i		h i p a n a d a l i	m a k a d a ɽ i				m a k a d a ɽ i		h i p a n d a	m a k a n e	h a n uː n ã	m a k a n ɛ	p ɐ n i ɾ i
Chacon-2019-220-206_thin	m a ts i a d a l i		h a l i t aː d a l i	h a ɽ ɛ p a p ɛ d a ɽ i			ts u a p u ts e	ts uː k a ts a n i		ts oː d a l i	ts oː k a i d a l e	m ã d e i l i n ã t u k i	ts oː n ẽ	
Chacon-2019-220-208_think	i w a o p i a k a d a	i a p j ẽ t a	aː p i n e t aː k e t i	n u a w aː d a k a	ɽ i n a m a n i k a w a		ɽ i w a u p i a k a	n u a w a d a k a n i	l i a p iː t ɐ̃ d a	w a w a o p i a k e t i	j a p i ɲ e t a k e t i	p a w a d a w a n i		p u ɽ i u t a
Chacon-2019-220-209_this	l i a h i	h j ɛ h ẽ	tʰ i a h a		h i e h ẽ		h i e h i		h i ẽ h ẽ	t iː ɾ a	k u a k a l i h e	n ɾ i a	ɾʰ i ẽ h ẽ	
Chacon-2019-220-20_bad	m aː ts i		m aː ts i	m aː tʃ i d ɛ		m aː ʃ i t ɛ		m a tʃ i		m aː ts i	m aː ts i d a l e	m ãː ts i t ɛ		o dz u d ɛ n a m i
Chacon-2019-220-210_you	pʰ i a	h i a	pʰ i a		j a		k i a	pʰ i n a	pʰ i a	pʰ i a	pʰ i a	p i ɾ i h a	pʰ i a	n i j a h ɐ̃
Chacon-2019-220-211_three	m a d a l i d a		m a d a l i	m a d a ɾʰ i p a		m a n d a ɾ i p ɐ		m a n a ɽ i d a	m a n d a ɽ í/i d ɛ	m a d a l i d a	m a d a l i d a	m ã d a ɾ i p a	m a d a ɽ i d a	t ɛ ɾ ɛ tʃ i
Chacon-2019-220-212_tie	i p a p i k a d a		p a ɾ a k e t i	p a p a l a k ɐ n i			n u p a ʐ aː k a	n u p a ʐ a k a n i	k a ʐ ɐ̃ ɲ	j oː w e t a k e t i	i p a ɾ a k e t i	n a t u t u n i p ɛ		p i a ɾ i t ɛ h ə
Chacon-2019-220-213_tongue	l i e n e n e	ɽ i e n e n e	l i e n e n e	p ɛː n ɛ n ɛ	ɽ i n e n e			n u e n e n e	ɽ i ɛ n e n ɛ	l i a k o	l i eː n e n e	h e n e n ẽ	ɽ i e n e n e	n u t a ɽ a
Chacon-2019-220-214_tooth	l i e ts a	ɽ i e ts a	l iː a i	p eː tsʰ a	ɽ i a i		n o e tʰ a	n u e ts a	ɽ i ɛ tsʰ a	l i eː ts a	l i eː ts a	l i ɛ	ɽ i e tsʰ a	n aː ts i
Chacon-2019-220-215_hometohome				ɽ iː p ɐ n a ɽ i k o ɽʰ ɛ		p a n i s i	ɽ i p a n a ɽ i k u	p a n t i ʐ i k o h e	p ɐ̃ t i ʐ o j			w ḭː + p u n i n ã t a h u l i h ɛ p a n i s i s ɛ	n uː p ɐ n a ʊ	p ɐ n i s i w ɛ b a h ɐ̃
Chacon-2019-220-216_tree	h a i k o	h a i k u	h a i k o		h a i k u	h a j k u	h a i k u	h a j k o	h a j k o	h a i k u	h a i k o	h a j p u n ã	h a i k o	ts aː p ɛ
Chacon-2019-220-217_turn	i k a p o k o i t a k a d a		i p e d o k aː k e tʰ i							p i k a p o k o k e t i	i k a p o k o k e t i			
Chacon-2019-220-218_two	j a m a d a	dz a h ẽ p a	dz a h m e	dz a m a d a	dz a h m e p a	ɲ ɐ m ɛ p ɐ	j a m a d a	dz ɐ m a d a	dz ɐ m a d a	j a m a d a	dz a m a d a	ɲ a m ã i t ɛ	dz a m a d a	t o n a b a
Chacon-2019-220-219_vine	a d a p i		a d a p i							a d a p i	a d a p i			
Chacon-2019-220-21_bark	l i kʰ i	ɽ i j a	l iː k e	ɽ iː j a	ɽ j a		ɽ i a	ɽ i j a	ɽ i j a	p a k oː n a	n a t a k a n d a	ɾ i j a	ɽ i j a	m aː t a
Chacon-2019-220-220_vomit	i k a t a k a d a	ɽ i k a tʰ a	k a t a k e t i	n u k a tʰ a k a	ɽ i k a tʰ a k a w a		n u k a tʰ e a k a	n u k a tʰ a k a	n u k a pʰ ɛ	p a k a tʰ a k a	i k a t a k e t i			t e j a h ɐ̃
Chacon-2019-220-221_walk	j aː k a p e	n u a nʰ i k a	iː t o k e t i	w aː h ĩ k a w a	h i tʃ i aː k a		ɽ i a k a w a	n u a k a w a	n u a h ĩ k a w a	ɾ i a k a o	j aː k a p e	n a h i k a nʰ i	ɽ i ɐ̃ h i k a w a	n u t a p a
Chacon-2019-220-222_wash	i k o ts o k a d a		i k o ts o k e t i	p i k o tsʰ o n ĩ			h iː p a k a	n u k u tsʰ u k a n i	p i k u tsʰ o n ĩ	i k o ts o n d a	i k o ts o k e t i	nʰ ɛ p a n a p e k u	p i k o tsʰ o n i	p i p a
Chacon-2019-220-223_water	uː n i	oː n i	uː n i	oː n i	oː n i	uː n ĩ	oː n i	u n i	óː/oː n i	oː n i	uː n i	uː n i	oː n i	w e n i
Chacon-2019-220-224_we	w aː	ɸ aː	f aː	wʰ aː	wʰ a		wʰ a		w a h i o	f aː	p aː n a	w u h a	wʰ aː	
Chacon-2019-220-225_wet	p oː ts i a d a l i		p uː ts i a d a l i	p uː tʃ i a k ɐ n i			p uː t i a k a	p u tʃ i a k a n i	p o tʃ i a d a ɽ i	p oː ts i a	p o ts i a d a l e	p uː tʃ e k a n ʊ k a	p uː tʃ i a k a n i	k o ts a ɽ i
Chacon-2019-220-226_what	k o k a	kʷ a m e d a ɽ i k a	k u a k a pʰ a	k o a k ɐ n i	k o a h i a		k o a p i w a m e	k o a k e n a	k o a k ɛ h e	k o k a	k o a k a	h ã n e kʷ a k ã nʰ ã	k o a k a + p áː/aː h ĩ a	t a m a ɾ i t e t a
Chacon-2019-220-227_when	k u a kʰ a o l i	kʷ a m e k a w a ɽʰ i	k u aː dz o k oː d a	k ɔ̃ k ɔ h ĩ	k a i dz u k u d a		k o a ŋ k a o ɽʰ i	k o a m k o h i	k o a m k a w ɽʰ i	k u a n k a o h l i	k u a k a o ɾ i	k o i m a k a h ã d e i n ã k o i k a p i s ɛ	k e n a k u d a	j o m i ɾ ɛ h ɐ̃
Chacon-2019-220-228_where				k a ɽ ɛ a h a	k a ɽ i e			k a h i a	k a h ɛ g ɐ			k a n i s ɛ mʰ a d e w a u h a	k a h ɛ	d aː t i
Chacon-2019-220-229_white	h aː l e d a l i	h aː ɽ e	h aː l e	h a ɽ ɛ d a ɽ i	h aː ɽ i k a n i	h a ɾ e n ĩ p ɛ	h a ɽ e d a ɽ i	h a ɽ e k a n i	h a ɽ ɛ d a ɽ i	h aː l e d a l i	h aː l e d a ɾ e	h a ɾ ɛ m a n ʊ̃ k a	h a ɽ ɛ d a ɽ i	a ɾ i ɾ i
Chacon-2019-220-22_alive	j oː f u a k a d a	k aː wʰ i k a n i	j oː f aː k e t i	k aː h i k ɐ n i	m a tʃ j a k a n i	t ɐ ɾ a n i p ɛ	k a ʐ i v i d e	k a h i k a n i		j aː h i k e t i	j o h a k e t i	t a ɾ a l i t ɛ		n ɛ t o a ɾ i
Chacon-2019-220-230_who	k u k a	kʷ a m e l i t a	k u a k a h l i a	k o a m ɛ ɽ i t a	kʷ a ẽ		k o a m e h e w i	k o a k a	k o a k a	k o k a	k o a k a	h ĩː	k o a k eː n a	ɛ s t a h ɐ̃
Chacon-2019-220-231_why	k o a d a		k u a n a							k u a d a	k o a d a			
Chacon-2019-220-232_wide				j a p i d a ɽ i				j a p i	j a p i d a ɽ i				m a k a p ɛ k i	s w i l a ɽ i
Chacon-2019-220-233_wife	l iː n o		l iː n o	n u i n o			ɽ iː n u	ɽ i n u	ɽ iː n u	l iː n o	l iː n o		n u i n o	i s u m ĩ a w a
Chacon-2019-220-234_wind	k a o l i		h a p e ɾ i	k a w a ɽ ɛ ɽ i		k ɐ ɾ e ɾ u	k a w aː ɽ e	k a w a ɽ ɛ k a	k a w a ɽ ɛ ʐ i	k a u l i	k a w aː l e	k a ɾ i a	k a w a ɽ ɛ ɽ i	ɽ i tʃ i
Chacon-2019-220-235_wing	l i a ɾ a k a		l i pʰ e	p a k aː p i			n u n aː p u k u d a	ɽ i pʰ ɛ	ɽ i pʰ ɛ	l i pʰ e	l i pʰ e	ɾ i a ɾ a ɾ i k e n o a	ɽ i a p a k a w a	t a n aː p i
Chacon-2019-220-236_withpedro				p e d ɾ o + i n a j			p e d ɽ o i n a i	p e d ɾ o + i n a j	p e d ɾ o + i n a j			p e d ɾ ʊ n ɛ̃	k o a m ɛ + pʰ i a + p e d ɾ u	p e d ɾ o i p a
Chacon-2019-220-237_woman	iː n a ɾ o	i n a ʐ o	i n a ɾ o	i n a ʐ o	i n a ɽ u		i n a ʐ u	iː n a ʐ o	iː n a ʐ o	l iː n o	i n a ɾ o	i n a ɾ u	iː n a ʐ o	n e j a w a
Chacon-2019-220-238_worm	uː m a p i		u m a p i							oː m a p i	oː m a p i			
Chacon-2019-220-239_year	p a d a + h a m o l i	h a m u ɽ i	p aː d a + a ɲ o	h a m o ɽ i	w a ɽ i p e ɽ i		i h a m u ɽ i	p a w a ɽ i a		p a d a + a ɲ o	p a d a + aː ɲ o	k ã m ũ ĩ	h a m o ɽ i	a m u s i ɐ̃
Chacon-2019-220-240_yellow	eː w a d a l i	i ʐ a i k a	eː w a	ɛ w a d a l i	i ʐ a i k a n i		e w a d a ɽ i	e w a k a n i	e w a d a ɽ i	eː w a d a l i	eː w a d a l e	i ɾ i p e ɾ i	ɛ w a d a ɽ i	t ɛ w a ɽ i
Chacon-2019-220-241_yes	h oː		e h e							o h o	o h o			
Chacon-2019-220-242_youpl	s ɾ aː		s ɾ aː	pʰ i a			n u ɽʰ i a	ʃ j a	tʃ j aː	s ɾ aː	s ɾ aː		ʃ aː	
Chacon-2019-220-243_boyyoungman				n uː p a t a k ɐ n i			j e m p eː t i	n uː p a t a k ɐ n i						
Chacon-2019-220-24_behind	d a nʰ i t e		n u a p u a n t e							n o a p o d a n s e	l i t a m a l e			
Chacon-2019-220-25_belly	l i s ɾ a d a	ɽ i w a w a	l i s ɾ a d a	n u ʃ a d a	n u ʃ a d a		n u w a w a	n u w a w a	ɽ i w a w a	l i w a w a	l i s ɾ a d a	w a w a w a	ɽ i w a w a	n u tʃ i a p u
Chacon-2019-220-26_below		ɾ i a p i t e		ɽ i a pʰ i t ɛ	ɽ i a pʰ i e		ɽ i a pʰ iː p e	ɽ i a p i s ɛ				w a p i s a k u m a pʰ ɛ		j a tʃ i p ɛ ɾ a h ə
Chacon-2019-220-27_big	m a k a d a l i	h a n i p a	m a n i ɾ i	m a k a d a ɽ i	m a mʰ i ɽ i		m a k a d a ɽ i	m a k a d a ɽ i	m a k a d a ɽ i	m a k a d a l i	m a k a d a l e	h a n ʊ̃ ĩ t ɛ		ts u t e ɾ i
Chacon-2019-220-28_bird	w i pʰ i a ɾ o	k e p i ʐ e n i	ts iː k a	k e p i ʐ e n i	t i k e	k eː p i ʐ ɐ	k u i pʰ i a ʐ u	k e p i ʐ e n i	k e p i ʐ e n i	w iː p i a ɾ o	j aː ɾ a k a p e	k e p i ɾ i a hʲ a	k e p i ʐ eː n i	a m u tʃ i t i h ɐ̃
Chacon-2019-220-29_bite	i mʰ o a k e t i	n u h ũ a k a	i nʰ u a kʰ e t i	p i h u ɐ̃ n i	n u h ũ a k a		ɽ i u h aː k a	n u h u a k a	t i p a t e k a n i	i j m o a k e t i	i nʰ u a k e t i	n ã mʰ õ n ĩ p ɛ		n u m u tʃ i t ɐ n i
Chacon-2019-220-2_hairy				k eː dz u k ɛ h ɛ̃			ɽ iː j a	n u i dz o				ɾ i tʃ i a ɾ i mʰ ə h a n i p a i t ɛː	t e dz u d a ɽ i	mʰ i t ũ h u
Chacon-2019-220-30_black	iː t a d a l i	iː t a d a ɽ i	iː t a	iː t a d a ɽ i	k a i d aː k a ɽ i	k a ð a j t ɛ	ɽ iː p a d a ɽ i	i tʰ a k a n i	i t a d a ɽ i	iː t a d a l i	iː t a d a l e	t aː d a ɔ m a n ʊ k a	i p a d a ɽ i	s ɛ ɾ e ɾ i
Chacon-2019-220-31_blood	l iː ɾ a n a		i ɾ a n aː t i	ɽ iː ɽ ɐ n a		iː ð ɐ	ɽ i ʐ a n a	ɽ i ʐ ɐ n a	ɽ i ʐ ɐ n a	l i ɾ a n a	l iː ɾ a n a	i ɽ i	ɽ i ɽ ɐ n ɐ	n i a s t i
Chacon-2019-220-32_blow	i pʰ i a k a d a		i pʰ i a kʰ e t i	n o pʰ i a k a			n u pʰ i a k a	n u pʰ i a k a	n u pʰ i a k a	i p i a k e t i	i pʰ i a k e t i	n ã pʰ i a k a n ã m ã n i k a		p i j o w i t ɛ h ə
Chacon-2019-220-33_dull	m eː m a d a l i		m e m i n e t e	w a p ɛ k o n i			n u k a d a k a	n u p ɛ k o k a		t e m eː t e	m e m a n eː t e	m e m a n ə̃ k a d u p e ɾ i	m e m a m a d a ɽ i	j a m e n ɐ p i ẽ h e
Chacon-2019-220-34_bone	l i a p i		i n a p i	ɽ i a p i		l j a p i p i	ɽ i a p i	ɽ i a p i		l i a p i	l i a p i	ɲ ã p i	ɽ i a p i	s i m a t i
Chacon-2019-220-35_boychild	j e m p e t i		h aː p e	i eː n i p ɛ t i				j e m p e t i	k ɛː p ɛ t i	j e m p e t i	j e m p e t i		j e n i p ɛ t i	w i ɾ u b ɛ ɽ o
Chacon-2019-220-36_breast		ɽ iː n i		n u i n i	ɽ i t i n i	j a n ɐ̃ p ɛ	ʐ u i n i	i n a + ʐ i n i	ɽ iː n i			p ə j n iː		n u tʃ i n i
Chacon-2019-220-37_burn	i m a i t a k a d a	ɽ i m a k a w a	i m a i t a k a i t a	w a mʰ ɐ̃ j t a k ɐ n i	ɽ i m a k a w a	ɽ a m a k a	ɽ i m a k a w a	n u m a i t a k a	ɽ i m a k a w a	h i m a i d a k e t i	i m a k e t i	n o mʰ a i t a k a n u k a	ɽ i m a k a w a	m aː t a h ɐ̃
Chacon-2019-220-39_chest		ɽ i k u d a		p a k o d a	ɽ i k u d a		n u k u d a ɽ i k u	n u k u d a	p a k u d a					n u m i j̃ a w a
Chacon-2019-220-3_he	lʰ i a	h ã	lʰ i a	ɽ i a	ɽ i a		ɽʰ i a	h i e n a h ã	h aː t a h ɐ̃	lʰ i a	lʰ i a	nʰ ã h a n a ɾ i a n ʊ k a	ɽʰ i e n a h ɐ̃	a ɛ p a ɾ o
Chacon-2019-220-40_clean	i ʂ aː t a k a i t a		m a ts i a t a k e t i							m a ts i a t e k a	i p i ts o k e t i			
Chacon-2019-220-41_cloud	iː j a	i dz a d aː k a	i t a m a n a	ɛ n u t o n a	n o v i	i tʰ ɐ p ɛ d a p ɛ	e i n u	t a m a n a	dz a d a w a k a	i t a m a n a	i dz a d a o k a	j e nʰ u n iː s a k u m ã	e n u t e n ɐ̃	s j a ɾ i ɾ i
Chacon-2019-220-42_cold	h a p e	h aː p e	h a p e	h a p ɛ k ɐ n i	iː n i ʐ i k a n i		h a p e k a	h a p ɛ k a n i	h a p ɛ d ɛ	h a p e r j i	h a p e d a l e	h a p ɛ m a n ʊ k a	h a p ɛ	a w i n i m i
Chacon-2019-220-43_come	i n o k e t i	i n u	i n o kʰ e t i	ɽ i n u k a	n u n u k a w a		ɽ i n u k a	n u n u k a	n u n u k a	ɾ i n o k a	i n o k e t e	n a n ʊ n u k a h a n ʊ p ɛ		n ɛ d a
Chacon-2019-220-46_correct	m a ts i a n i	ɽ u dz e k e m a	m a ts i a kʰ a i	m a dz a k ɐ n i	dz e k e m a t i		h iː k u k a	m a dz a k a n i		m a ts i a	h a p eː d a l e	m a s i a k a n i		
Chacon-2019-220-47_count	i n i w e t a k a d a		n u w e t aː k e t i							p i n u w eː t a k a	i n i w e t a k e t i			
Chacon-2019-220-48_cut	i j o w a k a i t a		t a k aː k e t i	w a t a k aˀ a k a			n u i o a k a	n u tʰ a k a		w a j o w a k a	i t a k aː k e t i	n a p i s a n i p ɛ	n u t a kʰ a k a	p i t ɛ ɾ u k a
Chacon-2019-220-49_dark				k a d a w a k a d a ɽ i			d eː p i	k a d a w a k a n i	d ɛː p i t i			k a d aː w a n i	k a d a w a k a d a ɽ i	s i b u m ã h a
Chacon-2019-220-4_instrumental	l iː n a i		l iː o							j o	t a k a l e			
Chacon-2019-220-50_day	h aː l e w i ɾ i k o		h e k u a p i	h ɛ k o a p i		ɐ h k o a p ɪ	h e k o a p i	h e k o a p i	h ɛ k o a p i	h a l e d a o k a	h e k u a p i	e h kʷ a p i	h ɛ k o a p i	p ɛ p u s i
Chacon-2019-220-52_die	iː j a m i k a d a	n u dz aː m i k a	dz aː m i kʰ e tʰ i	p a dz aː m i k a	n u tʰ ẽː t a k a	w a j a m e n ĩ p ɛ	m a j e m e k a	m a ɽ i o m a k a n ɛ	ɽ i dz ɐː m i k a	m a j a o n k a	i dz aː m i k e t i	l i j a m ĩ n ʊ k a l i a	ɽ i dz ɛː kʰ i	n u i w a
Chacon-2019-220-53_dig	i m eː k o k a d a		t e w a kʰ e t i	pʰ e k a k ɐ n i			h ĩ k aː k a ŋ	h i k a	pʰ e k ɐ̃ g a	l i k a k e t i	p e k a k a	n i h e i k a n a p e k u		p i u b w ɛ h ə
Chacon-2019-220-54_dirty	m aː ts i d a l i		d u e nʰ a	d u h ɛ n aː d ɛ			pʰ i a	n u h e n a k a n i		k o a p i tʰ a d a i	d o h e n aː d a l e	ɲ u p i s ɛ h a n u p i t e ã m a	k aː p i t a d a ɽ i	a n a j b o d a
Chacon-2019-220-55_dog	ts iː n o	tʃ iː n u	ts iː n o	tʃ iː n o	tʃ ĩː n u		tʃ iː n u	tʃ iː n o	tʃ iː n o	ts iː n u	ts iː n o	ts i n ũː	tʃ ĩː n u	ts iː ɲ o
Chacon-2019-220-56_drink	i ɾ a k e t i	n u i ʐ a k a	i ɾ a kʰ e t i	p i ʐ a	n u i ʐ a k a	w a j ɾ a n ĩ p ɛ	n u i ʐ e a k a	n u i ʐ a k a	w a i ʐ a k a	iː ɾ a k e t i	i ɾ a k e t i	p a j ɾ a n i p ɛ	ɽ i a w a k a w a	n a m i h ɐ
Chacon-2019-220-57_dry	m eː t a d a l i	m eː t a k a n i	m eː t a d a l i	m eː t a d a ɽ i	m eː t a k a n i		m e t a d a ɽ i	m ɛ t a k a n i	m ɛː t a d a ɽ i	m eː t a d a l i	m eː t a d a l e	m ã k a ɾ ə m a n ʊ k a	m e t a d a ɽ i	s ɛ s ɛ ɽ i
Chacon-2019-220-58_dust	k a i d a	k a p i t a d a ɽ i	k a i d a k u a	h iː p a i	k a i d u k o a		ɽ i m u k u	h íː/iː p a i		l i m o k o	b i t i m e p e d a l e	h iː p e d u p ɛ		ɽ i p ɛ ts e k o
Chacon-2019-220-59_ear	l i e n i	ɸ i e n i	lʰ i eː n i	h i eː n i	ɸ i e n i	wʰ ɛ n ĩ	h a e n i	w eː n i	ɽʰ i e n i	l i n a k o l i k o	l i e n i	l i h e n ĩ	pʰ i eː n i	n u t ɐ n i p a ɽ a
Chacon-2019-220-5_maniocflourinwater	p e ɾ i t i a h a m o a n a i		k a m u a t a k a							k a m u a t a k a				
Chacon-2019-220-60_earth	h iː p a i	h iː p a j	h iː p a i	h iː p a j	h iː p a j		h iː p a i	h iː p a j	h iː p a j	h iː p a i	h iː p a i	h i p a i	h i p a j	j a tʃ i p ɛ
Chacon-2019-220-61_eat	i ɲʰ a k e t i	n u ĩ jʰ a k a	i nʰ i a kʰ e t i	p iː j̃ʰ ã ĩ	n u ĩ j̃ʰ a k a	w e a n ĩ p ɛ	n u i h e a k a	n u i nʰ a k a	w a j nʰ ĩ a k a	i nʰ i a k e t i	i nʰ a k e t i	ɲ ã k a s i + p a ĩ nʰ ã n i p ɛ	n ũ ĩ j̃ʰ ɐ̃ k a	n u k u ɽ u a m i h ɐ̃
Chacon-2019-220-62_egg	l i e f e	ɽ i e ɸ e	l i e f e	ɽ i e wʰ ɛ	ɽ i e wʰ e		t o e n i	ɽ i ɛ wʰ ɛ	ɽ i ɛ wʰ ɛ	l i e f e	l i eː f e	ɾ i e h ɛ	ɽ i ɛ h ɛ	i j̃ e n a
Chacon-2019-220-63_eye	l i tʰ i	ɽ iː tʰ i	l i tʰ i	p a tʰ i	ɽ iː tʰ i	w a t i d a p ɛ	ɽ i t i	n u tʰ i	ɽ i ʔ tʰ i	l i tʰ i	l i tʰ i	l i tʰ i d a	ɽ i pʰ i	n u p u ɾ i h ĩ
Chacon-2019-220-64_fall	i w a k a d a		h i w a k a i t a	kʰ e w a k a w a			ʂ i w a k a w a	k i w a k a w a	ɽʰ i w a k a w a	h i w a k e t i	h i w a k e t i	m e h u a n ã ts i n a ɾ u k u n ã n i p ɛ		j u ɽ u a h ɐ̃
Chacon-2019-220-65_far	t eː k o		j a k aː	j a k a h ɛ			t eː k u	j a k a		t eː k o	j a k aː d a l e	ɾ i a k a m a n u k a	j aː k a	j a m ɛ h ə
Chacon-2019-220-66_grease	l iː t i	ɽ iː t i	l i t a v a n a	ɽ iː t i	ʐ u i k a	p ɛ m e k a p i d a p ɛ	ɽ iː t i	ɽ iː t i	k eː p ɛ d a ɽ i	l iː t i	l iː t i	k e ts iː	ɽ iː p i	a s iː p a
Chacon-2019-220-67_father				nʰ u n i ʐ i		a n iː ɾ i	h a n i ʐ i	n u n i ʐ i	h a n i ʐ i			p a j k a	h u n i ɽ i	n u ɾ o ɐ m i
Chacon-2019-220-68_afraid		k a ʐ u k a n i		n u h i o k a w a	k a j w a k a		n u t a p e	n u h i o w a	n u h i o k a			k a ɾ u m a n u k a		a k u n ɛ t i
Chacon-2019-220-69_feather	l iː o	ɽ iː dz u	l iː dz o	ɽ i pʰ ɛ	ɽ iː dʒ o		ɽ iː j o	ɽ i pʰ ɛ	ɽʰ i p a	l iː j o	l i dz o	l i tʃ i a ɾ ɛ	ɽ i n aː p ɐ	t a n a p i
Chacon-2019-220-6_maniocsqueezer	t i ɾ o l i p i		h iː ɾ i n a							t i ɾ o l i p i	t i ɾ o l i p i			
Chacon-2019-220-70_few	a i m a		ts uː ts a	ts oː d a ɽ i			eː p a	ts uː ts a	ts oː ts a	ts oː ts a	ts uː ts a	h ĩ d a t u p ɛ	t a j̃ʰ ĩ e k a	ɐ n i p a ɾ u
Chacon-2019-220-71_field	k i n k i		k e n k e							k i n i k i	k i n k e			
Chacon-2019-220-72_fight	i n o a k a k a d a		i n u a k a i t a								i n o a k a k e t i			
Chacon-2019-220-73_nail		ɽ i t u t a		p a s o t a	ɽ i ts u ɽ a		n u tʃ i t a	n u ts u t a	ɽ i ts u t a			p ə i p a d a p ɛ	ɽ i ts u t a	n u ts u l a ɽ i
Chacon-2019-220-74_fire	w a t o p i t a	t i dz e	t i dz e	t i dz ɛ	t i dʒ e	ʃ j a w ɐ	t i j e	t i dz ɛ	t i dz ɛ	t i j e	t i dz e	i tʃ a u a	t i dz ɛ	a s t i
Chacon-2019-220-75_fish	k u pʰ e	k u pʰ e	k u pʰ e	k u pʰ ɛ	k u pʰ e	k u pʰ ɛ	k u pʰ e	k u pʰ ɛ	k u pʰ ɛ	k o pʰ e	k o pʰ e	k u pʰ ɛ	k u pʰ ɛ	a h s i m ɛ h e
Chacon-2019-220-77_five	s i n k o			p ẽ + p a k a p i		p ɛː m e k ɐ p i	p e m p a k aː p i	p e m p a k a p i	p e m a + p a kʰ a p i		s i n k o d a	p ɛ m a k a p i	p eː m a + ʐ u p a kʰ aː p i	s ĩ k ʊ
Chacon-2019-220-78_meat	l iː p e		l iː pʰ e	ɽ iː p ɛ		ɾ iː p ɛ	ɽ iː p e	ɽ iː p ɛ	ɽ iː p ɛ	l iː p e	l iː p e	ɾ iː p ɛ	ɽ iː p ɛ	m i t i
Chacon-2019-220-79_float	i ɾ o k a d a o		i t a m u tʰ a kʰ e t i							i ɾ o k e t i	i ɾ o n i k e t i			
Chacon-2019-220-7_goodmorning	h a l e + w a i k a o		h eː k u a p i + w aː w i k a							h a l e + w a i k o	h a l e k a + w a i k a			
Chacon-2019-220-80_flower	l iː w i		l iː w i	ɽ iː w i			ɽ i n a k a	h a i k u i	ɽ iː w i	l iː w i	f l oː ɾ e	ɾ i h i	ɽ iː w i	p o tʃ i ɾ a
Chacon-2019-220-81_fly	j aː ɾ a k e t i	n u a ʐ a k a w a	aː ɾ a k e t i	w aː l a k a w a	w i a k a		ɽ i a w ʐ a k a o	n u a ʐ a k a w a	ɽ i a ʐ a k a w a	l i a ɾ a k a o	j a ɾ a k a p e	n a ɾ a h i n ã k a		n u m i t a
Chacon-2019-220-82_fog	t a m a n a		i t a m a n a	i t a m a n a			i t a m a n a k a	t a m a n a k a n i	i t a m ɐ̃ n a	i t a m a n a	k a d a w a k a d a l e	i tʃ a k u m ã	i t a m a n a	
Chacon-2019-220-83_foot	l iː p a	h iː p a	lʰ iː p a	h a j p a	ɽ iː p a	w a j m a p ɛ	n u i p a	n u i p a	ɽʰ iː p a	l iː p a	l iː p a	h i p a m ã	ɽ i k a w a	n u tʃ i p a ɽ a
Chacon-2019-220-84_jungle	a w a k a d a									a w a k a d a	n a w a k a d a			
Chacon-2019-220-85_four	l i k u a d aː k a		l i k u a d aː k a	ɽ i k o ɛ p a k a		k o e h p o n ĩ p ɛ	kʷ a d a k a w d a	k o a d a k a	k o a d a k a	k u a t ɾ o d a	k u a t ɾ o d a	k e h k u n ĩ p ɛ	ɽ i k o a d a k a	kʷ a t ɾ ʊ
Chacon-2019-220-86_fruit	l iː n a k a		l iː n a k a	ɽ iː n a k a			ɽ iː w i	p a n i a t i	ɽ ĩ h a j	l iː n a k a	l iː n a k a	h e k u n ã	ɽ iː n a k a	s i n a h ɐ
Chacon-2019-220-87_full		p a kʰ a m e k a		p aː kʰ ɐ m ɛ	b i u k a n i		p a kʰ a m e	p a kʰ ɐ m ɛ k a n i	p a kʰ ɐ m ɛ k ɛ			s e ts a m a n u k a ɾ i a	p a kʰ a m ɛ	p ɛ ɾ u m i a ɾ i
Chacon-2019-220-88_fur				n u tʃ i k o ɽ ɛ			ɽ iː j o	ɽ i z o	n u i dz o			i tʃ i a ɾ ɛ	ɽ iː dz o	n u i t u
Chacon-2019-220-89_girl	j e m p e t i		h aː p e n i			j a n ɐ̃ p ɛ m a				iː n a ɾ u d a	iː n a ɾ o e n i			
Chacon-2019-220-90_give	j aː k a d a	ɽ i a	a k a i t a		ɽ i a k a		ɽ i a k a o	n u a k a	n ũ a k a n i	j a n d a k e t i	j aː k e t i	ɾ i a n ʊ k a	p i a n ũ h i u m e	n u t ɐ m i h a
Chacon-2019-220-92_good	m a ts i a d a l i	m a tʃ i a	m a ts i a	m a tʃ i a dz a	m a tʃ i a k a n i		m a tʃ i a	m a tʃ i a	m a tʃ i a	m a ts i a	m a ts i a d a l e	m ã s i a m ã n u k a	m a tʃ i a d a ɽ i	w ɛ d ɐ n a l i
Chacon-2019-220-93_herbgrass				m a tʃ i d a ɽ i			p a ɽ iː t i	k a n a p i ʐ i	m a tʃ i d a ɽ i			k a n a p i ɾ i	m a ɽ iː t i	a ɾ i p ɛ ɾ i
Chacon-2019-220-94_green	h i p o l i a d a l i	eː m i d a ɽ i k a	h i p u l e	h i p o ɽ ɛ d a ɽ i	k o n e n a ɽ i k a n i	h i p ɔ ɾ e n ĩ p ɛ	ĩ d a ɾ i p o a	e m i k a t o a n i	e m ĩ d a ɽ i	h i p o l e d a l i	h i p o l e d a l e	h i p o ɾ ɛ m a n ʊ k a	h i p o ɽ ɛ d a ɽ i	p u ɾ ɛ ɾ i
Chacon-2019-220-95_guts	l i s ɾ a p i		l i ʃ a p i	p a ʂ i a p i			ɽ i h i a d a	n u ʃ a p i	n u ʃ a p i	l i s ɾ a p i	l i s ɾ a p i	u ɾ i h a p i k a p ɛ	ɽ i ʃ a p i	tʃ i a p i
Chacon-2019-220-96_hair	l i ts i k o l e	ɽ i tʃ i k u ɽ e	l i ts i k u l e	tʃ i k u ɽ ɛ	ɽ i tʃ i d a p e	w a tʃ i a ɾ ɛ		ɽ i tʃ i k u ɽ ɛ	tʃ i k u w ɛ	l i ts i k u l e	l i ts i k o l e	l i tʃ i a ɾ ɛ	tʃ i k o w ɛ	n u tʃ i p a n a
Chacon-2019-220-97_hammock	aː m a k o		m a k a i tʰ e p a							aː m a k o	p i e t a			
Chacon-2019-220-98_hand	l i k aː p i	n u k aː p i	l i k aː p i	p a k aː p i	n u k aː p i	w a k a p i m ɐ	n u k aː p i	n u k a p i	ɽ i n a p a	l i k aː p i	l i k aː p i	p a k a p i	ɽ i k aː p i	n aː p i
Chacon-2019-220-99_head	l i w i d a	h i w i d a	l i w i d a	h i w i d a	h i w i d a	w a h u j d a	h i w i d a	h i w í/i d a	h i w i d a	l i w i d a	l i w i d a	ɾ i wʰ i d a	h i w i d a	n u b u h ɐ̃
Chacon-2019-220-9_porrige	p e ɾ i t i a		p a ts i a k a							p e ɾ i t i a	p a ts i a k a			
