Cognate_ID,Beijing,Changsha,Chengdu,Fuzhou,Guangzhou,Guilin,Haerbin,Jinan,Jixi,Loudi,Meixian,Nanchang,Nanjing,Rongcheng,Suzhou,Taiyuan,Wenzhou,XiAn,Xiamen
100_throw,ʐ ə ŋ ⁵⁵,ʐ ə n ¹³,z ə n ⁴⁵,l j eu ⁵⁵,t j u ⁵⁵,t j ou ⁴²,ʐ ə ŋ ⁴⁴,l ə ŋ ²¹⁴,pʰ ɤ ⁵⁵,l j ɤ ¹¹,t j u ³³,l ɨ n ²¹,s w ə ³¹,l j au ³³⁴,t o ʔ ⁴,z ə ŋ ⁵³,g a ²²,l j ɑu ⁴⁴,l i ŋ ⁵⁵
101_flesh,ʐ ou ⁵¹,ʐ əu ²⁴,z əu ²¹³,n y ʔ ⁵,i k ²,j ou ⁵⁵,ʐ ou ⁵³,ʐ ou ³¹,ɲ ɥ o ʔ ³²,n io ³⁵,ŋ j u k ¹,ɲ j u ʔ ⁵,ʐ əɯ ⁴⁴,j ou ³³⁴,ɲ j o ʔ ²³,z əu ⁴⁵,ɲ j eu ²¹,ʐ ou ⁴⁴,b a ʔ ³²
102_if,ʐ u ³⁵ + k w o ²¹⁴,y ¹³ + k o ⁰,t a ⁵³ + p i ⁵³ + s o ²¹,ɥ o ʔ ⁵ + h w a ŋ ⁵³,y ²¹ + k w ɔ ³⁵,y ²² + k w o ²³,ʐ u ²⁴ + k w o ²¹³,l u ⁵³ + k w ɤ ⁴⁵,y ⁴⁴ + k ɵ ²¹³,y ¹³ + k o ⁴²,k a ³¹ + h e ⁵³,l u ⁴⁵ + k w o ²¹³,ʐ u ¹³ + k o ¹¹,y ³⁵ + k w ɔ ²¹⁴,tɕ j ɑ ⁵² + s ɿ ⁵²,z u ²¹ + k w ɤ ⁵³,dʑ j a ²¹ + z ɿ ²⁴,v u ²⁴ + k w o ⁵³,n ã ⁵⁵ + s i ²²
103_breasts,ʐ u ²¹⁴ + f ɑ ŋ ³⁵,y ⁴¹ + f a n ¹³,l ai ⁴⁵ + l ai ⁵⁵,n ɛi ŋ ⁵³,y ²³ + f ɔ ŋ ²¹,l ai ²³ + f ɑ ŋ ²²,n ai ²¹³ + ts ɿ ⁰,m a ²¹³ + m a ⁰,l ɔ ³⁵ + ts ɿ ⁰,l a ³⁵ + b u ¹³,n e n ⁵³ + k u ³³,l ai ²¹³,l u ¹¹ + f ɑ̃ ¹³,n ai ²¹⁴ + ts ɿ ⁰,n ɑ ¹³ + n ɑ ¹³,n ai ⁵³,n a ²⁴,v u ⁵³ + f ɑ ŋ ²¹,n j æ ⁵³ + j ã ⁵³
104_three,s a n ⁵⁵,s a n ³³,s a n ⁴⁵,s a ŋ ⁵⁵,s a m ⁵⁵,s ã ⁴²,s a n ⁴⁴,s æ̃ ²¹⁴,s ɔ ⁵⁵,s ã ⁴⁴,s a m ³³,s a n ⁴²,s ɑ̃ ³¹,s ɐ n ⁵²,s e̞ ⁴⁴,s æ̃ ²¹,s a ⁴⁴,s æ̃ ²¹,s ã ⁵⁵
105_woods,s ə n ⁵⁵ + l i n ³⁵,s ə n ³³ + l i n ¹³,s ə n ⁴⁵ + ɲ i n ²¹,tsʰ j eu ²¹² + l i ŋ ⁵³,s ɐ m ⁵³ + l ɐ m ²¹,ɕ y ²¹ + l i ŋ ²²,s ə n ⁴⁴ + l i n ²⁴,ʂ u ²¹³ + l j ẽ ⁵³ + ts ɿ ⁰,s ɑ̃ ⁴⁴ + n j ɑ̃ ⁴⁴,s ẽ ⁴⁴ + l i n ¹³,s e m ³³ + l i m ¹¹,s ɛ n ⁴² + l i n ⁴⁵,s u ⁴⁴ + l i n ¹³,l i n ³⁵ + s ɿ ⁰,z ʯ ²³¹ + l i n ¹³,s ə ŋ ²¹ + l i ŋ ²¹,s a ŋ ⁴⁴ + l e ŋ ³⁴¹,s ẽ ²¹ + l j ẽ ²⁴,tsʰ j u ²² + l i m ²⁴
106_kill,ʂ a̠ ⁵⁵,s a ²⁴,s a ²¹,tʰ ai ⁵³,s a t ³,s a̠ ⁵⁵,ʂ a ⁴⁴,ʂ a ²¹⁴,s a ʔ ³²,s a ¹³,s a t ¹,s a t ⁵,s ɑ ʔ ⁵,ʂ a ²¹⁴,s a ʔ ⁴,s a ʔ ²,s a ⁴¹,s ɑ ²¹,tʰ ai ²⁴
107_sand,ʂ a̠ ⁵⁵,s a ³³ + ts ɿ ⁰,s a ⁴⁵,s ai ⁵⁵,s a ⁵³,s ɑ ⁴² + ts e ²³,ʂ a ⁴⁴ + ts ɿ ⁰,ʂ a ²¹⁴ + ts ɿ ⁰,s o ⁵⁵ + ts ɿ ⁰,s ɔ ⁴⁴ + ts ɿ ⁰,s a ³³ + v e ⁰,s a ⁴² + ts ɿ ⁰,s ɑ ³¹ + ts ɿ ⁰,ʂ a ⁵²,s o ⁴⁴,s a ²¹,s o ⁴⁴,s ɑ ²¹ + ts ɿ ⁰,s w a ⁵⁵
108_mountain,ʂ a n ⁵⁵,s a n ³³,s a n ⁴⁵,s a ŋ ⁵⁵,s a n ⁵³,s ã ⁴²,ʂ a n ⁴⁴,ʂ æ̃ ²¹³,s ɔ ⁴⁴,s ã ⁴⁴,s a n ³³,s a n ⁴²,s ɑ̃ ³¹,ʂ ɐ n ⁵²,s e̞ ⁴⁴,s æ̃ ²¹,s a ⁴⁴,s æ̃ ²¹,s w ã ⁵⁵
109_burn,ʂ ɑu ⁵⁵,s au ³³,s au ⁴⁵,s j eu ⁵⁵,s j u ⁵³,s ɑu ⁴²,ʂ au ⁴⁴,ʂ ɔ ²¹⁴,ɕ j o ⁵⁵,ɕ j ɤ ⁴⁴,s au ³³,s ɛu ⁴²,s ɔ ³¹,ʂ au ⁵²,s æ ⁴⁴,s au ²¹,ɕ j ɛ ⁴⁴,ʂ ɑu ²¹,s j o ⁵⁵
10_long,ʈʂʰ ɑ ŋ ³⁵,ts a n ¹³,tsʰ a ŋ ²¹,t w o ŋ ⁵³,tsʰ œ ŋ ²¹,ts ɑ ŋ ²²,ʈʂʰ a ŋ ²⁴,tsʰ ɑ ŋ ⁵³,tɕʰ j õ ⁴⁴,dʑ ɔ ŋ ¹³,tsʰ o ŋ ¹¹,tsʰ ɔ ŋ ²⁴,tsʰ ɑ̃ ¹³,ʈʂʰ a ŋ ³⁵,z ã ¹³,tsʰ ɒ̃ ²¹,dʑ i ³⁴¹,ʈʂʰ ɑ ŋ ²⁴,t ŋ̍ ²⁴
110_few,ʂ ɑu ⁵¹,s au ⁴¹,s au ⁵³,ts j eu ³²,s j u ³⁵,s ɑu ²³,ʂ au ²¹³,ʂ ɔ ⁴⁵,ɕ j e ²¹³,ɕ j ɤ ⁴²,s au ³¹,s ɛu ²¹³,s ɔ ¹¹,ʂ au ³³⁴,s æ ⁵²,s au ⁵³,ɕ j ɛ ²⁴²,ʂ ɑu ⁵³,ts j o ⁵³
111_tongue,ʂ ɤ ³⁵,s ə ²⁴ + t əu ⁰,s e ²¹ + tʰ ə ²¹,tsʰ w oi ²¹² + s j o ʔ ⁵,s i t ²,ɕ j e ²² + t ai ²²,ʂ ɤ ²⁴ + tʰ ou ⁰,ʂ ɤ ⁵³ + tʰ ou ⁰,kʰ i ²¹³ + tɕʰ ɥ a ʔ ³²,ɕ j e ³⁵ + ts ɿ ⁰,s a t ⁵ + m a ¹¹,s ə t ²¹ + tʰ ɛu ⁰,s e ʔ ⁵ + tʰ əɯ ¹³,ʃ ɛ ³⁵ + tʰ ə ⁰,z ə ʔ ²³ + d ʏ ¹³,ʂ ə ʔ ⁵⁴,kʰ au ²⁴² + j i ²¹,ʂ ɤ ²⁴ + tʰ ou ⁰,ts i ʔ ⁵ + j a ⁵³
112_snake,ʂ y ³⁵,s ə ¹³,s e ²¹,l au ³² + l j e ⁵³,s ɛ ²¹,s a̠ ²²,ʂ y ²⁴,ʂ a ⁵³,s o ⁴⁴,tɕʰ j ɔ ¹³,s a ¹¹ + k o ³³,s a ⁴⁵,ʂ ə ¹³,ʈʂʰ a ŋ ³⁵ + ʈʂʰ o ŋ ⁰,z o ¹³,s ɤ ²¹,z ei ³⁴¹,ʈʂʰ ɑ ŋ ²⁴ + pfʰ ə ŋ ⁰,ts w a ²⁴
113_rope,ʂ ə ŋ ³⁵,s ə n ¹³ + ts ɿ ⁰,s w ə n ²¹ + ts ɿ ⁵³,s o ʔ ²⁴,s e ŋ ²¹,s w o ⁵⁵ + ts e ²³,ʂ ə ŋ ²⁴ + ts ɿ ⁰,ʂ ə ŋ ⁵³ + ts ɿ ⁰,ɕ j ɑ̃ ⁴⁴,ʑ i n ¹³ + ts ɿ ⁰,s o k ¹,s ɨ n ⁴⁵ + ts ɿ ⁰,s ə n ¹³ + ts ɿ ⁰,ʂ ə ŋ ³⁵ + ts ɿ ⁰,z ə n ¹³,s ə ŋ ²¹,z e ŋ ³⁴¹,ʂ ə ŋ ²⁴,s o ʔ ³² + a ⁵³
114_louse,ʂ ʅ ⁵⁵,s ɿ ²⁴,s e ²¹ + ts ɿ ⁵³,s ɛi ʔ ²⁴ + m o ³²,s ɐ t ⁵,s ɤ ⁵⁵,ʂ ʅ ⁴⁴ + ts ɿ ⁰,ʂ ʅ ²¹⁴ + ts ɿ ⁰,ɕ j e ʔ ³² + ts ɿ ⁰,ɕ e ¹³ + b u ¹³ + s ɿ ⁰,s e t ¹ + m a ¹¹,s ə t ⁵,s e ʔ ⁵ + ts ɿ ⁰,ʂ ʅ ⁵²,d j æ ¹³ + s ə ʔ ⁴,s ə ʔ ²,s ai ⁴¹,s ei ²¹,k a ⁵⁵ + ts au ⁵³
115_wet,ʂ ʅ ⁵⁵,s ɿ ²⁴,s ɿ ²¹,l a ŋ ²⁴²,s ɐ p ⁵,ɕ i ⁵⁵,ʂ ʅ ⁴⁴,ʂ ʅ ²¹⁴,tʰ i ³⁵ + n i ⁴⁴,ɕ i ¹³,s ə p ¹,s ɨ t ⁵,tsʰ ɔ ¹³,ʃ i ²¹⁴,s ə ʔ ⁴,s ə ʔ ²,s ai ⁴¹,ʈʂ ɑu ²⁴,s i p ³²
116_what,ʂ ə n ³⁵ + m ə ⁰,s ə n ²⁴ + m o ⁰,s a ²¹³ + ts ɿ ⁵³,s j e ʔ ²⁴ + n o ʔ ²⁴,m ɐ t ⁵ + j ɛ ²³,s ɤ n ²² + m a̠ ²²,ʂ ə n ²⁴ + m ɤ ⁰,ʂ ẽ ⁵³ + m ə ⁰,ɕ j e ʔ ³² + m ɤ ²¹³,m ɤ ⁴² + ts ɿ ⁰,m a k ¹ + k e ⁵³,ɕ i t ⁵ + l i ²¹,ʂ ə n ¹³ + m o ʔ ⁵,ʂ ə n ³⁵ + m ə ⁰,s ɑ ⁴¹²,s ə ŋ ⁴⁵ + l ə ʔ ²,a ⁴¹ + ɲ i ³⁴¹,s ɑ ⁴⁴,s i m ⁵³ + m j æ ʔ ⁵
117_stone,ʂ ʅ ³⁵ + tʰ ou ⁰,s ɿ ²⁴ + t əu ⁰,s j ɿ ²¹ + tʰ əu ²¹,s w o ʔ ⁵ + l au ⁵³,s ɛ k ² + tʰ ɐu ²¹,s ei ²² + t ai ²²,ʂ ʅ ²⁴ + tʰ ou ⁰,ʂ i ⁵³ + tʰ ou ⁰,ɕ j e ʔ ³² + tʰ i ⁴⁴,ɕ j ɔ ³⁵ + d j ɤ ¹³ + k w a ⁰,s a k ⁵ + tʰ eu ¹¹,s a ʔ ² + tʰ ɛu ⁰,ʂ ʅ ʔ ⁵ + tʰ əɯ ¹³,ʂ ɿ ³⁵ + tʰ ou ⁰,z ɑ ʔ ²³ + d ʏ ¹³,s ə ʔ ⁵⁴ + tʰ əu ²¹,z ei ²¹ + d ɤu ³⁴¹ + ts ɿ ²⁴² + ŋ̍ ⁰,ʂ ʅ ²⁴ + tʰ ou ⁰,ts j o ʔ ⁵ + tʰ au ²⁴
118_hand,ʂ ou ²¹³,s əu ⁴¹,s əu ⁵³,tsʰ j eu ³²,s ɐu ³⁵,s ou ²³,ʂ ou ²¹³,ʂ ou ⁴⁵,s i ²¹³,ɕ io ⁴²,s u ³¹,ɕ j u ²¹³,s əɯ ¹¹,ʂ ou ²¹⁴,s ʏ ⁵²,s əu ⁵³,ɕ j eu ²⁴,ʂ ou ⁵³,tsʰ j u ⁵³
119_tree,ʂ u ⁵¹,ɕ y ¹¹,s u ²¹³,tsʰ j eu ²¹²,s y ²²,ɕ y ²¹,ʂ u ⁵³,ʂ u ³¹,ɕ y ³¹,ʑ y ¹¹,s u ⁵⁵ + v e ⁰,s u ²¹,s u ⁴⁴,ʃ y ³³⁴,z ʯ ²³¹,s u ⁴⁵,z ɿ ²²,f u ⁴⁴,tsʰ j u ²²
11_guts,ʈʂʰ ɑ ŋ ³⁵ + ts ɿ ⁰,ts a n ¹³ + ts ɿ ⁰,tsʰ a ŋ ²¹ + ts ɿ ⁵³,t w o ŋ ⁵³,tsʰ œ ŋ ²¹,ts ɑ ŋ ²² + ts e ²³,ʈʂʰ a ŋ ²⁴ + ts ɿ ⁰,ʈʂʰ ɑ ŋ ⁵³ + ts ɿ ⁰,tɕʰ j õ ⁵⁵,tʰ ɔ ŋ ¹³,tsʰ o ŋ ¹¹ + ŋ e ⁰,tsʰ ɔ ŋ ²⁴ + ts ɿ ⁰,tsʰ ɑ̃ ¹³ + ts ɿ ⁰,ʈʂ a ŋ ³⁵ + ts ɿ ⁰,d əu ²³¹ + ã ¹³,tsʰ ɒ̃ ²¹ + ts ə ʔ ⁰,d øy ²⁴ + dʑ i ³⁴¹,ʈʂʰ ɑ ŋ ²⁴,t ŋ̍ ²⁴ + ŋ a ⁵³
120_bark,ʂ u ⁵¹ + pʰ i ³⁵,ɕ y ¹¹ + p i ¹³,s u ²¹³ + pʰ i ²¹,tsʰ j eu ²¹² + pʰ w oi ⁵³,s y ²² + pʰ ei ²¹,ɕ y ²¹ + p i ²²,ʂ u ⁵³ + pʰ i ²⁴,ʂ u ³¹ + pʰ i ⁵³,ɕ y ³¹ + pʰ ɿ ⁴⁴,ʑ y ¹¹ + b i ¹³,s u ⁵³ + pʰ i ¹¹,s u ²¹ + pʰ i ²⁴,s u ⁴⁴ + pʰ i ¹³,ʃ y ³³⁴ + pʰ i ³⁵,z ʯ ²³¹ + b i ¹³,s u ⁴⁵ + pʰ i ²¹,z ɿ ²² + b ei ³⁴¹,f u ⁴⁴ + pʰ i ²⁴,tsʰ j u ²² + pʰ e ²⁴
121a_countnoun,ʂ u ⁵¹,s əu ⁵⁵,s u ²¹³,s ou ²¹²,s ou ³³,s u ²⁵,ʂ u ⁵³,ʂ u ²¹,s u ³⁵,s ɤu ³⁵,s ɿ ⁵³,s u ⁴⁵,s u ⁴⁴,ʃ u ³³⁴,s əu ⁴¹²,s u ⁴⁵,s ɤu ⁵¹,s ou ⁴⁴,s ɔ ²¹
121b_countverb,ʂ u ²¹³,s əu ⁴¹,s u ⁵³,s ou ²¹²,s ou ³⁵,s u ²⁵,ʂ u ²¹³,ʂ u ⁴⁵,s u ²¹³,s ɤu ⁴²,s ɿ ⁵³,s u ²¹³,s u ¹¹,ʃ u ³³⁴,s əu ⁵²,s u ⁵³,t i ²⁴,s ou ⁵³,s ɔ ²¹
122_who,ʂ əi ³⁵,s ei ¹³,n a ⁵³ + k o ²¹³,t j e ³² + ʒ j e ʔ ²⁴,s øy ²¹,l a̠ ²³ + k w o ³³,ʂ w ei ²⁴,ʂ ei ⁵³,n a ²¹³ + k ɵ ³⁵,s w i ¹³,m a n ³¹ + ŋ i n ¹¹,l ai ²¹³ + k o ²¹,l ɑ ¹¹ + k o ⁴⁴,ʃ w ɛ ³⁵,s ɑ ⁴¹² + ɲ i n ¹³,s w ei ²¹,a ⁴¹ + ɲ i ³⁴¹ + n a ŋ ³⁴¹,s ei ²⁴,s j ã ⁵³ + l a ŋ ²⁴
123_water,ʂ w ei ²¹³,ɕ ɥ ei ⁴¹,s w ei ⁵³,ts w oi ³²,s øy ³⁵,s w ei ²³,ʂ w ei ²¹³,ʂ w ei ⁴⁵,ɕ y ²¹³,ɕ y ⁴²,s w i ³¹,s w i ²¹³,s w ei ¹¹,ʂ w ei ²¹³,s ʯ ⁵²,s w ei ⁵³,s ɿ ²⁴,f ei ⁵³,ts w i ⁵³
124_fruit,ʂ w ei ²¹⁴ + k w o ²¹³,ɕ ɥ ei ⁴¹ + k o ⁴¹,s w ei ⁵³ + k o ⁵³,k w o ³² + ʒ i ³²,s øy ³⁵ + k ɥ ɔ ³⁵,s w ei ²³ + k w o ²³,ʂ w ei ²¹³ + k w o ²¹³,ʂ w ei ⁴⁵ + k w ɤ ⁴⁵,ɕ y ²¹³ + k ɵ ²¹³,k o ⁴² + ts ɿ ⁰,s w i ³¹ + k w o ³¹,s w i ²¹³ + k w o ²¹³,s w ei ¹¹ + k o ¹¹,k ɔ ²¹³ + m ə n ⁰,s ʯ ⁵² + k əu ⁵²,s w ei ⁵³ + k w o ⁵³,s ɿ ²⁴ + k u ²⁴²,f ei ⁵³ + k w o ⁰,ts w i ⁵³ + k o ⁵³
125_sleep,ʂ w ei ⁵¹,ɕ ɥ ei ¹¹,s w ei ²¹³,kʰ ɔu ŋ ²¹²,s øy ²²,s w ei ²¹,ʂ w ei ⁵³,ʂ w ei ³¹,kʰ w ɑ̃ ³⁵,kʰ u n ³⁵,s oi ⁵³,kʰ u n ²¹³,s w ei ⁴⁴,ʂ w ei ³³⁴,kʰ w ə n ⁴¹²,s w ei ⁴⁵,kʰ y ⁵¹,f ei ⁴⁴,kʰ u n ²¹
126_suck,ɕ i ⁵⁵,tɕ i n ³³,tɕ y ²¹,s o ʔ ²⁴,s y n ²³,s w o ⁵⁵,k w o ²¹³,ʂ w ẽ ⁵³,s o ʔ ³²,ts i n ⁴⁴,kʰ i p ¹,tɕ i t ⁵,s o ʔ ⁵,ç y ²¹⁴,h əu ⁴⁴,ɕ j ə ʔ ²,tɕ y ⁴¹,ɕ i ²¹,s u ʔ ⁵
127_say,ʂ w o ⁵⁵,s o ²⁴,s o ²¹,k ou ŋ ³²,s y t ³,k ɑ ŋ ²³,ʂ w o ⁴⁴,ʂ w ɤ ²¹,ɕ ɥ a ʔ ³²,k ɔ ŋ ⁴²,k o ŋ ³¹,w a ²¹,tɕ j ɑ̃ ¹¹,ʃ w ɛ ²¹⁴,s ə ʔ ⁴,s w ə ʔ ²,k w ɔ ²⁴²,ʂ y ²¹,k ɔ ŋ ⁵³
128_split,s ɿ ⁵⁵ + l j ɛ ⁵¹,s i ³³,s ɿ ⁴⁵ + kʰ ai ⁴⁵,tʰ j e ³² + l j e ʔ ⁵,s i ⁵³ + l i t ²,tsʰ a̠ ²³ + pʰ w o ²⁵,s ɿ ⁴⁴ + l j ɛ ⁵³,s ɿ ²¹⁴ + l j ə ³¹,tɕʰ j ɔ ²¹³,tʰ j ɔ ⁴² + b u ³⁵,tsʰ a ³¹ + kʰ oi ³³,s i ⁴² + l j ɛ t ⁵,s ɿ ³¹,s ɿ ⁵² + l j ɛ ²¹⁴,h ə n ⁴⁴,s ɿ ²¹,d o ²¹,s ɿ ²¹ + l æ̃ ⁴⁴,tʰ j a ʔ ⁵³ + l i ²²
129_die,s ɿ ²¹³,s ɿ ⁴¹,s ɿ ⁵³,s i ³²,s ei ³⁵,s ɿ ²³,s ɿ ²¹³,s ɿ ⁴⁵,s ɿ ²¹³,s ɿ ⁴²,s ɿ ³¹,s ɿ ²¹³,s ɿ ¹¹,s ɿ ²¹⁴,s i ⁵²,s ɿ ⁵³,s ɿ ²⁴²,s ɿ ⁵³,s i ⁵³
12_sing,ʈʂʰ ɑ ŋ ⁵¹,tsʰ a n ⁵⁵,tsʰ a ŋ ²¹³,tsʰ w o ŋ ²¹²,tsʰ œ ŋ ³³,tsʰ ɑ ŋ ²⁵,ʈʂʰ a ŋ ⁵³,ʈʂʰ ɑ ŋ ³¹,tɕʰ j õ ³⁵,tʰ ɔ ŋ ³⁵,tsʰ o ŋ ⁵³,tsʰ ɔ ŋ ²¹³,tsʰ ɑ̃ ⁴⁴,ʈʂʰ a ŋ ³³⁴,tsʰ ɑ̃ ⁴¹²,tsʰ ɒ̃ ⁴⁵,tɕʰ i ⁵¹,ʈʂʰ ɑ ŋ ⁴⁴,tsʰ j ũ ²¹
130_four,s ɿ ⁵¹,s ɿ ⁵⁵,s ɿ ²¹³,s ɛi ²¹²,s ei ³³,s ɿ ²⁵,s ɿ ⁵³,s ɿ ³¹,s ɿ ³⁵,s ɿ ³⁵,s i ⁵³,s ɿ ⁴⁵,s ɿ ⁴⁴,s ɿ ³³⁴,s ɿ ⁴¹²,s ɿ ⁴⁵,s ɿ ⁵¹,s ɿ ⁴⁴,s i ²¹
131_he,tʰ a̠ ⁵⁵,tʰ a ³³,tʰ a ⁴⁵,i ⁵⁵,kʰ øy ²³,tʰ a̠ ⁴²,tʰ a ⁴⁴,tʰ a ⁴⁵,k i ⁴⁴,tʰ ɔ ⁴⁴,k i ¹¹,tɕ j e ²⁴,tʰ ɑ ³¹,tʰ a ⁵²,l i ⁴⁴,tʰ a ²¹,g ei ³⁴¹,tʰ ɑ ²¹,i ⁵⁵
132_they,tʰ a̠ ⁵⁵ + m ə n ³⁵,tʰ a ³³ + m ə n,tʰ a ⁴⁵ + m ə n ²¹,i ⁵⁵ + n øy ŋ ⁵³,kʰ øy ²³ + t ei ²²,tʰ a̠ ⁴² + t i ⁰ + k ɤ ²¹,tʰ a ⁴⁴ + m ə n ⁰,tʰ a ⁴⁵ + m ẽ ⁰,k i ⁴⁴ + j ɑ̃ ⁰,tʰ ɔ ⁴⁴ + n ã ¹³,k i ¹¹ + t e n ³³ + ŋ i n ¹¹,tɕ j e ²⁴ + m ɨ n ⁰,tʰ ɑ ³¹ + m ə n ¹³,tʰ a ⁵² + m ə n ³³⁴,l i ⁴⁴ + t o ʔ ⁰,tʰ a ²¹ + m ə ŋ ⁰,g ei ³⁴¹ + l j ɛ ³⁴¹,tʰ ɑ ²¹ + t i ⁰,i n ⁵⁵
133_sun,tʰ ai ⁵¹ + j ɑ ŋ ³⁵,tʰ ai ⁵⁵ + j a n ¹³,tʰ ai ²¹³ + j a ŋ ²¹,n i ʔ ⁵ + tʰ au ⁵³,tʰ ai ³³ + j œ ŋ ²¹,l j e ⁵⁵ + t ai ²²,ʐ ʅ ⁵³ + tʰ ou ⁰,tʰ ə ³¹ + j ɑ ŋ ⁵³,tʰ ɔ ³⁵ + j ɔ ⁴⁴,tʰ a ³⁵ + j ɔ ŋ ¹³,ŋ i t ¹ + tʰ eu ¹¹,tʰ ai ²¹³ + j ɔ ŋ ⁴⁵,tʰ ɛ ⁴⁴ + j ɑ̃ ⁰,i ²¹³ + tʰ ou ⁰,tʰ ɑ ⁴¹² + ɦ j ã ¹³,tʰ ai ⁴⁵ + j ɒ̃ ⁰,tʰ a ⁵¹ + j i ³⁴¹,tʰ ɛ ⁴⁴ + j ɑ ŋ ⁰,l i t ⁵
134_lie,tʰ ɑ ŋ ²¹³,tʰ a n ⁴¹,s w ei ²¹³ + t au ⁵³,t o ³²,tʰ ɔ ŋ ³⁵,tʰ ɑ ŋ ²³,tʰ a ŋ ²¹³,tʰ ɑ ŋ ⁴⁵,kʰ w ɑ̃ ³⁵,kʰ u n ³⁵,m i n ¹¹,tʰ ɔ ŋ ²¹³,tʰ ɑ̃ ¹¹,tʰ a ŋ ²¹³,tʰ ɑ̃ ⁵²,tʰ ɒ̃ ⁴⁵,f a ⁴⁴,f ei ⁴⁴,t o ⁵³
135_day,tʰ j ɛ n ⁵⁵,tʰ j ẽ ³³,tʰ j ɛ n ⁴⁵,tʰ j e ŋ ⁵⁵,tʰ i n ⁵³,tʰ j ã ⁴²,tʰ j a n ⁴⁴,tʰ j æ̃ ²¹⁴,tʰ ẽ ⁵⁵,tʰ j æ ⁴⁴,tʰ j e n ³³,tʰ j ɛ n ⁴²,tʰ j e n ³¹,tʰ j ɐ n ⁵²,tʰ j ɪ ⁴⁴,tʰ j e ²¹,n e ²¹,tʰ j æ̃ ²¹,tʰ j æ ⁵⁵
136_sky,tʰ j ɛ n ⁵⁵ + kʰ u ŋ ⁵⁵,tʰ j ẽ ³³ + kʰ ə n ³³,tʰ j ɛ n ⁴⁵ + s a ŋ ²¹³,tʰ j e ŋ ⁵⁵ + n øy ŋ ⁵⁵,tʰ i n ⁵⁵ + h o ŋ ⁵³,tʰ j ã ⁴² + kʰ ɤ n ⁴²,tʰ j a n ⁴⁴,tʰ j æ̃ ²¹⁴ + kʰ u ŋ ³¹,tʰ ẽ ⁵⁵ + kʰ w ɑ̃ ⁵⁵,tʰ j æ ⁴⁴,tʰ j e n ³³ + h o ŋ ⁵³,tʰ j ɛ n ⁴² + k u ŋ ⁴²,tʰ j e n ³¹ + kʰ o ŋ ³¹,tʰ j ɐ n ⁵² + kʰ o ŋ ³³⁴,tʰ j ɪ ⁴⁴,tʰ j e ²¹ + s ɒ̃ ⁴⁵,tʰ i ⁴⁴ + l ei ⁴⁴,tʰ j æ̃ ²¹ + kʰ u ŋ ²¹,tʰ j æ ⁵⁵ + t i ŋ ⁵³
137_hear,tʰ i ŋ ⁵⁵ + tɕ j ɛ n ⁵¹,tʰ i n ³³ + tɕ j ẽ ⁵⁵,tʰ i n ⁴⁵ + t au ⁵³,tʰ j a ŋ ⁵⁵ + ŋ j e ŋ ²¹²,tʰ ɛ ŋ ⁵³ + k i n ³³,tʰ ei ⁴² + tɕ j ã ²⁵,tʰ i ŋ ⁴⁴ + tɕ j a n ⁵³,tʰ i ŋ ²¹³ + tɕ j æ̃ ⁰,tʰ j ɑ̃ ³⁵ + tɕ j ẽ ³⁵,tʰ j ɔ̃ ⁴⁴ + tɕ j æ ³⁵,tʰ a ŋ ³³,tʰ j a ŋ ⁴² + tɕ j ɛ n ⁴⁵,tʰ i n ⁴⁴ + tɕ j e n ⁴⁴,tʰ i ŋ ⁵² + c j ɐ n ³³⁴,tʰ i n ⁴⁴ + tɕ j ɪ ⁴¹²,tʰ i ŋ ²¹ + tɕ j e ⁴⁵,tʰ e ŋ + dʑ j a ²¹,tʰ i ŋ ²¹ + tɕ j æ̃ ⁰,tʰ j ã ⁵⁵ + t j o ⁰
138_head,tʰ ou ³⁵,t əu ¹³,tʰ əu ²¹,tʰ au ⁵³,tʰ ɐu ²¹,t ai ²²,tʰ ou ²⁴,tʰ ou ⁵³,tʰ i ⁴⁴,d j ɤ ¹³,tʰ eu ¹¹ + n a ¹¹,tʰ ɛu ²⁴,tʰ əɯ ¹³,t ou ³⁵,d ʏ ¹³,tʰ əu ²¹,d ɤu ³⁴¹,tʰ ou ²⁴,tʰ au ²⁴ + kʰ a k ³²
139_hair,tʰ ou ³⁵ + f a̠ ⁵¹,t əu ¹³ + f a ²⁴,tʰ əu ²¹ + f a ²¹,tʰ au ⁵³ + w o ʔ ²⁴,tʰ ɐu ²¹ + f a t ³,t ai ²² + m au ²²,tʰ ou ²⁴ + f a ⁰,tʰ ou ⁵³ + f a ⁰,tʰ i ⁴⁴ + m ɤ ⁴⁴,d j ɤ ¹³ + x ɔ ⁰,tʰ eu ¹¹ + n a ¹¹ + m au ³³,tʰ ɛu ²⁴ + f a t ⁰,tʰ əɯ ¹³ + f ɑ ʔ ⁵,t ou ³⁵ + f a ⁰,d ʏ ¹³ + f a ʔ ⁴,tʰ əu ²¹ + f a ʔ ²,d ɤu ³⁴¹ + h o ⁴¹,tʰ ou ²⁴ + f ɑ ⁰,tʰ au ²⁴ + m ŋ̍ ²⁴
13_dust,ʈʂʰ ə n ³⁵ + tʰ u ²¹⁴,f ei ³³ + ts ə n ¹³,ts a ⁴⁵ + ts a ⁵⁵,u ŋ ⁵⁵ + n i ŋ ⁵³,f w i ⁵³ + tsʰ ɐ n ²¹,f ei ⁴² + ts ɤ n ²²,ʈʂʰ ə n ²⁴ + tʰ u ²¹³,tʰ u ⁴⁵ + l a ⁰,f a ⁵⁵ + tɕʰ j ɑ̃ ⁴⁴,x w e ⁴⁴,tsʰ ə n ¹¹,tsʰ ɛ n ²⁴ + tʰ u ²¹³,x w ei ³¹,x w ei ⁵²,h w e̞ ⁴⁴ + z ə n ¹³,tsʰ ə ŋ ²¹ + tʰ u ⁵³,b a ŋ ³⁴¹ + dz a ŋ ³⁴¹,ʈʂʰ ẽ ²⁴,tʰ ɔ ²⁴ + h u n ⁵³
140_earth,tʰ u ²¹³ + t i ⁵¹,tʰ əu ⁴¹ + t i ¹¹,tʰ u ⁵³ + t i ²¹³,tʰ u ⁵³ + l ɛi ²⁴²,tʰ ou ³⁵ + t ei ²²,tʰ u ²³ + t i ²¹,tʰ u ²¹³ + t i ⁵³,tʰ u ⁴⁵ + t i ³¹,tsʰ ɿ ³¹,tʰ ɤu ⁴² + d i ¹¹,tʰ u ³¹ + tʰ i ⁵³,tʰ u ²¹³ + tʰ i ⁴²,t i ⁴⁴,tʰ u ²¹³ + t i ³³⁴,d i ²³¹ + b i ¹³,tʰ u ⁵³ + t i ⁴⁵,tʰ øy ²⁴² + d ei ²²,tʰ ou ⁵³ + t i ⁴⁴,tʰ ɔ ⁵³ + t w e ²²
141_spit,tʰ u ⁵¹,tʰ əu ⁵⁵,tʰ u ⁵³,pʰ w oi ²¹²,tʰ ou ³³,tʰ u ²³,tʰ u ⁵³,tʰ u ³¹,tʰ u ²¹³,tʰ ɤu ⁴²,tʰ w i ⁵³,tʰ u ²¹³,tʰ u ¹¹,tʰ u ²¹⁴,tʰ əu ⁵²,tʰ u ⁵³,tʰ øy ²⁴,tʰ ou ⁵³,pʰ w i ²¹
142_push,tʰ w ei ⁵⁵,tʰ ei ³³,tʰ w ei ⁴⁵,tʰ j a ŋ ³²,tʰ øy ⁵³,tʰ ei ⁴²,tʰ w ei ⁴⁴,tʰ w ei ²¹⁴,tʰ a ⁵⁵,n ɤ n ³⁵,tʰ w i ³³,tʰ w i ⁴²,tʰ w ei ³¹,tʰ ei ⁵²,tʰ e̞ ⁴⁴,tʰ w ei ²¹,d ə ³⁴¹,tʰ w ei ²¹,t u ⁵⁵
143_leg,tʰ w ei ²¹³,tʰ ei ⁴¹,tʰ w ei ⁵³,kʰ a ⁵⁵ + l øy ³²,tʰ øy ³⁵,tɕ j ɑu ⁵⁵ + t u ²¹ + ts e ²³,tʰ w ei ²¹³,tʰ w ei ⁴⁵,tʰ a ²¹³,tʰ w e ⁴²,tʰ w i ³¹,tʰ w i ²¹³,tʰ w ei ¹¹,tʰ ei ²¹⁴,pʰ ɑ̃ ⁵²,tʰ w ei ⁵³,tɕ j a ⁴¹ + tɕ j a ⁴¹,tʰ w ei ⁵³,kʰ a ⁵⁵ + k u t ³²
144_dig,w a̠ ⁵⁵,w a ²⁴,w a ⁴⁵,w a ʔ ²⁴,w a t ³,w a̠ ⁵⁵,w a ⁴⁴,v a ²¹⁴,v a ʔ ³²,w a ¹³,v a t ¹,w a ⁴²,w ɑ ³¹,w a ²¹³,w a ʔ ⁴,v a ²¹,l au ⁴⁴,w ɑ ²¹,ɔ ⁵³
145_play,w a ³⁵,w a n ¹³,s w a ⁵³,h i ⁵⁵ + h j e ²¹²,w a n ²¹,s w a̠ ²³,w a ²⁴,v ə ⁵³,s ɿ ⁵⁵,s ɔ ⁴²,k au ³¹,w a n ⁴⁵,w ɑ̃ ¹³,w ɛ ³⁵,b ə ʔ ²³ + s j ã ⁴¹²,s w a ⁵³,s ɿ ⁴⁴,f ɑ ⁵³,tsʰ i t ³² + tʰ o ²⁴
146_night,w a n ²¹³ + ʂ ɑ ŋ ⁵¹,w a n ⁴¹ + s a n ¹¹,w a n ⁵³ + s a ŋ ²¹³,m a ŋ ⁵³ + m w o ⁵⁵,m a n ²³ + s œ ŋ ²²,j a̠ ²¹ + x a̠ ²²,w a n ²¹³ + ʂ a ŋ ⁰,v æ̃ ⁴⁵ + ʂ ɑ ŋ ⁰,i o ³¹ + x o ⁰,j ɔ ¹¹ + l i ⁰,a m ⁵³ + p u ³³,j a ²¹ + w a n ²¹³,w ɑ̃ ¹¹ + s ɑ̃ ⁴⁴,x ou ³³⁴ + ʂ ʅ ⁰,j ɑ ⁴¹² + l i ⁰ + ɕ j ã ⁴¹²,v æ̃ ⁵³ + s ɒ̃ ⁴⁵,ɦ w ɔ ³⁴¹ + ɕ y ⁴⁴,x ei ²¹ + l j ɛ ⁰,e ²² + h ŋ̍ ⁵⁵
147_tail,w ei ²¹³,w ei ⁴¹ + p a ⁰,w ei ⁵³ + p a ⁵⁵,m w oi ³² + m w oi ³²,m ei ²³,w ei ²³ + p a̠ ⁴²,w ei ²¹³ + p a ⁰,i ⁴⁵ + p a ⁰,v i ²¹³ + p o ⁵⁵,w i ⁴² + p a ⁰,m i ³³ + p a ³³,w i ²¹³ + p a ⁰,w ei ¹¹ + p ɑ ⁰,w ei ²¹⁴ + p a ³³⁴,ɲ i ²³¹ + p o ⁴⁴,v ei ⁵³ + p a ⁰,m ei ²⁴ + p o ⁴⁴ + ŋ̍ ⁰,i ⁵³ + p ɑ ⁰,m e ⁵³ + p a ⁵⁵
148_smell,w ə n ³⁵,w ə n ¹³,w ə n ²¹,p ɛi ²⁴²,m ɐ n ²¹,w ɤ ŋ ²²,w ə n ²⁴,v ẽ ⁵³,pʰ ɑ̃ ³⁵,ɕ j ɤ ŋ ³⁵,pʰ i ⁵³,u n ⁴⁵,w ə n ¹³,w ə n ⁵²,m ə n ¹³,v ə ŋ ²¹,h o ŋ ⁵¹,v ẽ ²⁴,pʰ i ²²
149_i,w o ²¹³,ŋ o ⁴¹,ŋ o ⁵³,ŋ w ai ³²,ŋ ɔ ²³,w o ²³,w o ²¹³,v ɔ ⁴⁵,ɔ ²¹³,ŋ̍ ⁴²,ŋ ai ¹¹,ŋ o ²¹³,o ¹¹,w ɔ ²¹⁴,ŋ əu ²³¹,ɣ ɤ ⁵³,ŋ̍ ²⁴,ŋ ɤ ⁵³,ŋ w a ⁵³
14_eat,ʈʂʰ ʅ ⁵⁵,tɕʰ j a ²⁴,tsʰ ɿ ²¹,s j e ʔ ⁵,s e k ²,tɕʰ i ⁵⁵,ʈʂʰ ʅ ⁴⁴,ʈʂʰ ʅ ²¹⁴,tɕʰ j e ʔ ³²,tɕʰ j ɔ ¹³,s ə t ⁵,tɕʰ j a ʔ ⁵,ʈʂʰ ʅ ʔ ⁵,t ai ²¹⁴,tɕʰ j ə ʔ ⁴,tsʰ ə ʔ ²,tsʰ ɿ ⁴¹,ʈʂʰ ʅ ²¹,ts j a ʔ ⁵
150_we,w o ²¹³ + m ə n ³⁵,ŋ o ⁴¹ + m ə n ⁰,ŋ o ⁵³ + m m̩ ⁵⁵,n a ŋ ⁵³ + ŋ a ⁵⁵,ŋ ɔ ²³ + t ei ²²,w o ²³ + t e ²³ + l ei ⁴² + k ɤ ²¹,w o ²¹³ + m ə n ⁰,v ɔ ⁴⁵ + m ẽ ⁰,ɔ ²¹³ + j ɑ̃ ⁰,ŋ̍ ⁴² + ŋ a ⁴⁴,ŋ ai ¹¹ + t e n ³³ + ŋ i n ¹¹,ŋ o ²¹³ + m ɨ n ⁰,o ¹¹ + m ə n ¹³,w ɔ ²¹⁴ + m ə n ³⁵,ŋ əu ²³¹ + ɲ i ⁰,ɣ ɤ ⁵³ + m ɤ ⁰,ŋ̍ ²⁴ + l j ɛ ³⁴¹,ŋ ɛ ²¹,l a n ⁵³
151_five,u ²¹³,u ⁴¹,u ⁵³,ŋ ou ²⁴²,ŋ̍ ²³,ŋ̍ ²³,u ²¹³,u ⁴⁵,v u ²¹³,u ⁴²,n̩ ³¹,ŋ̍ ²¹³,u ¹¹,u ²¹⁴,ŋ̍ ²³¹,u ⁵³,ŋ̍ ²⁴,u ⁵³,g ɔ ²²
152_fog,u ⁵¹,ts au ⁵⁵ + ts ɿ ⁰,u ²¹³,m w o ⁵³,m ou ²²,u ²¹ + tɕʰ i ⁴²,u ⁵³,u ³¹,v u ³¹,u ¹¹,m u ŋ ¹¹ + s a ³³,u ²¹,u ⁴⁴,u ³³⁴,m i ¹³ + l əu ²³¹,u ⁴⁵,m ø ²²,v u ⁴⁴,b u ²²
153_knee,tɕʰ i ⁵⁵,ɕ i ²⁴,kʰ e ²¹ + ɕ i ²¹ + tʰ ə ²¹,kʰ a ⁵⁵ + β u ʔ ²⁴ + tʰ au ⁵³,s ɐ t ⁵ + tʰ ɐu ²¹,ɕ y ⁵⁵ + t ai ²²,ɕ i ²¹³ + k ai ⁵³,tɕʰ i ²¹⁴ + k a ²¹,tɕ ɥ o ʔ ³² + ɕ j e ʔ ⁵⁵ + tʰ i ⁴⁴,tɕʰ i ¹³ + d j ɤ ¹³ + k u ⁰,tsʰ i t ¹ + tʰ eu ¹¹,tɕʰ i t ⁵ + k ai ⁴²,ɕ i ʔ ⁵ + k ɛ ⁴⁴ + k u ʔ ⁵,p ɔ ⁵² + l ə ⁰ + k ai ³³⁴,tɕ j ɑ ʔ ⁴ + m ø ¹³ + d ʏ ¹³,ɕ j ə ʔ ²,tɕ j a ³¹ + kʰ ø ⁴¹ + d ɤu ³⁴¹,tɕʰ i ²¹,kʰ a ²² + tʰ au ²⁴ + h u ⁵⁵
154_wash,ɕ i ²¹³,ɕ i ⁴¹,ɕ i ⁵³,s ɛ ³²,s ɐi ³⁵,ɕ i ²³,ɕ i ²¹³,ɕ i ⁴⁵,s i ²¹³,ɕ i ⁴²,s e ³¹,ɕ i ²¹³,ɕ i ¹¹,s i ²¹⁴,d ɑ ²³¹,ɕ i ⁵³,s ei ²⁴²,ɕ i ⁵³,s w e ⁵³
155_think,ɕ j ɑ ŋ ²¹³,ɕ j a n ⁴¹,ɕ j a ŋ ⁵³,s w o ŋ ³²,s œ ŋ ³⁵,ɕ j ɑ ŋ ²³,ɕ j a ŋ ²¹³,ɕ j ɑ ŋ ⁴⁵,ɕ j õ ²¹³,ɕ j ɔ ŋ ⁴²,s j o ŋ ³¹,ɕ j ɔ ŋ ²¹³,ɕ j ɑ̃ ¹¹,s j a ŋ ²¹³,s j ã ⁵²,ɕ j ɒ̃ ⁵³,ɕ i ²⁴,ɕ j ɑ ŋ ⁵³,s j ũ ²²
156_small,ɕ j ɑu ²¹³,ɕ j au ⁴¹,ɕ j au ⁵³,n ɔu ŋ ²⁴²,s j u ³⁵,ɕ i ²⁴,ɕ j au ²¹³,ɕ j ɔ ⁴⁵,ɕ j e ²¹³,ɕ j ɤ ⁴²,s e ⁵³,ɕ j ɛu ²¹³,ɕ j ɔ ¹¹,s j au ²¹⁴,s j æ ⁵²,ɕ j au ⁵³,s ai ²⁴,ɕ j ɑu ⁵³,s w e ²¹
157_laugh,ɕ j ɑu ⁵¹,ɕ j au ⁵⁵,ɕ j au ²¹³,tsʰ j eu ²¹²,s j u ³³,ɕ j ɑu ²⁵,ɕ j au ⁵³,ɕ j ɔ ³¹,ɕ j e ³⁵,s j ɤ ³⁵,s j au ⁵³,ɕ j ɛu ⁴⁵,ɕ j ɔ ⁴⁴,s j au ³³⁴,s j æ ⁴¹²,ɕ j au ⁴⁵,ɕ j ɛ ⁵¹,ɕ j ɑu ⁴⁴,tsʰ j o ²¹
158_heart,ɕ i n ⁵⁵,ɕ i n ³³,ɕ i n ⁴⁵,s i ŋ ⁵⁵,s ɐ m ⁵⁵,ɕ i ŋ ⁴²,ɕ i n ⁴⁴,ɕ j ẽ ²¹⁴,ɕ j ɑ̃ ⁵⁵,ɕ i n ⁴⁴,s i m ³³,ɕ i n ⁴²,ɕ i n ³¹,s i n ⁵²,s i n ⁴⁴,ɕ i n ²¹,s a ŋ ⁴⁴,ɕ j ẽ ²¹,s i m ⁵⁵
159_new,ɕ i n ⁵⁵,ɕ i n ³³,ɕ i n ⁴⁵,s i ŋ ⁵⁵,s ɐ n ⁵³,ɕ i ŋ ⁴²,ɕ i n ⁴⁴,ɕ j ẽ ²¹⁴,ɕ j ɑ̃ ⁵⁵,ɕ i n ⁴⁴,s i n ³³,ɕ i n ⁴²,ɕ i n ³¹,s i n ⁵²,s i n ⁴⁴,ɕ i ŋ ²¹,s a ŋ ⁴⁴,ɕ j ẽ ²¹,s i n ⁵⁵
15_wing,ʈʂʰ ʅ ⁵¹ + p ɑ ²¹⁴,tsʰ ɿ ⁵⁵ + p a n ¹³,ts ɿ ²¹³ + p a ŋ ⁵³,s i ʔ ⁵,tsʰ i ³³,tɕ i ²⁵ + k w ã ²² + ts e ²³,s ɿ ⁵³ + p a ŋ ²¹³,ʈʂʰ ʅ ²¹ + ts ɿ ⁰,j ɑ ʔ ³² + s ɵ ⁵⁵,j e ³⁵ + k a ³⁵,i t ⁵ + k a p ¹,tsʰ ɿ ²¹³ + p a ŋ ⁰,ʈʂʰ ʅ ⁴⁴ + p ɑ ⁰,ʈʂʰ ɿ ³³⁴ + p ə ⁰,tɕ i ⁴⁴ + k a ʔ ⁴,tsʰ ɿ ⁴⁵ + p ɒ̃ ⁵³,j ai ²¹ + pʰ w ɔ ²⁴²,tʰ ɿ ⁴⁴,s i t ⁵ + l a ⁵³
160_star,ɕ i ŋ ⁵⁵ + ɕ i ŋ ⁰,ɕ i n ³³ + ɕ i n ⁰,ɕ i n ⁴⁵ + ɕ j ə ⁵⁵,s i ŋ ⁵⁵,s ɛ ŋ ⁵⁵ + s ɛ ŋ ⁵⁵,s ei ⁴² + ts e ²³,ɕ i ŋ ⁴⁴ + ɕ j ə ⁰,ɕ i ŋ ²¹³ + ɕ i ŋ ⁰,ɕ j ɑ̃ ⁵⁵ + ɕ j ɑ ⁵⁵,s j ɔ̃ ⁴⁴ + ts ɿ ⁰,s e n ³³ + n e ⁰,ɕ j a ŋ ⁴² + ts ɿ ⁰,ɕ i n ³¹ + ɕ i n ⁰,s i ŋ ⁵² + s i ŋ ⁰,s i n ⁴⁴,ɕ i ŋ ²¹ + ɕ i ŋ ²¹,s e ŋ ⁴⁴,ɕ i ŋ ²¹ + ɕ i ŋ ²⁴,tsʰ j æ ⁵⁵
161_snow,ɕ ɥ ɛ ²¹³,ɕ j e ²⁴,ɕ ɥ e ²¹,s w o ʔ ²⁴,s y t ³,ɕ ɥ e ⁵⁵,ɕ ɥ ɛ ²¹³,ɕ ɥ ɤ ²¹⁴,ɕ j a ʔ ³²,s w e ¹³,s j e t ¹,ɕ ɥ e t ⁵,ɕ ɥ e ʔ ⁵,s j ɛ ²¹⁴,s j ə ʔ ⁴,ɕ ɥ ə ʔ ²,ɕ y ⁴¹,ɕ ɥ ɛ ²¹,s e ʔ ³²
162_blood,ɕ ɥ ɛ ²¹³,ɕ j e ²⁴,ɕ ɥ e ²¹,h ai ʔ ²⁴,h y t ³,ɕ ɥ e ⁵⁵,ɕ ɥ ɛ ²¹³,ɕ j ə ²¹⁴,ɕ ɥ a ʔ ³²,s w e ¹³,ç j a t ¹,ɕ ɥ e t ⁵,ɕ ɥ e ʔ ⁵,s j ɛ ²¹⁴,ɕ ɥ ə ʔ ⁴,ɕ ɥ ə ʔ ²,ɕ y ⁴¹,ɕ j ɛ ²¹,h w i ʔ ³²
163_squeeze,j a̠ ⁵⁵,j a ²⁴,ts a ²¹³,t a ʔ ²⁴,ŋ a t ³,ŋ a ⁵⁵,j a ⁴⁴,j a ²¹⁴,ts o ³⁵,j a ¹³,a p ¹,ŋ a t ⁵,tɕ i ¹¹,j a ²¹⁴,ɑ ʔ ⁴,j a ⁴⁵,a ⁴¹,ɲ j ɑ ²¹,t e ʔ ³²
164_tooth,j a̠ ³⁵ + ʈʂʰ ʅ ²¹³,ŋ a ¹³ + tsʰ ɿ ⁴¹,j a ²¹ + tsʰ ɿ ⁰,kʰ i ³²,ŋ a ²¹ + tsʰ i ³⁵,ŋ a̠ ²² + tɕʰ i ²³,j a ²⁴,j a ⁵³ + ʈʂʰ ʅ ⁴⁵,ŋ o ⁴⁴ + ts ɿ ²¹³,ŋ ɔ ¹³ + dz ɿ ⁴²,ŋ a ¹¹ + tsʰ ɿ ³¹,ŋ o ⁴⁵ + ts ɿ ⁰,j ɑ ¹³ + ʈʂʰ ʅ ¹¹,j a ⁵² + ʈʂʰ ʅ ²¹⁴,ŋ ɑ ¹³ + ts ɿ ⁵²,j a ²¹ + tsʰ ɿ ⁵³,ŋ o ³⁴¹ + tsʰ ɿ ²⁴²,ɲ j ɑ ²⁴ + tsʰ ɿ ⁰,tsʰ w i ²² + kʰ i ⁵³
165_smoke,j ɛ n ⁵⁵,j ẽ ³³,j ɛ n ⁴⁵ + j ə ⁵⁵,h ou ŋ ⁵⁵,i n ⁵⁵,j ã ⁴²,j a n ⁴⁴,j æ̃ ²¹⁴,j ẽ ⁵⁵,n j æ ⁴⁴,j a n ³³,j ɛ n ⁴²,j e n ³¹,j ɐ n ⁵²,j ɪ ⁴⁴,j e ²¹,i ⁴⁴,j æ̃ ²¹,h u n ⁵⁵
166_salt,j ɛ n ³⁵,j ẽ ¹³,j ɛ n ²¹ + p a ⁵⁵,s j e ŋ ⁵³,i m ²¹,j ã ²²,j a n ²⁴,j æ̃ ⁵³,j ẽ ⁴⁴,n j æ ¹³,j a m ¹¹,j ɛ n ⁴⁵,j e n ¹³,j ɐ n ⁵²,ɦ j ɪ ¹³,ɕ j e ²¹ + j e ²¹,j i ³⁴¹,j æ̃ ²⁴,j a m ²⁴
167_eye,j ɛ n ²¹³ + tɕ i ŋ ⁵⁵,ŋ a n ⁴¹ + tɕ i n ⁰,j ɛ n ⁵³ + tɕ i n ⁵⁵,m ɛi ʔ ⁵ + ts j eu ⁵⁵,ŋ a n ²³ + ts ɛ ŋ ⁵⁵,ŋ ã ²³ + ts ei ⁴²,j a n ²¹³ + tɕ i ŋ ⁰,j æ̃ ⁴⁵ + tɕ i ŋ ⁰,ŋ o ²¹³ + tɕ j ɑ̃ ⁵⁵,ŋ ã ⁴² + tɕ y ⁴⁴,ŋ j a n ³¹ + ts u ³³,ŋ a n ²¹³ + tɕ j a ŋ ⁰,j e n ¹¹ + tɕ i n ⁰,j ɐ n ²¹⁴ + ts i ŋ ⁵²,ŋ e̞ ²³¹ + u ⁴⁴ + ts ʯ ⁴⁴,j e ⁵³,ŋ a ²⁴ + l e ŋ ³⁴¹ + ts ɿ ⁴⁴,n j æ̃ ⁵³ + w o ⁰,b a k ⁵ + ts j u ⁵⁵
168_bite,j ɑu ²¹³,ŋ a ⁴¹,ŋ au ⁵³,k a ²⁴²,ŋ au ²³,ŋ ɑu ²³,j au ²¹³,j ɔ ⁴⁵,ŋ ɤ ²¹³,ŋ a ³⁵,ŋ a t ¹,ŋ au ²¹³,j ɔ ¹¹,j au ²¹⁴,ŋ æ ²³¹,j au ⁵³,ŋ w ɔ ²⁴²,ɲ j ɑu ⁵³,k a ²²
169_leaf,j ɛ ⁵¹,j e ²⁴ + ts ɿ ⁰,s u ²¹³ + ts ɿ ⁵³ + j e ²¹ + j e ²¹,l o ʔ ⁵,i p ²,l j e ⁵⁵ + t e ²³,j ɛ ⁵³ + ts ɿ ⁰,j ə ³¹ + ts ɿ ⁰,j a ʔ ³²,j e ³⁵ + ts ɿ ⁰,j a p ⁵ + p e ⁰,j ɛ t ⁵ + ts ɿ ⁰,j e ʔ ⁵ + ts ɿ ⁰,j ə ²¹⁴,ɦ j ə ʔ ²³ + ts ɿ ⁵²,j e ⁴⁵,j i ²¹,j ɛ ²¹,h j o ʔ ⁵
16_worm,ʈʂʰ u ŋ ³⁵,ts ə n ¹³,tsʰ o ŋ ²¹,tʰ øy ŋ ⁵³,tsʰ o ŋ ²¹,ts w ɤ ŋ ²²,ʈʂ u ŋ ²¹,ʈʂʰ u ŋ ⁵³,tsʰ ɑ̃ ⁴⁴,dʑ j ɤ ŋ ¹³,tsʰ u ŋ ¹¹,tsʰ u ŋ ²⁴,tsʰ o ŋ ¹³,ʈʂ o ŋ ³⁵,z o ŋ ¹³,tsʰ u ŋ ²¹,dʑ ɥ o ŋ ³⁴¹,pfʰ ə ŋ ²⁴,tʰ a ŋ ²⁴ + h j a ²²
170_one,i ⁵⁵,i ²⁴,i ²¹,s o ʔ ⁵,j ɐ t ⁵,i ⁵⁵,i ⁴⁴,i ²¹⁴,j e ʔ ³²,i ¹³,i t ¹,i t ⁵,i ʔ ⁵,i ²¹⁴,j ə ʔ ⁴,j ə ʔ ²,j ai ⁴¹,i ²¹,ts i t ⁵
171_because,i n ⁵⁵ + w ei ⁰,i n ³³ + w ei ¹¹,i n ⁴⁵ + w ei ²¹³,i ŋ ⁵⁵ + ŋ w oi ²⁴²,j ɐ n ⁵³ + w ɐi ²²,i ŋ ⁴² + w ei ²²,i n ⁴⁴ + ʋ ei ⁰,j ẽ ²¹⁴ + v ei ³¹,j ɑ̃ ⁵⁵ + v i ⁵⁵,i n ⁴⁴ + w i ¹¹,i n ³³ + v i ¹¹,i n ⁴² + w i ²¹,i n ³¹ + ʋ ei ¹³,i n ⁵² + w ei ³⁵,i n ⁴⁴ + ɦ w e̞ ²³¹,i ŋ ²¹ + v ei ⁴⁵,j a ŋ ⁴⁴ + v u ³⁴¹,j ẽ ²¹ + w ei ²⁴,i ŋ ⁵⁵ + w i ²²
172_swim,j ou ³⁵ + ʂ w ei ²¹³,j əu ¹³ + ɕ ɥ ei ⁴¹,j əu ²¹ + y n ²¹³,s j eu ⁵³ + ts w oi ³²,j ɐu ²¹ + s øy ³⁵,j ou ²² + s w ei ²³,j ou ²⁴ + y ŋ ²¹³,j ou ⁵³ + y ŋ ⁴⁵,v o ⁵⁵ + ɕ y ²¹³,j o ¹³ + ɕ y ⁴²,s e ³¹ + s ə n ³³ + n e ⁰,j u ⁴⁵ + s w i ²¹³,j əɯ ¹³ + j o ŋ ¹¹,s i ²¹⁴ + ts au ²¹⁴,h o ʔ ⁴ + l ã ²³ + ɦ j o ʔ ²³,j əu ²¹ + y ŋ ⁵³,j eu ³⁴¹ + v u ³⁴¹ + ŋ̍ ⁰,j ou ²⁴ + f ei ⁵³,s j u ²⁴ + ts w i ⁵³
173_rightside,j ou ⁵¹ + p j ə n ⁵⁵,j əu ¹¹ + p j ẽ ³³,j ou ²¹³ + s əu ⁵³,t w ai ²⁴² + β ɛi ŋ ⁵⁵,j ɐu ²² + p i n ⁵³,j ou ²¹ + p j ã ⁴²,j ou ⁵³ + p j a ⁴⁴,j ou ³¹ + p j ə ⁰,j ɵ ³¹ + p ẽ ⁵⁵,j o ¹¹ + p j æ ⁴⁴,j u ⁵³ + pʰ j e n ⁵³,j u ²¹ + p j ɛ n ⁴²,j əɯ ⁴⁴ + p j e n ³¹,j ou ³³⁴ + p j ə ⁵²,ɦ j ʏ ¹³ + m j ɪ ²³¹,j əu ⁴⁵ + p j e ²¹ + p j e ²¹,j au ²² + m ai ⁰,j ou ⁴⁴ + ŋ æ̃ ⁰,j u ²² + p j a n ⁵⁵
174_fish,y ³⁵,y ¹³,y ²¹,ŋ y ⁵³,y ²¹,ŋ̍ t ²³ + s ɿ ⁰ + t e ³³,y ²⁴,y ⁵³,ɲ y ⁴⁴,y ¹³,n n̩ ¹¹,ɲ j e ⁴⁵,ɥ i ¹³,y ⁵²,ŋ̍ ¹³,y ²¹,ŋ øy ³⁴¹,y ²⁴,h i ²⁴
175_feather,y ²¹³ + m ɑu ³⁵,y ⁴¹ + m au ¹³,y ⁵³ + m au ²¹,y ³² + m au ⁵³,y ²³ + m ou ²¹,m ɑu ²²,y ²¹³ + m au ²⁴,y ⁴⁵ + m ɔ ⁵³,y ²¹³ + m ɤ ⁴⁴,y ⁴² + m ɤ ¹³,i ³³ + m au ³³,y ²¹³ + m au ⁴⁵,i ¹¹ + m ɔ ¹³,y ²¹³ + m ɔ ⁵²,y ⁴⁴ + m æ ¹³,y ⁵³ + m au ²¹,v u ²⁴ + m ə ³⁴¹,m ɑu ²⁴,s i t ⁵ + m ŋ̍ ²⁴
176_rain,y ²¹³,y ⁴¹,y ⁵³,y ³²,y ²³,y ²³,y ²¹³,y ⁴⁵,y ²¹³,y ⁴²,i ³¹,y ²¹³,y ¹¹,y ²¹⁴,ɦ y ²³¹,y ⁵³,v ²⁴,y ⁵³,h ɔ ²²
177_round,ɥ ɛ n ³⁵,ɥ ẽ ¹³,ɥ a n ²¹,j e ŋ ⁵³,y n ²¹,ɥ ã ²²,ɥ a n ²⁴,ɥ æ̃ ⁵³,ɥ ẽ ⁴⁴,w ĩ ¹³ + tʰ w e ⁴⁴,j a n ¹¹,ɥ o n ⁴⁵,ɥ e n ¹³,tʰ ɐ n ³⁵,ɦ j ø ¹³,ɥ e ²¹,j y ³⁴¹,ɥ æ̃ ²⁴,j æ ²⁴
178_far,ɥ ɛ n ²¹³,ɥ ẽ ⁴¹,ɥ a n ⁵³,h w o ŋ ²⁴²,y n ²³,ɥ ã ²³,ɥ a n ²¹³,ɥ æ̃ ⁴⁵,ɥ ẽ ²¹³,w ĩ ⁴²,j a n ³¹,ɥ o n ²¹³,ɥ e n ¹¹,ɥ ɐ n ²¹⁴,ɦ j ø ²³¹,ɥ e ⁵³,j u ²⁴,ɥ æ̃ ⁵³,w a n ⁵³
179_moon,ɥ ɛ ⁵¹ + l j ɑ ŋ ⁰,ɥ e ²⁴ + l j a n ¹¹,ɥ e ²¹ + l j a ŋ ⁰,ŋ w o ʔ ⁵,y t ² + k w ɔ ŋ ⁵⁵,ɥ e ⁵⁵ + l j ɑ ŋ ²¹,ɥ ɛ ⁵³ + l j a ŋ ⁰,ɥ ɤ ²¹ + l j ɑ ŋ ³¹,ɥ a ʔ ³² + ɲ j ɑ̃ ³¹,w e ³⁵ + k ɔ ŋ ⁴⁴,ŋ j a t ⁵ + k w o ŋ ³³,ɲ ɥ o t ⁵ + l j ɔ ŋ ⁰,ɥ e ʔ ⁵ + l j ɑ̃ ⁰,ɥ ɛ ³⁴ + l j a ŋ ³³⁴,ŋ ə ʔ ²³ + l j ã ²³¹,ɥ ə ʔ ² + l j ɒ̃ ⁴⁵,ɲ y ²¹ + k w ɔ ⁴⁴,ɥ ɛ ²¹ + l j ɑ ŋ ⁰,g e ʔ ⁵ + n j ũ ²⁴
17_blow,ʈʂʰ w ei ⁵⁵,tɕʰ w ei ³³,tsʰ w ei ⁴⁵,tsʰ w oi ⁵⁵,tsʰ øy ⁵⁵,tsʰ w ei ⁴²,tsʰ w ei ⁴⁴,ʈʂʰ w ei ²¹⁴,tɕʰ y ⁵⁵,tɕʰ y ⁴⁴,pʰ a ŋ ³³,tsʰ w i ⁴²,tsʰ w ei ³¹,ʈʂʰ w ei ⁵²,tsʰ ʯ ⁴⁴,tsʰ w ei ²¹,tsʰ ɿ ⁴⁴,pfʰ ei ²¹,p u n ²⁴
180_cloud,y n ³⁵,y n ¹³,y n ²¹,h u ŋ ⁵³,w ɐ n ²¹,y ŋ ²²,y n ²⁴ + tsʰ ai ⁰,ɥ ẽ ⁵³,ɥ ɑ̃ ⁴⁴,u n ¹³,j u n ¹¹,y n ²⁴,i n ¹³,y n ⁵²,ɦ ɥ ə n ¹³,y ŋ ²¹,ɥ o ŋ ³⁴¹,ɥ ẽ ²⁴,h u n ²⁴
181_in,ts ai ⁵¹,ts ai ¹¹,ts ai ²¹³,t w o ʔ ⁵,ts ɔi ²²,ts ai ²³,ts ai ⁵³,ts ɛ ³¹,tsʰ a ³⁵,tsʰ e ¹¹,h oi ⁵³,tsʰ ai ²¹,ts ɛ ⁴⁴,ts ai ³³⁴,l ə ʔ ²³,ts ai ⁴⁵,z ɿ ²⁴²,ts ɛ ⁴⁴,t i ²²
182_dirty,ts ɑ ŋ ⁵⁵,ts a n ³³,ts a ŋ ⁴⁵,l a ⁵⁵ + tsʰ a ⁵⁵,u ⁵⁵ + ts ou ⁵³,l a̠ ⁵⁵ + tʰ a̠ ²¹,ts a ŋ ⁴⁴,ts ɑ ŋ ²¹⁴,v o ʔ ³² + l o ³¹,pʰ a ³⁵ + l a ¹¹,m e ⁵³,ts ɔ ŋ ⁴²,ts ɑ̃ ³¹,ts a ŋ ⁵²,o ʔ ⁴ + tsʰ o ʔ ⁴,ts ɒ̃ ²¹,ə ⁴⁴ + ts ə ⁴⁴,ts ɑ ŋ ²¹,l au ²⁴ + s j ɔ ŋ ²⁴
183_how,ts ə n ²¹³ + m ə ⁰,ts ə n ⁴¹ + m o ²⁴,l a ŋ ⁴⁵ + k o ²¹³,ts w o ŋ ⁵⁵ + ŋ ɥ o ŋ ²⁴²,t i m ³⁵ + j œ ŋ ³⁵,y ²² + x w o ²²,ts ə n ²¹³ + m ɤ ⁰,ts ẽ ⁴⁵ + m ə ⁰,tsʰ a ²¹³ + tɕʰ j e ³⁵,m ɔ ¹³ + k ɔ ⁰,ŋ j o ŋ ⁵³ + p a n ³³,ts ə n ⁴⁵ + j ɔ ŋ ⁴²,ts ə n ¹¹ + j ɑ̃ ⁴⁴,ts ə n ²¹³ + m ə ⁰,n ə ʔ ²³ + h ã ⁴⁴,ts a ʔ ² + t i ⁴⁵,ts ɿ ²⁴² + n a ²⁴,ts ɑ ⁵³ + j ɑ ŋ ⁴⁴,ts ãi ⁵³ + j ũ ²²
184_narrow,ʈʂ ai ²¹³,ts ə ²⁴,ts e ²¹,ts a ʔ ²⁴,ts a k ³,ts a̠ ⁵⁵,ts ai ²¹³,ʈʂ ei ²¹⁴,x a ʔ ³² + ts a ʔ ³²,x a ³⁵,h a p ⁵,h a ⁴²,ts e ʔ ⁵,ʈʂ ɛ ²¹⁴,ɦ a ʔ ²³,ts ai ⁵³,ɦ a ²¹,ts ei ²¹,w e ʔ ⁵
185_stand,ʈʂ a n ⁵¹,ts a n ⁵⁵,ts a n ²¹³,kʰ j e ²⁴²,ts a m ²²,ts ã ²¹,ʈʂ a n ⁵³,ʈʂ æ̃ ³¹,kʰ a ²¹³,ts ã ³⁵,kʰ i ³³,ts a n ⁴⁵,ts ɑ̃ ⁴⁴,l i ²¹⁴ + ʈʂ ə ⁰,l j ə ʔ ²³,ts æ̃ ⁴⁵,g e ²⁴,ts æ̃ ⁴⁴,kʰ j a ²²
186_husband,ai ⁵¹ + ʐ ə n ³⁵,ts a n ¹¹ + f u,n a n ²¹ + ɲ i ⁵⁵,l a ²⁴² + u ŋ ⁵⁵,l ou ²³ + k o ŋ ⁵³,l ɑu ²³ + k ɤ n ⁴²,ʈʂ a ŋ ⁵³ + f u ⁰,ʈʂ ɑ ŋ ³¹ + f u ⁰,n ɤ ²¹³ + k w ɔ ⁵⁵,n ã ¹³ + n i n ¹³,l au ³¹ + k u ŋ ³³,l au ²¹³ + k u ŋ ⁰,ts ɑ̃ ⁴⁴ + f u ⁰,x ɐ n ³³⁴ + ts i ⁰,n ø ¹³ + ɲ i n ¹³,ts ɒ̃ ⁴⁵ + f u ⁰,l ə ²⁴ + k o ŋ ⁴⁴,w ɑ ⁴⁴ + tʰ ɑ ²¹ + p ɑ ⁴⁴,t a ²² + p ɔ ⁵⁵ + l a ŋ ²⁴
187_this,ʈʂ ɤ ⁵¹,k o ²⁴,ts e ²¹³,ts i ³²,l i ⁵⁵,i ²⁵ + k w o ⁵⁵,ʈʂ ɤ ⁵³,ʈʂ ɤ ³¹,n n̩ ²¹³,ts ɿ ³⁵,e ³¹,k o ²¹³,ʈʂ e ⁴⁴,tʃ ɛ ³³⁴,k e̞ ⁴⁴,ts ai ⁵³,k i ⁴¹ + k ai ⁴¹,ʈʂ ɤ ⁵³,ts i t ³²
188_here,ʈʂ ɤ ⁵¹ + l i ²¹³,k o ²⁴ + l i ⁰,ts ə ²¹³,ts i ³² + l j e ³²,l i ⁵³ + t ou ³³,i ²⁵ + k w o ⁵⁵ + t i ²¹ + f ɑ ŋ ²²,ʈʂ ɤ ⁵³ + l i ⁰,ʈʂ ɤ ³¹ + l i ⁰,n n̩ ²¹³ + t a ʔ ³²,ts ɿ ³⁵ + t a ³⁵ + l i ⁰ + ɣ ɔ ¹,e ³¹ + j e ⁰,k o ²¹³ + l i ⁰,ʈʂ e ⁴⁴ + kʰ w ɛ ⁴⁴,tʃ ɛ ³³⁴ + l i ²¹⁴,k e̞ ⁴⁴ + t a ʔ ⁰,ts ə ʔ ² + l i ⁵³,k i ⁴¹ + l ei ⁴⁴,ʈʂ ɤ ⁵³,ts i t ³² + t e ²¹
189_know,ʈʂ ʅ ⁵⁵ + t ɑu ⁵¹,ts ɿ ³³ + t au ⁵⁵,t o ŋ ⁵³ + n o ²¹,p ɛi ʔ ²⁴ + t w o ŋ ⁵³,ts i ³³ + t ou ²²,ɕ j ɑu ²³ + t j a̠ ⁵⁵,ʈʂ ʅ ⁴⁴ + t au ⁵³,ʈʂ ʅ ²¹⁴ + t ɔ ³¹,ɕ j e ²¹³ + t j e ⁴⁴,ɕ j ɤ ²¹ + t e ¹³,t i ³³ + t e t ¹,ɕ j ɛu ²¹³ + t ɛ t ⁰,ʈʂ ʅ ³¹ + t ɔ ⁴⁴,tʃ i ⁵² + t au ³³⁴,ɕ j æ ⁵² + t ə ʔ ⁰,ts ɿ ²¹ + t au ⁴⁵,ɕ j a ²⁴² + t e ⁰,ʈʂ ʅ ²¹ + t ɑu ⁰,ts ai ⁵⁵ + j ã ⁵³
18_stab,tsʰ ɿ ⁵¹,tsʰ ɿ ⁵⁵,tɕ y ⁴⁵,tsʰ j e ²¹²,tsʰ i ³³,tsʰ ɿ ²⁵,tsʰ ɿ ⁵³,tsʰ ɿ ²¹,tsʰ o ʔ ³²,ts ɿ ³⁵,tsʰ ɿ ⁵³,tsʰ ɿ ²¹³,tsʰ o ʔ ⁵,n ɐ n ²¹⁴,tsʰ ɿ ⁴¹²,tsʰ ɿ ⁴⁵,t a ŋ ⁵¹,tsʰ ɿ ⁴⁴,tsʰ i ²¹
190_grease,ʈʂ ʅ ²¹³ + f ɑ ŋ ³⁵,ts ɿ ³³ + f a n ¹³,j əu ²¹,j eu ⁵³ + ʒ j e ⁵⁵,k ou ⁵³,p ã ²³ + j ou ²²,ʈʂ ʅ ²¹³ + f a ŋ ²⁴,ʈʂ ʅ ²¹⁴ + f ɑ ŋ ⁴⁵,j ɵ ⁴⁴,ɣ w i ¹³ + n io ³⁵ + ts ɿ ⁰,j u ¹¹,ts ɿ ²¹³ + f a ŋ ²¹,j əɯ ¹³,ʈʂ ʅ ²¹⁴ + f a ŋ ³⁵,ts ɑ̃ ⁴¹² + ɲ j o ʔ ²³,ts ɿ ⁵³ + f ɒ̃ ⁰,ts ɿ ⁴⁴ + h w ɔ ⁴⁴,ts ɿ ²¹ + f ɑ ŋ ²⁴,
191_straight,ʈʂ ʅ ³⁵,ts ɿ ²⁴,ts ɿ ²¹,t i ʔ ⁵,ts e k ²,ts ɿ ²²,ʈʂ ʅ ²⁴,ʈʂ ʅ ⁵³,tɕʰ j e ʔ ³²,tɕʰ i ³⁵,tsʰ ə t ⁵,tsʰ ɨ t ²¹,ʈʂ ʅ ʔ ⁵,tʃ i ³⁵,z ɛ ʔ ²³,ts ɛ ʔ ²,dz ei ²¹,ʈʂ ʅ ²⁴,t i t ⁵
192_swell,ts u ŋ ²¹³,ts ə n ⁴¹,ts o ŋ ⁵³,ts ɤ n ³²,ts o ŋ ³⁵,ts w ɤ ŋ ²³,ts u ŋ ²¹³,ʈʂ u ŋ ⁴⁵,ts ɑ̃ ²¹³,t ɤ n ⁴²,k w a ³³ + ts u ŋ ³¹,ts u ŋ ²¹³,ts o ŋ ¹¹,ʈʂ o ŋ ²¹⁴,h ɛ ⁴⁴,ts u ŋ ⁵³,tɕ ɥ o ²⁴²,pf ə ŋ ⁵³,ts i ŋ ⁵³
193_seed,ʈʂ u ŋ ²¹³ + ts ə ⁰,ts ə n ⁴¹ + ts ɿ ⁰,ts o ŋ ⁵³ + ts ɿ ⁵³,ts i ³² + ts i ³²,ts o ŋ ³⁵ + ts i ³⁵,ts w ɤ ŋ ²³ + ts e ²³,ts u ŋ ²¹³ + ts ɿ ⁰,ʈʂ u ŋ ⁴⁵ + ts ɿ ⁰,ts ɑ̃ ²¹³ + ts ɿ ²¹³,t ɤ n ⁴² + ts ɿ ⁰,ts u ŋ ³¹ + ŋ e ⁰,ts u ŋ ²¹³ + ts ɿ ⁰,ts o ŋ ¹¹ + s ɿ ⁰,ʈʂ o ŋ ²¹⁴ + ts ɿ ⁰,ts o ŋ ⁵²,ts u ŋ ⁵³ + ts ə ʔ ⁰,tɕ ɥ ɔ ²⁴,pf ə ŋ ⁵³ + ts ɿ ⁰,ts i ŋ ⁵³
194_heavy,ʈʂ u ŋ ⁵¹,ts ə n ¹¹,ts o ŋ ²¹³,t ɔy ŋ ²⁴²,ts o ŋ ²²,ts w ɤ ŋ ²³,ts u ŋ ⁵³,ʈʂ u ŋ ³¹,tsʰ ɑ̃ ²¹³,d ɤ n ¹¹,tsʰ u ŋ ⁵³,tsʰ u ŋ ²¹,ts o ŋ ⁴⁴,ʈʂ o ŋ ³³⁴,z o ŋ ²³¹,ts u ŋ ⁴⁵,dʑ ɥ ɔ ²⁴,pf ə ŋ ⁴⁴,t a ŋ ²²
195_scratch,ʈʂ w a̠ ⁵⁵,tɕ ɥ a ³³,p a ⁴⁵,m a ⁵⁵,ts a ⁵³,ts w o ⁵⁵,ʈʂ w a ⁴⁴,ʈʂ w a ²¹⁴,ts o ⁵⁵,ts ɔ ⁴⁴,ts a ³³,ts w a ⁴²,ts w ɑ ³¹,ʈʂ w a ²¹⁴,ts o ʔ ⁴,ts w a ²¹,tɕ ɥ o ⁴¹,pf ɑ ²¹,l j a ʔ ⁵
196_claw,ʈʂ w a̠ ²¹³,ts au ⁴¹,ts w a ⁵³ + ts w a ²¹,kʰ a ⁵⁵ + ts au ³²,ts au ³⁵,ts ɑu ²³ + ts e ²³,ʈʂ w a ²¹³ + ts ɿ ⁰,ʈʂ w a ⁴⁵ + ts ɿ ⁰,ts ɤ ²¹³ + ts ɿ ⁰,ts ɤ ⁴² + ts ɿ ⁰,ts au ³¹,ts w a ²¹³ + ts ɿ ⁰,ts w ɑ ¹¹ + ts ɿ ⁰,ʈʂ w a ²¹⁴ + ts ɿ ⁰,tɕ j ɑ ʔ ⁴ + ts æ ⁵²,ts w a ⁵³,tɕ j a ⁴¹ + ts w ɔ ²⁴²,pf ɑ ⁵³ + ts ɿ ⁰,g ɔ ²² + n j ãu ⁵³ + l i ŋ ²⁴
197_turn,ʈʂ w a n ²¹³,tɕ w ẽ ⁵⁵,ts w a n ²¹³,p ɛ ³² + l ɛ ³²,ts y n ³³,ts w ã ²³,ʈʂ w a n ²¹³,ʈʂ w æ̃ ⁴⁵,tɕ ɥ ẽ ²¹³,tɕ ɥ ĩ ³⁵,ts o n ³¹,ts o n ²¹³,ts w ɑ̃ ¹¹,ʈʂ w ɐ n ²¹⁴,ts ø ⁴¹²,ts w æ̃ ⁴⁵,tɕ y ²⁴,pf æ̃ ⁵³,ts w a n ⁵³
198_walk,ts ou ²¹³,ts əu ⁴¹,ts əu ⁵³,k j a ŋ ⁵³,ts ɐu ³⁵,x ei ²²,ts ou ²¹³,ts ou ⁴⁵,x ẽ ⁴⁴,tɕ io ⁴²,h i n ¹¹,ts ɛu ²¹³,ts əɯ ¹¹,ts ou ²¹⁴,b æ ¹³,ts əu ⁵³,ts au ²⁴,ts ou ⁵³,k j ã ²⁴
199_mouth,ts w ei ²¹³,ts ei ⁴¹,ts w ei ⁵³ + p a ⁵⁵,tsʰ w oi ²¹²,ts øy ³⁵,ts w ei ²³,ts w ei ²¹³,ts w ei ⁴⁵,tɕ y ²¹³,tɕ y ⁴²,ts oi ⁵³,ts w i ²¹³,ts w ei ¹¹,ts ei ²¹⁴,ts ʯ ⁵²,ts w ei ⁵³,ts ɿ ²⁴,ts w ei ⁵³,tsʰ w i ²¹
19_hit,t a̠ ²¹⁴,t a ⁴¹,t a ⁵³,pʰ a ʔ ²⁴,t a ³⁵,t a̠ ²³,t a ²¹³,t a ⁴⁵,t ɔ ²¹³,t a ⁴²,t a ³¹,t a ²¹³,t ɑ ¹¹,t a ²¹⁴,t ã ⁵²,t a ⁵³,t j ɛ ²⁴,t ɑ ⁵³,pʰ a ʔ ³²
1_white,p ɛ ³⁵,p ə ²⁴,p e ²¹,p a ʔ ⁵,p a k ²,p j a̠ ²²,p ai ²⁴,p ei ⁵³,pʰ a ʔ ³²,pʰ ɔ ³⁵,pʰ a k ⁵,pʰ a ʔ ⁵,p ə ʔ ⁵,p ɛ ³³⁴,b ɑ ʔ ²³,p ai ²¹,b a ²¹,p ei ²⁴,p e ʔ ⁵
200_leftside,ts w o ²¹³ + p j ɛ n ⁵⁵,ts o ⁴¹ + p j ẽ ³³,ts o ⁵³ + s əu ⁵³,s j eu ³² + β ɛi ŋ ⁵⁵,ts ɔ ³⁵ + p i n ⁵³,ts u ²³ + p j ã ⁴²,ts w o ²¹³ + p j a n ⁴⁴,ts w ɤ ³¹ + p j æ̃ ⁰,ts ɵ ²¹³ + p ẽ ⁵⁵,ts o ³⁵ + ɕ io ⁴² + p j æ ⁴⁴,ts o ³¹ + p j e n ³³ + n e ⁰,ts o ²¹³ + p j ɛ n ⁴²,ts o ¹¹ + p j e n ³¹,ts w ɔ ²¹⁴ + p j ə ⁵²,ts əu ⁴⁴ + m j ɪ ²³¹,ts w ɤ ⁵³ + m j e ²¹,ts ɤu ²⁴² + p i ⁴⁴,ts w o ⁵³ + p j æ̃ ²¹,t o ⁵³ + p i ŋ ²⁴
201_sit,ts w o ⁵¹,ts o ¹¹,ts o ²¹³,s ɔy ²⁴²,tsʰ ɔ ²²,ts w o ²³,ts w o ⁵³,ts w ɤ ³¹,kʰ w i ²¹³,tsʰ o ¹¹,tsʰ o ³³,tsʰ o ²¹,ts o ⁴⁴,ts w ɔ ³³⁴,z əu ²³¹,ts w ɤ ⁴⁵,z o ²⁴,ts w o ⁴⁴,ts e ²²
202_heartcompound,ɕ i n ⁵⁵ + ts ɑ ŋ ⁵¹,ɕ i n ³³ + ts a n ¹¹,ɕ i n ⁴⁵,s i ŋ ⁵⁵ + ŋ ou ŋ ²⁴²,s ɐ m ⁵³ + ts ɔ ŋ ²²,ɕ i ŋ ⁴² + ts ɑ ŋ ²¹,ɕ i n ⁴⁴ + ts a ŋ ⁵³,ɕ j ẽ ²¹³ + ts ɑ ŋ ²¹,ɕ j ɑ̃ ⁵⁵ + tsʰ ɔ ³¹,ɣ w ẽ ¹³ + ɕ i n ⁴⁴,s i m ³³ + tsʰ o ŋ ⁵³,ɕ i n ⁴² + ts ɔ ŋ ⁴²,ɕ i n ³¹ + ts ɑ̃ ⁴⁴,s i n ⁵² + ts a ŋ ³³⁴,s i n ⁴⁴ + z ɑ̃ ⁴⁴,ɕ i n ²¹ + ts ɒ̃ ⁴⁵,s a ŋ ⁴⁴ + z w ɔ ²²,ɕ j ẽ ²¹ + ts ɑ ŋ ⁴⁴,s i m ⁵⁵ + ts ɔ ŋ ²²
20_fight,t ɑ ²¹⁴ + tɕ j ɑ ⁵¹,t a ⁴¹ + tɕ j a ⁵⁵,t a ⁵³ + tɕ j a ²¹³,s ou ŋ ⁵⁵ + pʰ a ʔ ²¹,t a ³⁵ + k au ⁵⁵,t ɑ ²³ + k ɑ ²⁵,t a ²¹³ + tɕ j a ⁵³,t a ⁴⁵ + tɕ j a ²¹,t ɔ ²¹³ + k o ³⁵,t a ⁴² + tɕ j ɔ ³⁵,t a ³¹ + k au ³³ + e ⁰,t a ²¹³ + k a ⁴⁵,t ɑ ¹¹ + tɕ j ɑ ⁴⁴,t a ²¹⁴ + ʈʂ a ŋ ³³⁴,t ã ⁵² + s j ã ⁴⁴ + t ã ⁵²,t a ⁵³ + tɕ j a ⁴⁵,t j ə ²⁴² + tsʰ ɿ ⁰,t ɑ ⁵³ + pfʰ ei ²⁴,s io ⁵⁵ + pʰ a ʔ ³²
21_hunt,t a̠ ²¹³ + l j ɛ ⁵¹,t a ⁴¹ + l j ẽ ²⁴,t a ⁵³ + l j e ²¹,t a ³² + l a ʔ ⁵,t a ³⁵ + l i p ²,t ɑ ²³ + l j e ²³,t a ²¹³ + l j ɛ ⁵³,t a ⁴⁵ + l j ə ²¹,t ɔ ²¹³ + ɲ j a ʔ ³²,k w ã ⁴² + s ã ⁴⁴,t a ³¹ + l j a p ⁵,t a ²¹³ + l j ɛ t ⁵,t ɑ ¹¹ + l j e ʔ ⁵,t a ²¹⁴ + l j ɛ ³³⁴,t ã ⁵² + l a ʔ ²³,t a ⁵³ + l j ə ʔ ²,t j ɛ ²⁴² + l j ɛ ²¹,t ɑ ⁵³ + l j ɛ ²¹,pʰ a ʔ ³² + l a ʔ ³²
22_big,t ɑ ⁵¹,t ai ¹¹,t a ²¹³,t w ai ²⁴²,t ai ²²,t ai ²¹,t a ⁵³,t a ³¹,tʰ ɵ ³¹,d a ¹¹,tʰ ai ⁵³,tʰ ai ²¹,t ɑ ⁴⁴,t a ³³⁴,d əu ²³¹,t a ⁴⁵,d ɤu ²²,t ɑ ⁴⁴,t w a ²²
23_dull,t ɛ ⁵⁵,ŋ ai ¹³,p ə n ²¹³,ts u ⁵³,p ɐ n ²²,t ai ⁴²,p ə n ⁵³,t ɛ ²¹⁴,pʰ õ ³¹,ŋ e ¹³,p u n ⁵³,t ai ⁴²,t ɛ ³¹,p j au ⁵²,ŋ e̞ ¹³,t ai ²¹,ŋ e ³⁴¹,t ɛ ²¹,kʰ a m ⁵³
24_fall,t j ɑu ⁵¹,t j au ¹¹,t j au ²¹³,t ɔu ŋ ²⁴²,l ɔ k ²,t j ɑu ²⁵,t j au ⁵³,t j ɔ ³¹,n o ʔ ³²,s w a ¹³,l o k ⁵,t j ɛ t ⁵,t j ɔ ⁴⁴,t j au ³³⁴,d ə ʔ ²³,t j au ⁴⁵,d a ŋ ²²,t j ɑu ⁴⁴,l a k ³²
25_animal,t u ŋ ⁵¹ + u ⁵¹,t o ŋ ¹¹ + u ²⁴,t o ŋ ²¹³ + u ²¹,s i ²¹² + kʰ a ⁵⁵ + β a ⁵³,t o ŋ ³³ + m ɐ t ²,t ɤ ŋ ²⁵ + u ²²,t u ŋ ⁵³ + u ⁰,t u ŋ ³¹ + u ⁰,tʰ ɑ̃ ²¹³ + v ɤ ʔ ³²,d ɤ n ¹¹ + u ³⁵,tʰ u ŋ ⁵³ + v u t ⁵,tʰ u ŋ ²¹ + u ⁰,t o ŋ ⁴⁴ + u ʔ ⁵,t o ŋ ³³⁴ + u ³³⁴,ts o ŋ ⁴⁴ + s ã ⁴⁴,t u ŋ ⁴⁵ + v ə ⁰,d o ŋ ²⁴ + v ai ²²,t u ŋ ⁴⁴ + v o ²¹,t ɔ ŋ ²² + b u t ⁵
26_belly,t u ⁵¹ + tsʰ ɿ ⁰,t əu ⁵⁵ + ts ɿ ⁰,t u ²¹³ + ts ɿ ⁵³,p u ʔ ²⁴ + l o ³²,tʰ ou ²³,t u ²³ + ts e ²³,t u ⁵³ + ts w ɿ ⁰,t u ³¹ + ts ɿ ⁰,tʰ u ²¹³ + ts ɿ ⁰,t ɤu ⁴² + ts ɿ ⁰,t u ³¹,t u ²¹³ + ts ɿ ⁰,t u ⁴⁴ + ts ɿ ⁰,t u ³³⁴ + ts ɿ ⁰,d əu ²³¹ + b i ¹³,t u ⁴⁵ + ts ə ʔ ⁰,d øy ²⁴,t ou ⁴⁴ + ts ɿ ⁰,p a k ³² + t ɔ ⁵³
27_short,t w a n ²¹⁴,t õ ⁴¹,t w a n ⁵³,t øy ³²,t y n ³⁵,t w ã ²³,t w a n ²¹³,t w æ̃ ⁴⁵,t ɑ̃ ²¹³,t w ẽ ⁴²,t o n ³¹,t o n ²¹³,t w ɑ̃ ¹¹,t ɐ n ²¹⁴,t ø ⁵²,t w æ̃ ⁵³,t ø ²⁴,t w æ̃ ⁵³,t e ⁵³
28_correct,t w ei ⁵¹,t ei ⁵⁵,t w ei ²¹³,m o ⁵³ + l a ŋ ²⁴²,t øy ³³,t ei ²⁵,t w ei ⁵³,t w ei ³¹,t a ³⁵,t w e ³⁵,t w i ⁵³,t w i ⁴⁵,t w ei ⁴⁴,t ei ³³⁴,t e̞ ⁴¹²,t w ei ⁴⁵,t ai ⁵¹,t w ei ⁴⁴,t w i ²¹
29_many,t w o ⁵⁵,t o ³³,t o ⁴⁵,s a ²⁴²,t ɔ ⁵³,t w o ⁴²,t w o ⁴⁴,t w ɤ ²¹⁴,t ɵ ⁵⁵,t o ⁴⁴,t o ³³,t o ⁴²,t o ³¹,t w ɔ ⁵²,t əu ⁴⁴,t w o ²¹,t ɤu ⁴⁴,t w o ²¹,ts w e ²²
2_back,p ei ⁵¹,p ei ⁵⁵,p ei ²¹³,pʰ j a ŋ ⁵⁵,p w i ³³,p ei ²⁵,p ei ⁵³,p ei ³¹,p a ³⁵,p e ³⁵,p oi ⁵³,p ei ⁴⁵ + tɕ j a ʔ ⁰,p ei ⁴⁴,p ei ⁵²,p e̞ ⁴¹²,p ei ⁴⁵,p ai ⁴² + dʑ i ²⁴ + s a ŋ ⁴⁴,tɕ i ²¹ + p ei ²⁴,k a ⁵⁵ + ts j a ʔ ³²
30_ear,ə ²¹⁴,ə ⁴¹,ə ⁵³,ŋ ɛi ²⁴²,i ²³ + ts ɐi ³⁵,y ²³ + t u ²³,ə ²¹³ + t w o ⁰,ə ⁴⁵ + t w ɤ ⁰,ẽ ²¹³ + t ɵ ²¹³,ɤ ⁴² + t ɤ ⁰,ŋ i ³¹ + k u ŋ ³³,ɵ ²¹³ + t ɔ ⁰,ə ¹¹ + t o ⁴⁴,ə ²¹⁴ + t ə ⁰,ɲ ²³¹ + t əu ⁵²,ə ⁵³,ŋ̍ ²⁴ + t o ²⁴²,ə ⁵³,h i ²² + j a ⁵³
31_two,ə ⁵¹,ə ¹¹,ə ²¹³,n ɛi ²⁴²,i ²²,i ²¹,ə ⁵³,ə ³¹,ẽ ³¹,ɤ ¹¹,ŋ i ⁵³,ɵ ²¹,ə ⁴⁴,ə ³³⁴,l j ã ²³¹,ə ⁴⁵,l j ə ²¹,ə ⁴⁴,l ŋ̍ ²²
32_fly,f ei ⁵⁵,f ei ³³,f ei ⁴⁵,p w oi ⁵⁵,f ei ⁵³,f ei ⁴²,f ei ⁴⁴,f ei ²¹⁴,f i ⁵⁵,x w i ⁴⁴,f i ³³,f ɨi ⁴²,f ei ³¹,f e ⁵²,f i ⁴⁴,f ei ²¹,f ei ⁴⁴,f ei ²¹,p e ⁵⁵
33_wind,f ə ŋ ⁵⁵,x ə n ³³,f o ŋ ⁴⁵,h u ŋ ⁵⁵,f o ŋ ⁵³,f ɤ ŋ ⁴²,f ə ŋ ⁴⁴,f ɛ n ²¹⁴,f ɑ̃ ⁵⁵,x ɤ n ⁴⁴,f u ŋ ³³,f u ŋ ⁴²,f ə n ³¹,f ə ŋ ⁵²,f o ŋ ⁴⁴,f ə ŋ ²¹,h o ŋ ⁴⁴,f ə ŋ ²¹,h ɔ ŋ ⁵⁵
34_sew,f ə ŋ ³⁵,x ə n ¹³,f o ŋ ²¹,pʰ u ŋ ⁵³ + ɛi ŋ ²⁴²,l y n ²¹,f ɤ ŋ ²²,f ə ŋ ²⁴,f ə ŋ ⁵³,f ɑ̃ ⁴⁴,ɣ ɤ n ¹³,pʰ u ŋ ¹¹,f u ŋ ⁴⁵,f ə n ¹³,f ə ŋ ³⁵,v o ŋ ¹³,f ə ŋ ²¹,l e ŋ ²²,f ə ŋ ²⁴,tʰ j æ ²²
35_rotten,f u ²¹⁴ + l a n ⁵¹,f u ⁴¹ + l a n ¹¹,l a n ²¹³,p ou ²⁴²,l a n ²²,f u ²³ + l ã ²¹,f u ²¹³ + l a n ⁵³,f u ²¹⁴ + l æ̃ ⁰,n ɔ ³¹,x u ⁴² + l ã ¹¹,f u ³¹ + l a n ⁵³,f u ²⁴ + l a n ²¹,l ɑ̃ ⁴⁴,l ɐ n ³³⁴ + l ə ⁰,l e̞ ²³¹,f u ⁵³ + l æ̃ ⁴⁵,l a ²² + tsʰ ɿ ⁰,l æ̃ ⁴⁴,n w ã ²²
36_father,p a̠ ⁵¹ + p a̠ ⁰,j a ¹³ + j a ⁰,p a ²¹³ + p a ²¹³,i ⁵⁵ + p a ⁵⁵,f u ²³,m ã ⁵⁵,p a ⁵³,f u ³¹ + tɕʰ j ẽ ⁰,p a ʔ ³² + p a ʔ ⁰,j ɔ ¹³,a ³³ + p a ³³,f u ²¹,t j e ³¹,t j ɛ ⁵²,t j ɑ ⁴⁴ + t j ɑ ⁴⁴,f u ⁴⁵,a ⁴¹ + p a ⁴⁴,f u ⁴⁴,l au ²² + p e ²²
37_dry,k a n ⁵⁵,k a n ³³,k a n ⁴⁵,k a ŋ ⁵⁵,k ɔ n ⁵³,k ã ²³,k a n ⁴⁴,k æ̃ ²¹⁴,k ɔ ⁵⁵,k ã ⁴⁴,k o n ³³,k o n ⁴²,k ɑ̃ ³¹,k ɐ n ³³⁴,k ø ⁴⁴,k æ̃ ²¹,s ə ⁵¹,k æ̃ ²¹,t a ⁵⁵
38_liver,k a n ⁵⁵,k a n ³³,t a n ⁵³,k a ŋ ⁵⁵,k ɔ n ⁵³,k w ɑ ⁴²,k a n ⁴⁴,k æ̃ ²¹³,k ɔ ⁵⁵,k w ẽ ⁴⁴,l o n ³³,k o n ⁴²,k ɑ̃ ³¹,k ɐ n ⁵²,k ø ⁴⁴,k æ̃ ²¹,k y ⁴⁴,t æ̃ ⁵³,k w ã ⁵⁵
39_give,k ei ²¹⁴,p a ⁴¹,k e ⁴⁵,kʰ øy ʔ ²⁴,kʰ ɐ p ⁵,t j a̠ ⁵⁵,k ei ²¹³,tɕ i ⁵³,x ɑ̃ ³⁵,n ɔ ⁴⁴ + s ɿ ³⁵,k i p ¹,p a ²¹³,tɕ i ¹¹,k ei ²¹⁴,p ə ʔ ⁴,k ei ⁵³,h a ⁵¹,k ei ⁵³,h o ²²
3_nose,p i ³⁵ + ts ɿ ⁰,p i ²⁴,p i ²¹ + ts ɿ ⁵³,pʰ ɛi ²¹²,p ei ²² + k ɔ ⁵⁵,p i ²² + kʰ ɤ n ²³,p i ²⁴ + ts ɿ ⁰,p i ⁵³ + ts ɿ ⁰,pʰ ɿ ³⁵ + kʰ u ɑ̃ ²¹³,pʰ i ¹¹ + d j ɤ ¹³,pʰ i ⁵³ + k u ŋ ³³,pʰ i t ²¹ + ts ɿ ⁰,p i ʔ ⁵ + ts ɿ ⁰,p i ³⁵ + ts ɿ ⁰,b ə ʔ ²³ + d ʏ ¹³,p j ə ʔ ⁵⁴,b ei ²¹ + d ɤu ³⁴¹,p i ²⁴ + ts ɿ ⁰,pʰ j æ ²² + j ã ⁵³
40_root,k ə ⁵⁵,k ə n ³³,k ə n ⁴⁵,k y ŋ ⁵⁵,k ɐ n ⁵⁵,k ɤ n ⁴²,k ə n ⁴⁴,k ẽ ²¹⁴,k ɑ̃ ⁵⁵,k ẽ ⁴⁴,k i n ³³,k j ɛ n ⁴²,k ə n ³¹,k ə n ⁵²,k ə n ⁴⁴,k ə ŋ ²¹,k y ⁴⁴,k ẽ ²¹,k u n ⁵⁵
41_dog,k ou ²¹⁴,k əu ⁴¹,k əu ⁵³,kʰ ɛi ŋ ³²,k ɐu ³⁵,k ai ²³,k ou ²¹³,k ou ⁴⁵,k i ²¹³,t j ɤ ⁴²,k eu ³¹,k j ɛu ²¹³,k əɯ ¹¹,k ou ²¹³,k ʏ ⁵²,k əu ⁵³,k au ²⁴²,k ou ⁵³,k au ⁵³
42_bone,k u ²¹⁴,k u ²⁴ + t əu ⁰,k u ²¹ + tʰ əu ²¹,k ɔu ʔ ²¹,k w ɐ t ⁵,k u ⁵⁵ + t ai ²²,k u ²¹³ + tʰ ou ⁰,k u ²¹⁴ + tʰ ou ⁰,k w ɤ ʔ ³²,k u ¹³ + d j ɤ ¹³,k u t ¹ + tʰ eu ¹¹,k u ʔ ⁵ + tʰ əu ⁰,k u ʔ ⁵ + tʰ əɯ ¹³,k u ²¹⁴ + tʰ ə ⁰,k w ə ʔ ⁴ + d ʏ ¹³,k w ə ʔ ² + t əu ⁰,k y ⁴² + d ɤu ³⁴¹,k u ²¹ + tʰ ou ⁰,k u t ³² + tʰ au ²⁴
43_stick,k w ə n ⁵¹,k w ə n ⁵⁵ + ts ɿ ⁰,k w ə m ²¹³ + k w ə ⁵⁵,k u ŋ ²¹² + k ou ŋ ²¹²,k w ɐ n ³³,k w ɤ ŋ ⁴² + ts e ²³,k w ə n ⁵³ + ts ɿ ⁰,k w ẽ ²¹ + ts ɿ ⁰,k w ɑ̃ ³⁵ + ts ɿ ⁵³,k u n ³⁵,k u n ⁵³ + n e ⁰,k u n ⁴⁵,k w ə n ⁴⁴ + ts ɿ ⁰,k w ə ³³⁴,b ɑ̃ ²³¹,k u ŋ ⁴⁵,b w ɔ ²⁴ + ŋ̍ ⁰,k w ə n ⁴⁴,tsʰ e ⁵³ + j a ⁵³
44_child,x ɛ ³⁵,x ai ¹³ + ts ɿ ⁰,w a ²¹ + w a ²¹,h a ⁵³ + i ⁵³,h ai ²¹,ɕ i ²⁵ + k w o ⁰ + ts e ²³,ɕ j au ²¹³ + x a ²⁴,x ɛ ⁵³ + ts ɿ ⁰,s ɿ ³⁵ + j ɑ̃ ⁴⁴ + k o ⁵³,ɕ i ³⁵ + k o ⁰ + dz e ⁰,s e ⁵³ + ŋ i n ¹¹ + n e ⁰,h ai ²⁴,w ɑ ¹³ + ə ⁰,x ai ³⁵ + ts ɿ ⁰,s j æ ⁵² + ɲ i n ¹³,x ai ²¹,m ai ⁴⁴ + m ai ⁴⁴,w ɑ ⁴⁴,i n ⁵³ + n a ⁵³
45_sea,x ɛ ²¹⁴,x ai ⁴¹,x ai ⁵³,h ai ³²,h ɔi ³⁵,x ai ²³,x ai ²¹³,x ɛ ⁴⁵,x a ²¹³,x w e ⁴²,h oi ³¹,h ai ²¹³,x ɛ ¹¹,x ai ²¹⁴,h e̞ ⁵²,x ai ⁵³,h e ²⁴,x ɛ ⁵³,h ai ⁵³
46_good,x ɑu ²¹⁴,x au ⁴¹,x au ⁵³,h o ³²,h ou ³⁵,x ɑu ²³,x au ²¹³,x ɔ ⁴⁵,x ɤ ²¹³,x ɤ ³⁵,h au ³¹,h au ²¹³,x ɔ ¹¹,p u ²¹⁴ + tsʰ au ³³⁴,h æ ⁵²,x au ⁵³,h ə ²⁴,x ɑu ⁵³,h o ⁵³
47_drink,x ɤ ⁵⁵,tɕʰ j a ²⁴,x o ⁴⁵,tsʰ w o ʔ ²⁴,j ɐ m ³⁵,x w o ⁵⁵,x ɤ ⁴⁴,x ɤ ²¹⁴,x ɤ ⁵⁵,tɕʰ j ɔ ¹³,s ə t ⁵,h o t ²,x o ʔ ⁵,x a ²¹⁴,tɕʰ j ə ʔ ⁴,x ə ʔ ²,h a ⁴¹,x w o ²¹,l i m ⁵⁵
48_and,x ɤ ³⁵,k ə n ³³,x o ²¹,k ɔy ŋ ²⁴²,w ɔ ²¹,k ɤ n ⁴²,x ɤ ²¹,x ɤ ⁵³,x ɵ ⁴⁴,ɣ o ¹³,tʰ u ŋ ¹¹,f o ⁴⁵,x o ¹³,x ɔ ³⁵,t a ʔ ⁴,x ɤ ²¹,kʰ w ɔ ⁵¹,x w o ²⁴,k a ʔ ³²
49_river,x ɤ ³⁵,x o ¹³,x o ²¹,o ⁵³,h ɔ ²¹,x w o ²²,x ɤ ²⁴,x ɤ ⁵³,x ɵ ⁴⁴,ɣ o ¹³,h o ¹¹,h o ²⁴,x o ¹³,x w ɔ ³⁵,ɦ əu ¹³,x ɤ ²¹,v u ³⁴¹,x w o ²⁴,kʰ w e ⁵⁵
4_ice,p i ŋ ⁵⁵,p i n ³³,p i n ⁴⁵,p i ŋ ⁵⁵,p e ŋ ⁵⁵,p i ŋ ⁴²,p i ŋ ⁴⁴,p i ŋ ²¹⁴,p j ɑ̃ ⁵⁵,k ɤ ³⁵ + n j ɔ̃ ¹³ + ts ɿ ⁰,p e n ³³,p i n ⁴²,p i n ³¹,p i ŋ ⁵²,p i n ⁴⁴,p i ŋ ²¹,p ə ŋ ⁴⁴,p i ŋ ²¹,p i ŋ ⁵⁵
50_river,tɕ j ɑ ŋ ⁵⁵,tɕ j a n ³³,tɕ j a ŋ ⁴⁵,k ɤ n ⁵⁵,k ɔ ŋ ⁵³,tɕ j ɑ ŋ ⁴²,tɕ j a ŋ ⁴⁴,tɕ j ɑ ŋ ²¹⁴,k õ ⁵⁵,t ɔ ŋ ⁴⁴,k o ŋ ³³,k ɔ ŋ ⁴²,tɕ j ɑ̃ ³¹,c j a ŋ ⁵²,k ɑ̃ ⁴⁴,tɕ j ɒ̃ ²¹,k w ɔ ⁴⁴,tɕ j ɑ ŋ ²¹,k a ŋ ⁵⁵
51_black,x ei ⁵⁵,x ə ²⁴,x e ²¹,u ⁵⁵,h ɐ k ³,x ei ⁵⁵,x ei ⁴⁴,x ei ²¹⁴,x ɤ ʔ ³²,x e ¹³,h e t ¹,h ɛ t ⁵,x e ʔ ⁵,x ɛ ²¹⁴,h ə ʔ ⁴,x ə ʔ ²,h e ⁴¹,x ei ²¹,ɔ ⁵⁵
52_red,x u ŋ ³⁵,x ə n ¹³,x o ŋ ²¹,øy ŋ ⁵³,h o ŋ ²¹,x ɤ n ²²,x u ŋ ²⁴,x u ŋ ⁵³,f ɑ̃ ⁴⁴,ɣ ɤ n ¹³,f u ŋ ¹¹,f u ŋ ⁴⁵,x o ŋ ¹³,x o ŋ ³⁵,ɦ o ŋ ¹³,x u ŋ ²¹,ɦ o ŋ ³⁴¹,x u ŋ ²⁴,a ŋ ²¹
53_thick,x ou ⁵¹,x əi ⁴¹,x əu ²¹³,k au ²⁴²,h ɐu ²³,x ai ²⁵ + ɕ i ²²,x ou ⁵³,x ou ³¹,x i ²¹³,ɣ ɤ ¹¹,pʰ u n ³³,h ɛu ²¹,x əɯ ⁴⁴,x ou ³³⁴,ɦ ʏ ²³¹,x əu ⁴⁵,g au ²⁴,x ou ⁴⁴,k au ²²
54_breathe,x u ⁵⁵ + ɕ i ⁵⁵,f u ³³ + tɕ i ²⁴,f u ⁴⁵ + ɕ i ²¹,h u ⁵⁵ + h ɛi ʔ ²⁴,f u ⁵⁵ + kʰ ɐ p ⁵,tsʰ w ã ²³ + tɕʰ i ²⁵,x u ⁴⁴ + ɕ i ⁴⁴,x u ²¹⁴ + ɕ i ²¹⁴,tʰ i ²¹³ + tsʰ ɿ ³⁵,tɕʰ y ¹³ + tɕʰ i ³⁵,tʰ eu ⁵³ + ç i ⁵³,f u ⁴² + ɕ i t ⁵,ʈʂʰ w ɑ̃ ¹¹ + tɕʰ i ⁴⁴,ʈʂʰ ɐ n ²¹⁴ + cʰ j ə ³³⁴,tʰ ʏ ⁵² + tɕʰ i ⁴¹²,tsʰ w ə ʔ ² + tɕʰ i ⁴⁵,tʰ au ²⁴² + tsʰ ɿ ⁵¹,x u ²¹ + ɕ i ²¹,h ɔ ⁵⁵ + kʰ i ⁵³
55_lake,x u ³⁵,f u ¹³,f u ²¹,h u ⁵³,u ²¹,f u ²²,x u ²⁴,x u ⁵³,f u ⁴⁴,x u ¹³,f u ¹¹,f u ⁴⁵,x u ¹³,x u ³⁵,ɦ əu ¹³,x u ²¹,v u ³⁴¹,x u ²⁴,ɔ ²⁴
56_flower,x w a ⁵⁵,f a ³³,x w a ⁴⁵,h w a ⁵⁵,f a ⁵⁵,f a̠ ⁴²,x w a ⁴⁴,x w a ²¹⁴,x o ⁵⁵ + n n̩ ⁰,x ɔ ⁴⁴,f a ³³ + v e ⁰,f a ⁴⁵,x w ɑ ³¹,x w a ⁵²,h o ⁴⁴,x w a ²¹,h o ⁴⁴,x w ɑ ²¹,h w e ⁵⁵ + j a ⁵³
57_bad,x ai ⁵¹,f ai ¹¹,x w ai ²¹³,pʰ ai ³²,w ai ²²,f ai ²¹,x w ai ⁵³,x w ɛ ³¹,v ɔ ³¹,ɣ w a ¹¹,f ai ⁵³,f ai ²¹,x w ɛ ⁴⁴,x w ai ³³⁴,tɕʰ j ʏ ⁴⁴,x w ai ⁴⁵,m ə ³⁴¹,x w ɛ ⁴⁴,pʰ ai ⁵³
58_yellow,x w ɑ ŋ ³⁵,w a n ¹³,x w a ŋ ²¹,w o ŋ ⁵³,w ɔ ŋ ²¹,w ɑ ŋ ²²,x w a ŋ ²⁴,x w ɑ ŋ ⁵³,õ ⁴⁴,ɣ ɔ ŋ ¹³,v o ŋ ¹¹,w ɔ ŋ ⁴⁵,x w ɑ̃ ¹³,x w a ŋ ³⁵,ɦ w ɑ̃ ¹³,x w ɒ̃ ²¹,ɦ w ɔ ³⁴¹,x w ɑ ŋ ²⁴,ŋ̍ ²⁴
59_ash,x w ei ⁵⁵,f ei ³³,x w ei ⁴⁵,h w oi ⁵⁵ + h w oi ⁵⁵,f w i ⁵³,f ei ⁴²,x w ei ⁴⁴,x w ei ²¹³,f a ⁵⁵,x w e ⁴⁴,f oi ³³,f ɨi ⁴²,x w ei ³¹,x w ei ⁵²,h w e̞ ⁴⁴,x w ei ²¹,f ai ⁴⁴,x w ei ²¹,h e ⁵⁵
5_neck,p o ³⁵ + ts ɿ ⁰,p o ¹³ + ts ɿ ⁰,tɕ i n ⁵³ + x a ŋ ⁵³,t au ²⁴² + ɔu ʔ ²⁴,k ɛ ŋ ³⁵,k ei ²³,p ɤ ²⁴ + ts ɿ ⁰,p ɤ ⁵³ + ts ɿ ⁰,kʰ i ³⁵ + tɕ j ɑ̃ ²¹³,tɕ j ɔ̃ ⁴² + k u ⁰,k j a ŋ ³¹ + k i n ³³,p ɔ ʔ ⁵ + ts ɿ ⁰,p o ʔ ⁵ + ts ɿ ⁰,p ɔ ³⁵ + k ə ŋ ²¹⁴ + ts ɿ ⁰,d ʏ ¹³ + tɕ i n ⁵²,p a ʔ ⁵⁴ + ts ə ʔ ⁰,d ɤu ³⁴¹ + tɕ j a ŋ ²⁴²,p o ²⁴ + ts ɿ ⁰,a m ²² + k u n ⁵³
60_livealive,x w o ³⁵ + t ɤ ⁰,x o ²⁴ + t i ⁰,x o ²¹ + l i ⁵⁵,w a ʔ ⁵ + k i ⁵³,s a ŋ ⁵³ + k ɛ ³³,x w o ²² + k ɤ ⁰ + t e ³³,x w o ²⁴ + t y ⁰,x w ɤ ⁵³ + t i ⁰,v o ʔ ³² + n o ʔ ³²,x w e ³⁵ + k ɤ ⁰,s a ŋ ³³ + ŋ e ⁵³,w o t ²¹ + k o ⁴²,x o ʔ ⁵ + t i ⁰,x w ɔ ³⁵ + t ə ⁰,ɦ w ə ²³ + k ə ʔ ⁴,x w ə ʔ ⁵⁴ + t ə ʔ ⁰,dʑ i ²² + g i ⁰,x w o ²⁴ + t i ⁰,w a ʔ ⁵ + e ⁰
61_fire,x w o ²¹⁴,x o ⁴¹,x o ⁵³,h w oi ³²,f ɔ ³⁵,x w o ²³,x w o ²¹³,x w ɤ ⁴⁵,x ɵ ²¹³,x o ⁴²,f o ³¹,f o ²¹³,x o ¹¹,x w ɔ ²¹⁴,h əu ⁵²,x w ɤ ⁵³,f u ²⁴²,x w o ⁵³,h e ⁵³
62_egg,tɕ i ⁵⁵ + t a n ⁵¹,tɕ i ³³ + t a n ¹¹,tɕ i ⁴⁵ + t a n ²¹³,k j e ⁵⁵ + l ɔu ŋ ²⁴²,k ɐi ⁵³ + t a n ²²,tɕ i ⁴² + t ã ²¹,tɕ i ⁴⁴ + t a n ⁵³,tɕ i ²¹⁴ + t æ̃ ⁴¹,ts ɿ ⁵⁵ + ts ɿ ²¹³,tɕ i ⁴⁴ + d ã ¹¹,k e ³³ + l o n ³¹,tɕʰ i ⁴² + tʰ a n ²¹,tɕ i ³¹ + t ɑ̃ ⁴⁴,c i ⁵² + t ɐ n ²¹⁴,tɕ i ⁴⁴ + d e̞ ²³¹,tɕ i ²¹ + t æ̃ ⁴⁵,ts ɿ ⁴⁴ + l a ŋ ²⁴,tɕ i ²¹ + t æ̃ ⁰,k w e ⁵⁵ + n ŋ̍ ²²
63_sharp,tɕ j ɛ n ⁵⁵,tɕ j a n ³³,tɕ j ɛ n ⁴⁵,ts j e ŋ ⁵⁵,ts i m ⁵³,tɕ j ã ⁴²,tɕ j a n ⁴⁴,tɕ j æ̃ ²¹⁴,ts ẽ ⁵⁵,tɕ j æ ⁴⁴,ts j a m ³³,tɕ j ɛ n ⁴²,tɕ j e n ³¹,ts j ɛ ⁵²,ts i ⁴⁴,tɕ j e ²¹,tɕ i ⁴⁴,tɕ j æ̃ ²¹,ts j a m ⁵⁵
64_horn,tɕ j ɑu ²¹⁴,tɕ j o ²⁴,tɕ ɥ o ²¹ + tɕ ɥ o ²¹,k øy ʔ ²⁴ + k oy ʔ ²⁴,k ɔ k ³,k ɑu ⁵⁵,tɕ j au ²¹³,tɕ ɥ ɤ ²¹⁴,k o ʔ ³²,k o ¹³,k o k ¹ + v e ⁰,k ɔ ʔ ⁵,k o ʔ ⁵,c ɥ ɔ ²¹⁴,k o ʔ ⁴,tɕ ɥ ə ʔ ²,k o ⁴¹,tɕ ɥ o ²¹,k a k ³²
65_foot,tɕ j ɑu ²¹⁴,tɕ j o ²⁴,tɕ ɥ o ²¹ + p ə ⁵³,kʰ a ⁵⁵,k œ k ³,ɕ y ⁵⁵ + t e ²²,tɕ j au ²¹³,tɕ ɥ ɤ ²¹⁴,tɕ ɥ o ʔ ³²,d j o ¹³,k j o k ¹,tɕ j o ʔ ⁵,tɕ j o ʔ ⁵,c ɥ ɔ ²¹⁴,tɕ j ɑ ʔ ⁴,tɕ j au ⁵³,tɕ j a ⁴¹,tɕ ɥ o ²¹,kʰ a ⁵⁵
66_freeze,tɕ j ɛ ³⁵ + p i ŋ ⁵⁵,tɕ j e ²⁴ + p i n ³³,tɕ j e ²¹ + p i n ⁴⁵,k j e ʔ ⁵ + p i ŋ ⁵⁵,k i t ³ + e ŋ ⁵⁵,tɕ j e ⁵⁵ + p i ⁴²,t u ŋ ⁵³ + p i ŋ ⁴⁴,tɕ j ə ²¹⁴ + p i ŋ ²¹⁴,tɕ j a ʔ ³² + p j ɑ̃ ⁵⁵,tɕʰ j ɔ ⁴² + k ɤ ³⁵,k e t ¹ + p e n ³³,tɕ j ɛ t ⁵ + p i n ⁴²,tɕ j e ʔ ⁵ + p i n ³¹,c j ɛ ²¹⁴ + p i ŋ ⁵²,tɕ j ə ʔ ⁴ + p i n ⁴⁴,tɕ j ə ʔ ² + p i ŋ ²¹,tɕ i ⁴¹ + p e ŋ ⁴⁴,tɕ j ɛ ²¹ + p i ŋ ²¹,k j a t ³² + p i ŋ ⁵⁵
67_near,tɕ i n ⁵¹,tɕ i n ⁴¹,tɕ i n ²¹³,k øy ŋ ²⁴²,k ɐ n ²²,tɕ i ŋ ²⁵,tɕ i n ⁵³,tɕ j ẽ ³¹,tɕʰ j ɑ̃ ²¹³,d i n ¹¹,kʰ j u n ⁵³,tɕʰ i n ²¹,tɕ i n ⁴⁴,c i n ³³⁴,dʑ i n ²³¹,tɕ i ŋ ⁴⁵,dz j a ŋ ²⁴,tɕ i n ⁴⁴,k u n ²²
68_cut,kʰ a n ²¹⁴,kʰ a n ⁴¹,kʰ a n ⁵³,tsʰ ɔy ²¹²,h ɐ m ³⁵,kʰ ã ²³,kʰ a n ²¹³,kʰ æ̃ ⁴⁵,ts o ʔ ³²,tɕ j o ³⁵,s a t ¹,kʰ a n ²¹³,kʰ ɑ̃ ¹¹,kʰ ɐ n ²¹⁴,ts e̞ ⁴⁴,kʰ æ̃ ⁵³,t ɤu ⁵¹,kʰ æ̃ ⁵³,kʰ a m ⁵³
69_see,kʰ a n ⁵¹ + tɕ j ɛ n ⁵¹,kʰ a n ⁵⁵ + tɕ j a n ⁵⁵,kʰ a n ²¹³ + t au ⁵³,kʰ a ŋ ²¹² + ŋ j e ŋ ²¹²,tʰ ɐi ³⁵ + k i n ³³,kʰ w ã ⁴² + tɕ j ã ⁴²,kʰ a n ⁵³ + tɕ j a n ⁰,kʰ æ̃ ³¹ + tɕ j æ̃ ⁰,kʰ ɔ ³⁵ + tɕ j e ³⁵,kʰ ẽ ³⁵ + tɕ j æ ³⁵,kʰ o n ⁵³ + k j a n ⁵³,kʰ o n ²¹³ + tɕ j ɛ n ⁴⁵,kʰ ɑ̃ ⁴⁴ + tɕ j e n ⁴⁴,kʰ ɐ n ³³⁴ + c j ɐ n ³³⁴,kʰ ø ⁵² + tɕ j ɪ ⁴¹²,kʰ æ̃ ⁴⁵ + tɕ j e ⁴⁵,tsʰ ɿ ⁴⁴ + dʑ j a ⁰,kʰ æ̃ ⁴⁴ + tɕ j æ̃ ⁰,kʰ w ã ²¹ + t j o ⁰
6_thin,p ɑu ³⁵,p o ²⁴,p o ²¹,p o ʔ ⁵,p ɔ k ²,p ɑu ²²,p ɤ ²⁴,p ɤ ⁵³,pʰ o ʔ ³²,pʰ o ¹¹,pʰ o k ⁵,pʰ ɔ ʔ ⁵,p o ʔ ⁵,p ɔ ³⁵,b o ʔ ²³,p ə ʔ ⁵⁴,b o ²³,p o ²⁴,p o ʔ ⁵
70_wide,kʰ w a n ⁵⁵,kʰ õ ³³,kʰ w a n ⁴⁵,kʰ w a ʔ ²⁴,f u n ⁵⁵,kʰ w ã ⁴²,kʰ w a n ⁴⁴,kʰ w æ̃ ²¹⁴,kʰ w ɔ ⁵⁵,kʰ w ẽ ⁴⁴,f a t ¹,kʰ w o n ⁴²,kʰ w ɑ̃ ³¹,kʰ w ɐ n ⁵²,kʰ w ə ʔ ⁴,kʰ w æ̃ ²¹,kʰ o ⁴¹,kʰ w æ̃ ²¹,kʰ w a ʔ ³²
71_tie,kʰ w ə n ²¹⁴,kʰ w ə n ⁴¹,kʰ w ɛ n ⁵³ + tɕʰ i ⁵³,kʰ u ŋ ³²,kʰ w ɐ n ³⁵,kʰ w ɤ ŋ ²²,kʰ w ə n ²¹³,kʰ w ẽ ⁴⁵,p õ ²¹³,kʰ u n ⁴²,kʰ u n ³¹,kʰ u n ²¹³,kʰ w ə n ¹¹,p a ŋ ²¹⁴,kʰ w ə n ⁵²,kʰ u ŋ ⁵³,ɦ o ²¹,kʰ w ẽ ⁵³,kʰ u n ⁵³
72_pull,l a̠ ⁵⁵,l a ³³,l a ⁴⁵,p ɛi ʔ ⁵,l ai ⁵³,tʰ w o ⁴²,l a ⁴⁴,l a ²¹⁴,l ɔ ⁵⁵,l a ⁴⁴,p a ŋ ³³,l a ⁴²,l ɑ ³¹,l a ²¹⁴,l ɑ ⁴⁴,l a ²¹,l a ⁴⁴,l ɑ ²¹,l a ⁵⁵
73_come,l ɛ ³⁵,l ai ¹³,l ai ²¹,l i ³²,l ɔi ²¹,l ai ²²,l ai ²⁴,l ɛ ⁵³,n a ⁴⁴,l e ¹³,l oi ¹¹,l ai ⁴⁵,n ɛ ¹³,l ai ³⁵,l e̞ ¹³,l ai ²¹,ts au ²⁴² + l o ⁰,l ɛ ²⁴,l ai ²⁴
74_old,l ɑu ²¹⁴,l au ⁴¹,l au ⁵³,l au ²⁴²,l ou ²³,l ɑu ²³,l au ²¹³,l ɔ ⁴⁵,n ɤ ²¹³,l ɤ ⁴²,l au ³¹,l au ²¹³,l ɔ ¹¹,l au ²¹⁴,l æ ²³¹,l au ⁵³,l ə ²⁴,l ɑu ⁵³,l au ²²
75_cold,l ə ŋ ²¹⁴,l ə n ⁴¹,n ə n ⁵³,k a ŋ ⁵³,l a ŋ ²³,l ei ²³,l ə ŋ ²¹³,l ə ŋ ⁴⁵,n ẽ ²¹³,n j ɔ̃ ⁴²,l a ŋ ³³,l a ŋ ²¹³,l ə n ¹¹,l ə ŋ ²¹⁴,l a ²³¹,l ə ŋ ⁵³,l j ɛ ²⁴²,l ə ŋ ⁵³,l i ŋ ⁵³
76_flow,l j ou ³⁵,l j əu ¹³,l j əu ²¹,l au ⁵³,l ɐu ²¹,l j ou ²²,l j ou ²⁴,l j ou ⁵³,n i ⁴⁴,l j o ¹³,l j u ¹¹,l j u ⁴⁵,tʰ ɑ̃ ¹¹,l j ou ³⁵,tʰ ɑ̃ ⁵²,l j əu ²¹,l ɤu ³⁴¹,l j ou ²⁴,l au ²⁴
77_path,l u ⁵¹,l əu ¹¹,n u ²¹³,t w o ²⁴²,l ou ²²,l u ²¹,l u ⁵³,l u ³¹,n u ³¹,l ɤu ¹¹,l u ⁵³,l u ²¹,l u ⁴⁴,t ɔ ³³⁴,l əu ²³¹,l u ⁴⁵,l øy ²²,l ou ⁴⁴,l ɔ ²²
78_green,l y ⁵¹,l əu ²⁴,n u ²¹,l w o ʔ ⁵,l o k ²,l j ou ⁵⁵,l y ⁵³,l y ³¹,n ɤ ʔ ²³,l ɤu ³⁵,l j u k ⁵,l j u ʔ ⁵,l u ʔ ⁵,l y ²¹⁴,l o ʔ ²³,l y ⁴⁵,l o ²¹,l j ou ²¹,l i k ⁵
79_full,m a n ²¹⁴,m õ ⁴¹,m a n ⁵³,k o ²¹² + l ou ŋ ⁵³,m u n ²³,m ã ²³,m a n ²¹³,m æ̃ ⁴⁵,m ɑ̃ ²¹³,m ẽ ⁴²,m a n ³³,m o n ²¹³,m ɑ̃ ¹¹,m ɐ n ²¹⁴,m ø ²³¹,m æ̃ ⁵³,m ø ²⁴²,m æ̃ ⁵³,m w ã ⁵³
7_not,p u ⁵¹,p u ²⁴,p u ²¹,i ŋ ⁵⁵,p ɐ t ⁵,p u ²²,p u ⁵³,p u ²¹⁴,p ɤ ʔ ³²,pʰ u ¹³,m m̩ ¹¹,pʰ ɨ t ⁵,p u ʔ ⁵,p u ²¹⁴,f ə ʔ ⁴,p ə ʔ ²,f u ²⁴,p u ²¹,b o ²⁴
80_name,m i ŋ ³⁵ + ts ɿ ⁰,m i n ¹³ + ts ɿ ⁰,m i n ²¹ + ts ɿ ²¹³,m j a ŋ ⁵³ + ʒ ɛi ²⁴²,m ɛ ŋ ²¹ + ts i ²²,m ei ²² + ts ɿ ²¹,m i ŋ ²⁴ + ts ɿ ⁰,m i ŋ ⁵³ + ts ɿ ⁰,m j ɑ̃ ⁴⁴ + tsʰ ɿ ³¹,m j ɔ̃ ¹³ + dz ɿ ¹¹,m j a ŋ ¹¹ + s ɿ ⁵³,m j a ŋ ⁴⁵ + ts ɿ ⁰,m i n ¹³ + s ɿ ⁰,m i ŋ ⁵² + ts ɿ ⁰,m i n ¹³ + z ɿ ²³¹,m i ŋ ²¹ + ts ɿ ⁴⁵,m e ŋ ³⁴¹ + z ɿ ²²,m i ŋ ²⁴ + ts ɿ ⁰,m j ã ²⁴ + l i ²²
81_mather,m i ²¹⁴ + tɕʰ i n ⁵⁵,m o ⁴¹ + tɕʰ i n ³³,m a ⁴⁵ + m a ⁵⁵,i ⁴⁴ + m a ⁴⁴,m ou ³⁵ + tsʰ ɐ n ⁵³,tɕ j a̠ ²³,m̩ ⁴⁴,m u ⁴⁵ + tɕ j ẽ ⁰,m ɔ ³¹ + m ɔ ⁰,m̩ ¹¹ + m a ⁴²,oi ³³ + j e ⁰,m u ²¹³ + tɕʰ i n ⁴²,m ɑ ³¹ + m ɑ ⁰,m a ⁵²,m̩ ⁴⁴ + m ɑ ⁴⁴,m u ⁵³ + tɕʰ i ŋ ²¹,a ⁴¹ + n a ⁴⁴,m a ²¹,a ⁵⁵ + b u ⁵³
82_holdtake,n a̠ ³⁵,l a ¹³,t ai ²¹,n j e ŋ ⁵⁵,l ɔ ³⁵,k ei ²²,n a ²⁴,n a ⁵³,t ɔ ⁵⁵,n ɔ ⁴⁴,n a ³³,l a ʔ ⁵,l ɑ ¹³,n a ⁵²,n o ¹³,n a ²¹,t o ²⁴²,n ɑ ²⁴,tʰ e ʔ ⁵
83_where,n a̠ ²¹⁴ + l i ²¹⁴,l a ⁴¹ + l i ⁰,n ə ⁵³,t j e ³² + n œ ³²,p i n ⁵⁵ + t ou ²²,l a̠ ²³ + x ɑ ŋ ³³,n a ²⁴ + l i ²¹³,n a ²¹³ + ɲ j ẽ ⁰,n a ²¹³ + x ɑ̃ ³⁵,l a ⁴² + l i ⁰,ŋ ai ⁵³ + j e ⁰,l a ²¹³ + l i ⁰,l ɑ ¹¹ + kʰ w ɛ ⁴⁴,n a ³⁵ + l i ²¹⁴,n o ¹³ + t a ʔ ⁰,n a ⁵³ + l ɛ ⁰,ɲ j au ²¹ + d w ɔ ²⁴,ɑ ⁵³ + t ɑ ²¹,t o ⁵⁵ + l o ʔ ⁵
84_that,n ɑ ⁵¹,l a ⁵⁵,n a ²¹³,h y ³²,n a ³³,l a̠ ²³,n a ⁵³,n a ³¹,n a ³¹,l o ¹¹,k e ⁵³,h e ²¹³,l ə ʔ ⁵,n j ɛ ³³⁴,k w e̞ ⁴⁴,v ai ⁵³,h e ²⁴,n ɑ ⁵³,h i t ³²
85_there,n a ⁵¹,l a ⁵⁵ + l i ⁴¹,n ə ²¹³,h u ⁵⁵ + w oi ²¹²,k ɔ ³³ + t ou ³³,l a̠ ²³ + k w o ⁰ + t i ²⁴ + f ɑ ŋ ⁴²,n a ⁵³,n a ³¹,n a ³¹ + n̩ ⁰,l o ¹¹ + l i ⁰,e ⁵³ + j e ⁰,l a ²¹³ + l i ⁰,l e ʔ ⁵ + kʰ w ɛ ⁴⁴,n j ɛ ³³⁴,w e̞ ⁴⁴ + m j ɪ ²³¹,n a ⁴⁵,b w ɔ ³⁴¹ + t a ⁴⁴,n ɑ ⁵³,h i t ³² + t e ²¹
86_man,n a n ³⁵ + ʐ ə n ³⁵,l a n ¹³ + ʐ ə n ¹³,n a n ²¹ + z ə n ²¹,t ou ŋ ²¹² + m w o ³² + n øy ŋ ⁵³,n a m ²¹ + l j ɐ n ²¹,l ã ²² + l i ŋ ²²,t a ⁵³ + l au ²¹³ + ɛ ²⁴ + m ə ⁰,n æ̃ ⁵³ + ʐ ẽ ⁰,n ɔ ⁴⁴ + n ɤ ⁰,n ã ¹³ + n i n ¹³ + k a ⁴⁴,n a m ¹¹ + m e ³³ + ŋ i n ¹¹,l a n ⁴⁵ + l ɨ n ⁰,l ɑ̃ ¹³ + ʐ ə n ¹³,n ɐ n ³⁵ + i n ⁰,n ø ¹³ + ɲ i n ¹³,n æ̃ ²¹ + z ə ŋ ²¹,n ø ³⁴¹ + ts ɿ ²⁴² + kʰ a ⁴¹,n æ̃ ²⁴ + ʐ ẽ ⁰,t a ²² + p ɔ ⁵⁵ + l a ŋ ²⁴
87_you,n i ²¹⁴,l i ⁴¹,ɲ i ⁵³,n y ³²,n ei ²³,l io ²³,n i ²¹³,ɲ i ⁴⁵,n̩ ²¹³,n̩ ⁴²,n̩ ¹¹,n̩ ²¹³,l i ¹¹,n i ²¹⁴,n e̞ ²³¹,n i ⁵³,ɲ i ²⁴,n i ⁵³,l i ⁵³
88_year,n j ɛ n ³⁵,ɲ j ẽ ¹³,ɲ j ɛ n ²¹,ts ai ³²,n i n ²¹,l j ã ²²,n j a n ²⁴,n j æ̃ ⁵³,ɲ j e ⁴⁴,n j æ ¹³,s e ⁵³,ɲ j ɛ n ⁴⁵,l j e n ¹³,n j ɐ n ⁵²,ɲ j ɪ ¹³,n j e ²¹,ɲ i ³⁴¹,n j æ̃ ²⁴,h e ²² + tʰ au ²⁴
89_bird,n j ɑu ²¹³,ɲ j au ⁴¹,tɕʰ ɥ o ²¹ + ə ⁵⁵,ts ɛu ³²,n j u ²³,t j ɑu ²³,n j au ²¹³,ɲ j ɔ ⁴⁵,ɲ j e ²¹³,t j ɤ ⁴² + tɕ i ³⁵,t j au ³³ + v e ⁰,ɲ j ɛu ²¹³,l j ɔ ¹¹,tsʰ ɥ ɔ ³⁵,t j æ ⁵²,n j au ⁵³,t j ɛ ²⁴² + ŋ̍ ⁰,tɕʰ j ɑu ⁵³,ts j au ⁵³
8_rub,tsʰ ɑ ⁵⁵,tsʰ a ²⁴,tsʰ a ²¹,k a ŋ ³²,tsʰ a t ³,m ɑ ⁵⁵,tsʰ a ⁴⁴,tsʰ a ²¹⁴,tsʰ a ʔ ³²,kʰ a ¹³,m a t ¹,tsʰ a ʔ ⁵,tsʰ ɑ ʔ ⁵,tsʰ a ²¹⁴,kʰ ɑ ⁴⁴,tsʰ a ʔ ²,tsʰ a ⁴¹,tsʰ ɑ ²¹,tsʰ i t ³²
90_woman,n y ²¹⁴ + ʐ ɛ n ³⁵,ɲ y ⁴¹ + ʐ ə n ⁰,ɲ y ⁵³ + z ə n ²¹,i ⁵⁵ + ts j a ³²,n øy ²³ + j ɐ n ²¹,l y ²³ + l i ŋ ²³,n j a ŋ ²⁴ + m ə ⁰,ɲ y ⁴⁵ + ʐ ẽ ⁵³,ɲ y ²¹³ + n ɤ ⁰,n y ⁴² + n i n ¹³ + k a ⁰,m oi ⁵³ + j e ⁰ + ŋ i n ¹¹,ɲ y ²¹³ + kʰ a ʔ ⁵,l i ³¹ + ʐ ə n ¹³,n y ²¹³ + i n ⁵²,ɲ y ²³¹ + ɲ i n ¹³,n y ⁵³ + z ə ŋ ²¹,l ə ²⁴ + ɲ j a ŋ ³⁴¹ + kʰ a ⁴¹,n y ⁵³ + ʐ ẽ ⁰,ts a ⁵⁵ + b ɔ ⁵³ + l a ŋ ²⁴
91_vomit,tʰ u ⁵¹,tʰ u ⁵⁵,f a ²¹ + tʰ u ⁵³ + l o ²¹,tʰ ou ²¹²,ŋ ɐu ³⁵ + tʰ ou ³³,tʰ u ²⁵,tʰ u ⁵³,tʰ u ³¹,f ɔ ⁵⁵ + ŋ o ʔ ³²,x w e ⁴²,pʰ o n ³³,ŋ j ɛu ²¹³,tʰ u ⁴⁴,ou ²¹³ + tʰ u ²¹⁴,ʏ ⁵²,tʰ u ⁵³ + l ə ⁰,tʰ øy ⁵¹,ŋ ou ²¹ + tʰ u ⁵³,tʰ o ²¹
92_fear,pʰ a̠ ⁵¹,pʰ a ⁵⁵,pʰ a ²¹³,k j a ŋ ⁵⁵,pʰ a ³³,pʰ a̠ ²⁵,pʰ a ⁵³,pʰ a ³¹,pʰ o ³⁵,pʰ ɔ ³⁵,pʰ a ⁵³,pʰ a ²¹³,pʰ ɑ ⁴⁴,pʰ a ³³⁴,pʰ o ⁴¹²,pʰ a ⁴⁵,h o ⁴¹,pʰ ɑ ⁴⁴,k j ã ⁵⁵
93_skin,pʰ i ³⁵ + f u ⁰,p i ¹³ + f u ³³,pʰ i ²¹ + pʰ i ²¹,pʰ w oi ⁵³ + u ⁵⁵,pʰ ei ²¹ + f u ⁵³,p i ²² + f u ⁴²,ʐ ou ⁵³ + pʰ j ə ²⁴,pʰ i ⁵³ + f u ²¹⁴,pʰ ɿ ⁴⁴,pʰ i ¹³,pʰ i ¹¹,pʰ i ²⁴ + f u ⁰,pʰ i ¹³ + f u ³¹,pʰ i ³⁵ + f u ⁵²,b i ¹³ + f u ⁴⁴,pʰ i ²¹ + f u ²¹,b ei ³⁴¹ + f u ⁴⁴,pʰ i ²⁴,pʰ e ²¹
94_float,pʰ j ɑu ⁵⁵ + f u ³⁵,pʰ j au ³³ + f u ⁰,pʰ j au ⁴⁵,pʰ j eu ⁵⁵ + l ɛ ³²,pʰ j u ⁵³ + f ɐu ²¹,f u ²² + t ɑu ²³,pʰ j au ⁴⁴ + f u ²⁴,pʰ j ɔ ²¹⁴ + f u ⁵³,f u ⁴⁴,b ɤ ¹³,f eu ¹¹,pʰ j ɛu ⁴²,pʰ j ɔ ³¹ + f u ¹³,pʰ j au ⁵² + f u ³⁵,tʰ ə n ⁵²,pʰ j ɑu ²¹,v ə ³⁴¹,pʰ j au ²¹,pʰ u ²⁴
95_smooth,pʰ i ŋ ³⁵,p i n ¹³,pʰ i n ²¹,p a ŋ ⁵³,pʰ ɛ ŋ ²¹,p ei ²²,pʰ i ŋ ²⁴,pʰ i ŋ ⁵³,pʰ j ɑ̃ ⁴⁴,pʰ j ɔ ¹³,pʰ j a ŋ ¹¹,pʰ i n ²⁴,pʰ i n ¹³,pʰ i ŋ ³⁵,b i n ¹³,pʰ i ŋ ²¹,b e ŋ ³⁴¹,pʰ i ŋ ²⁴,p j æ ²⁴
96_wife,tɕʰ i ⁵⁵ + ts ɿ ⁰,tɕʰ i ³³ + ts ɿ ⁰,l au ⁵³ + pʰ o ²¹,l o ³² + l j eu ³²,tsʰ ɐi ⁵³ + ts i ³⁵,l ɑu ²³ + p w o ²²,l au ²¹³ + pʰ ɤ ⁰,tɕʰ i ²¹³ + ts ɿ ⁰,n ɤ ²¹³ + y ³¹,tʰ ɔ ŋ ¹³ + k e ¹³,l au ³¹ + pʰ o ¹¹,tɕʰ i ⁴² + ts ɿ ⁰,l ɔ ¹¹ + pʰ o ¹³,l au ²¹³ + pʰ ə ⁰,k ɑ ⁴⁴ + ts ʯ ⁵² + b u ¹³,l au ⁵³ + pʰ ɤ ²¹,l ə ²⁴ + y ⁴⁴,ɕ i ²¹ + f u ⁰,b ɔ ⁵³
97_all,tɕʰ ɥ ɛ n ³⁵ + p u ⁵¹,tɕʰ ɥ ẽ ¹³ + p u ¹¹,tɕʰ ɥ a n ²¹ + p u ²¹³,k o ²¹² + l ou ŋ ⁵³ + ŋ a ²⁴²,tsʰ y n ²¹ + p ou ²²,tɕ ɥ ã ²² + p u ²¹,tɕʰ ɥ a n ²⁴ + p u ⁵³,tɕʰ ɥ æ̃ ⁵³ + p u ³¹,tɕʰ ɥ ẽ ⁴⁴ + pʰ u ³¹,dz w ĩ ¹³ + b u ¹¹,tɕʰ j e n ¹¹ + pʰ u ⁵³,tɕʰ ɥ o n ²⁴ + p u ⁰,tɕʰ ɥ e n ¹³ + p u ⁴⁴,tsʰ j ɐ n ³⁵ + p u ³³⁴,z j ɪ ¹³ + b u ²³¹,tɕʰ ɥ e ²¹ + p u ⁴⁵,j y ³⁴¹ + b u ²⁴,tsʰ w æ̃ ²⁴ + p u ⁴⁴,ts w a n ²⁴ + p ɔ ²²
98_hot,ʐ ɤ ⁵¹,ɥ e ²⁴,z e ²¹,j e ʔ ⁵,i t ²,l j e ⁵⁵,ʐ y ⁵³,ʐ y ³¹,ɲ j a ʔ ³²,j e ¹³,s au ³³,l ɛ t ⁵,ʐ e ʔ ⁵,j ɛ ²¹⁴,ɲ j ɛ ʔ ²³,z ə ʔ ²,ɲ i ²¹,ʐ ɤ ²¹,l j a t ⁵
99_person,ʐ ə n ³⁵,ʐ ə n ¹³,z ə n ²¹,n øy ŋ ⁵³,j ɐ n ²¹,l i ŋ ²²,i n ²⁴,ʐ ẽ ⁵³,j ɑ̃ ⁴⁴,n i n ¹³,ŋ i n ¹¹,l ɨ n ⁴⁵,ʐ ɛ n ¹³,i n ⁵²,ɲ i n ¹³,z ə ŋ ²¹,n a ŋ ³⁴¹,ʐ ẽ ²⁴,l a ŋ ²⁴
9_grass,tsʰ au ²¹⁴,tsʰ au ⁴¹,tsʰ au ⁵³,tsʰ au ³²,tsʰ ou ³⁵,tsʰ ɑu ²³,tsʰ au ²¹³,tsʰ ɔ ⁴⁵,tsʰ ɤ ²¹³,tsʰ ɤ ⁴²,tsʰ au ³¹,tsʰ au ²¹³,tsʰ ɔ ¹¹,tsʰ au ²¹⁴,tsʰ æ ⁵²,tsʰ au ⁵³,tsʰ ə ²⁴²,tsʰ ɑu ⁵³,tsʰ au ⁵³
